Selected GPU: cuda:0
Loading CelebA dataset from /data/CPE_487-587/img_align_celeba.zip...
Total images: 202599  Using: 4051 (2.0%)

Model: Diffusion
Epochs: 1000  Batch size: 128  LR: 0.0001  Save every: 10 epochs
Trainer initialized for: Diffusion
Epoch [1/1000]  Loss: 0.9596
Epoch [2/1000]  Loss: 0.8630
Epoch [3/1000]  Loss: 0.7531
Epoch [4/1000]  Loss: 0.6468
Epoch [5/1000]  Loss: 0.5504
Epoch [6/1000]  Loss: 0.4617
Epoch [7/1000]  Loss: 0.3909
Epoch [8/1000]  Loss: 0.3315
Epoch [9/1000]  Loss: 0.2776
/home/vd0034/shallow_learning/src/shallow_learning/deepl/gen_model.py:406: UserWarning: # 'dynamic_axes' is not recommended when dynamo=True, and may lead to 'torch._dynamo.exc.UserError: Constraints violated.' Supply the 'dynamic_shapes' argument instead if export is unsuccessful.
  torch.onnx.export(self.model.unet, (dummy_x, dummy_t), filename,
W0417 16:43:57.865000 2976908 torch/onnx/_internal/exporter/_schemas.py:455] Missing annotation for parameter 'input' from (input, boxes, output_size: 'Sequence[int]', spatial_scale: 'float' = 1.0, sampling_ratio: 'int' = -1, aligned: 'bool' = False). Treating as an Input.
W0417 16:43:57.866000 2976908 torch/onnx/_internal/exporter/_schemas.py:455] Missing annotation for parameter 'boxes' from (input, boxes, output_size: 'Sequence[int]', spatial_scale: 'float' = 1.0, sampling_ratio: 'int' = -1, aligned: 'bool' = False). Treating as an Input.
W0417 16:43:57.866000 2976908 torch/onnx/_internal/exporter/_schemas.py:455] Missing annotation for parameter 'input' from (input, boxes, output_size: 'Sequence[int]', spatial_scale: 'float' = 1.0). Treating as an Input.
W0417 16:43:57.867000 2976908 torch/onnx/_internal/exporter/_schemas.py:455] Missing annotation for parameter 'boxes' from (input, boxes, output_size: 'Sequence[int]', spatial_scale: 'float' = 1.0). Treating as an Input.
/home/vd0034/.local/share/uv/python/cpython-3.12.12-linux-x86_64-gnu/lib/python3.12/copyreg.py:99: FutureWarning: `isinstance(treespec, LeafSpec)` is deprecated, use `isinstance(treespec, TreeSpec) and treespec.is_leaf()` instead.
  return cls.__new__(cls, *args)
Epoch [10/1000]  Loss: 0.2489
[torch.onnx] Obtain model graph for `DiffusionUNet([...]` with `torch.export.export(..., strict=False)`...
[torch.onnx] Obtain model graph for `DiffusionUNet([...]` with `torch.export.export(..., strict=False)`... ✅
[torch.onnx] Run decomposition...
[torch.onnx] Run decomposition... ✅
[torch.onnx] Translate the graph into ONNX...
[torch.onnx] Translate the graph into ONNX... ✅
ONNX saved to /home/vd0034/shallow_learning/scripts/output_genmodel/diffusion/diffusion_epoch10.onnx
Epoch [11/1000]  Loss: 0.2135
Epoch [12/1000]  Loss: 0.1958
Epoch [13/1000]  Loss: 0.1874
Epoch [14/1000]  Loss: 0.1743
Epoch [15/1000]  Loss: 0.1653
Epoch [16/1000]  Loss: 0.1587
Epoch [17/1000]  Loss: 0.1584
Epoch [18/1000]  Loss: 0.1605
Epoch [19/1000]  Loss: 0.1559
/home/vd0034/shallow_learning/src/shallow_learning/deepl/gen_model.py:406: UserWarning: # 'dynamic_axes' is not recommended when dynamo=True, and may lead to 'torch._dynamo.exc.UserError: Constraints violated.' Supply the 'dynamic_shapes' argument instead if export is unsuccessful.
  torch.onnx.export(self.model.unet, (dummy_x, dummy_t), filename,
W0417 16:44:20.628000 2976908 torch/onnx/_internal/exporter/_schemas.py:455] Missing annotation for parameter 'input' from (input, boxes, output_size: 'Sequence[int]', spatial_scale: 'float' = 1.0, sampling_ratio: 'int' = -1, aligned: 'bool' = False). Treating as an Input.
W0417 16:44:20.629000 2976908 torch/onnx/_internal/exporter/_schemas.py:455] Missing annotation for parameter 'boxes' from (input, boxes, output_size: 'Sequence[int]', spatial_scale: 'float' = 1.0, sampling_ratio: 'int' = -1, aligned: 'bool' = False). Treating as an Input.
W0417 16:44:20.630000 2976908 torch/onnx/_internal/exporter/_schemas.py:455] Missing annotation for parameter 'input' from (input, boxes, output_size: 'Sequence[int]', spatial_scale: 'float' = 1.0). Treating as an Input.
W0417 16:44:20.630000 2976908 torch/onnx/_internal/exporter/_schemas.py:455] Missing annotation for parameter 'boxes' from (input, boxes, output_size: 'Sequence[int]', spatial_scale: 'float' = 1.0). Treating as an Input.
/home/vd0034/.local/share/uv/python/cpython-3.12.12-linux-x86_64-gnu/lib/python3.12/copyreg.py:99: FutureWarning: `isinstance(treespec, LeafSpec)` is deprecated, use `isinstance(treespec, TreeSpec) and treespec.is_leaf()` instead.
  return cls.__new__(cls, *args)
Epoch [20/1000]  Loss: 0.1408
[torch.onnx] Obtain model graph for `DiffusionUNet([...]` with `torch.export.export(..., strict=False)`...
[torch.onnx] Obtain model graph for `DiffusionUNet([...]` with `torch.export.export(..., strict=False)`... ✅
[torch.onnx] Run decomposition...
[torch.onnx] Run decomposition... ✅
[torch.onnx] Translate the graph into ONNX...
[torch.onnx] Translate the graph into ONNX... ✅
ONNX saved to /home/vd0034/shallow_learning/scripts/output_genmodel/diffusion/diffusion_epoch20.onnx
Epoch [21/1000]  Loss: 0.1452
Epoch [22/1000]  Loss: 0.1394
Epoch [23/1000]  Loss: 0.1354
Epoch [24/1000]  Loss: 0.1326
Epoch [25/1000]  Loss: 0.1276
Epoch [26/1000]  Loss: 0.1261
Epoch [27/1000]  Loss: 0.1207
Epoch [28/1000]  Loss: 0.1222
Epoch [29/1000]  Loss: 0.1223
/home/vd0034/shallow_learning/src/shallow_learning/deepl/gen_model.py:406: UserWarning: # 'dynamic_axes' is not recommended when dynamo=True, and may lead to 'torch._dynamo.exc.UserError: Constraints violated.' Supply the 'dynamic_shapes' argument instead if export is unsuccessful.
  torch.onnx.export(self.model.unet, (dummy_x, dummy_t), filename,
W0417 16:44:40.561000 2976908 torch/onnx/_internal/exporter/_schemas.py:455] Missing annotation for parameter 'input' from (input, boxes, output_size: 'Sequence[int]', spatial_scale: 'float' = 1.0, sampling_ratio: 'int' = -1, aligned: 'bool' = False). Treating as an Input.
W0417 16:44:40.562000 2976908 torch/onnx/_internal/exporter/_schemas.py:455] Missing annotation for parameter 'boxes' from (input, boxes, output_size: 'Sequence[int]', spatial_scale: 'float' = 1.0, sampling_ratio: 'int' = -1, aligned: 'bool' = False). Treating as an Input.
W0417 16:44:40.562000 2976908 torch/onnx/_internal/exporter/_schemas.py:455] Missing annotation for parameter 'input' from (input, boxes, output_size: 'Sequence[int]', spatial_scale: 'float' = 1.0). Treating as an Input.
W0417 16:44:40.563000 2976908 torch/onnx/_internal/exporter/_schemas.py:455] Missing annotation for parameter 'boxes' from (input, boxes, output_size: 'Sequence[int]', spatial_scale: 'float' = 1.0). Treating as an Input.
/home/vd0034/.local/share/uv/python/cpython-3.12.12-linux-x86_64-gnu/lib/python3.12/copyreg.py:99: FutureWarning: `isinstance(treespec, LeafSpec)` is deprecated, use `isinstance(treespec, TreeSpec) and treespec.is_leaf()` instead.
  return cls.__new__(cls, *args)
Epoch [30/1000]  Loss: 0.1151
[torch.onnx] Obtain model graph for `DiffusionUNet([...]` with `torch.export.export(..., strict=False)`...
[torch.onnx] Obtain model graph for `DiffusionUNet([...]` with `torch.export.export(..., strict=False)`... ✅
[torch.onnx] Run decomposition...
[torch.onnx] Run decomposition... ✅
[torch.onnx] Translate the graph into ONNX...
[torch.onnx] Translate the graph into ONNX... ✅
ONNX saved to /home/vd0034/shallow_learning/scripts/output_genmodel/diffusion/diffusion_epoch30.onnx
Epoch [31/1000]  Loss: 0.1127
Epoch [32/1000]  Loss: 0.1090
Epoch [33/1000]  Loss: 0.1101
Epoch [34/1000]  Loss: 0.1112
Epoch [35/1000]  Loss: 0.1037
Epoch [36/1000]  Loss: 0.1058
Epoch [37/1000]  Loss: 0.0966
Epoch [38/1000]  Loss: 0.0984
Epoch [39/1000]  Loss: 0.0991
/home/vd0034/shallow_learning/src/shallow_learning/deepl/gen_model.py:406: UserWarning: # 'dynamic_axes' is not recommended when dynamo=True, and may lead to 'torch._dynamo.exc.UserError: Constraints violated.' Supply the 'dynamic_shapes' argument instead if export is unsuccessful.
  torch.onnx.export(self.model.unet, (dummy_x, dummy_t), filename,
W0417 16:45:00.375000 2976908 torch/onnx/_internal/exporter/_schemas.py:455] Missing annotation for parameter 'input' from (input, boxes, output_size: 'Sequence[int]', spatial_scale: 'float' = 1.0, sampling_ratio: 'int' = -1, aligned: 'bool' = False). Treating as an Input.
W0417 16:45:00.376000 2976908 torch/onnx/_internal/exporter/_schemas.py:455] Missing annotation for parameter 'boxes' from (input, boxes, output_size: 'Sequence[int]', spatial_scale: 'float' = 1.0, sampling_ratio: 'int' = -1, aligned: 'bool' = False). Treating as an Input.
W0417 16:45:00.376000 2976908 torch/onnx/_internal/exporter/_schemas.py:455] Missing annotation for parameter 'input' from (input, boxes, output_size: 'Sequence[int]', spatial_scale: 'float' = 1.0). Treating as an Input.
W0417 16:45:00.376000 2976908 torch/onnx/_internal/exporter/_schemas.py:455] Missing annotation for parameter 'boxes' from (input, boxes, output_size: 'Sequence[int]', spatial_scale: 'float' = 1.0). Treating as an Input.
/home/vd0034/.local/share/uv/python/cpython-3.12.12-linux-x86_64-gnu/lib/python3.12/copyreg.py:99: FutureWarning: `isinstance(treespec, LeafSpec)` is deprecated, use `isinstance(treespec, TreeSpec) and treespec.is_leaf()` instead.
  return cls.__new__(cls, *args)
Epoch [40/1000]  Loss: 0.0926
[torch.onnx] Obtain model graph for `DiffusionUNet([...]` with `torch.export.export(..., strict=False)`...
[torch.onnx] Obtain model graph for `DiffusionUNet([...]` with `torch.export.export(..., strict=False)`... ✅
[torch.onnx] Run decomposition...
[torch.onnx] Run decomposition... ✅
[torch.onnx] Translate the graph into ONNX...
[torch.onnx] Translate the graph into ONNX... ✅
ONNX saved to /home/vd0034/shallow_learning/scripts/output_genmodel/diffusion/diffusion_epoch40.onnx
Epoch [41/1000]  Loss: 0.0923
Epoch [42/1000]  Loss: 0.0937
Epoch [43/1000]  Loss: 0.0984
Epoch [44/1000]  Loss: 0.0885
Epoch [45/1000]  Loss: 0.0863
Epoch [46/1000]  Loss: 0.0897
Epoch [47/1000]  Loss: 0.0891
Epoch [48/1000]  Loss: 0.0854
Epoch [49/1000]  Loss: 0.0838
/home/vd0034/shallow_learning/src/shallow_learning/deepl/gen_model.py:406: UserWarning: # 'dynamic_axes' is not recommended when dynamo=True, and may lead to 'torch._dynamo.exc.UserError: Constraints violated.' Supply the 'dynamic_shapes' argument instead if export is unsuccessful.
  torch.onnx.export(self.model.unet, (dummy_x, dummy_t), filename,
W0417 16:45:22.414000 2976908 torch/onnx/_internal/exporter/_schemas.py:455] Missing annotation for parameter 'input' from (input, boxes, output_size: 'Sequence[int]', spatial_scale: 'float' = 1.0, sampling_ratio: 'int' = -1, aligned: 'bool' = False). Treating as an Input.
W0417 16:45:22.415000 2976908 torch/onnx/_internal/exporter/_schemas.py:455] Missing annotation for parameter 'boxes' from (input, boxes, output_size: 'Sequence[int]', spatial_scale: 'float' = 1.0, sampling_ratio: 'int' = -1, aligned: 'bool' = False). Treating as an Input.
W0417 16:45:22.415000 2976908 torch/onnx/_internal/exporter/_schemas.py:455] Missing annotation for parameter 'input' from (input, boxes, output_size: 'Sequence[int]', spatial_scale: 'float' = 1.0). Treating as an Input.
W0417 16:45:22.416000 2976908 torch/onnx/_internal/exporter/_schemas.py:455] Missing annotation for parameter 'boxes' from (input, boxes, output_size: 'Sequence[int]', spatial_scale: 'float' = 1.0). Treating as an Input.
/home/vd0034/.local/share/uv/python/cpython-3.12.12-linux-x86_64-gnu/lib/python3.12/copyreg.py:99: FutureWarning: `isinstance(treespec, LeafSpec)` is deprecated, use `isinstance(treespec, TreeSpec) and treespec.is_leaf()` instead.
  return cls.__new__(cls, *args)
Epoch [50/1000]  Loss: 0.0855
[torch.onnx] Obtain model graph for `DiffusionUNet([...]` with `torch.export.export(..., strict=False)`...
[torch.onnx] Obtain model graph for `DiffusionUNet([...]` with `torch.export.export(..., strict=False)`... ✅
[torch.onnx] Run decomposition...
[torch.onnx] Run decomposition... ✅
[torch.onnx] Translate the graph into ONNX...
[torch.onnx] Translate the graph into ONNX... ✅
ONNX saved to /home/vd0034/shallow_learning/scripts/output_genmodel/diffusion/diffusion_epoch50.onnx
Epoch [51/1000]  Loss: 0.0840
Epoch [52/1000]  Loss: 0.0849
Epoch [53/1000]  Loss: 0.0798
Epoch [54/1000]  Loss: 0.0800
Epoch [55/1000]  Loss: 0.0824
Epoch [56/1000]  Loss: 0.0787
Epoch [57/1000]  Loss: 0.0800
Epoch [58/1000]  Loss: 0.0759
Epoch [59/1000]  Loss: 0.0752
/home/vd0034/shallow_learning/src/shallow_learning/deepl/gen_model.py:406: UserWarning: # 'dynamic_axes' is not recommended when dynamo=True, and may lead to 'torch._dynamo.exc.UserError: Constraints violated.' Supply the 'dynamic_shapes' argument instead if export is unsuccessful.
  torch.onnx.export(self.model.unet, (dummy_x, dummy_t), filename,
W0417 16:45:41.959000 2976908 torch/onnx/_internal/exporter/_schemas.py:455] Missing annotation for parameter 'input' from (input, boxes, output_size: 'Sequence[int]', spatial_scale: 'float' = 1.0, sampling_ratio: 'int' = -1, aligned: 'bool' = False). Treating as an Input.
W0417 16:45:41.960000 2976908 torch/onnx/_internal/exporter/_schemas.py:455] Missing annotation for parameter 'boxes' from (input, boxes, output_size: 'Sequence[int]', spatial_scale: 'float' = 1.0, sampling_ratio: 'int' = -1, aligned: 'bool' = False). Treating as an Input.
W0417 16:45:41.960000 2976908 torch/onnx/_internal/exporter/_schemas.py:455] Missing annotation for parameter 'input' from (input, boxes, output_size: 'Sequence[int]', spatial_scale: 'float' = 1.0). Treating as an Input.
W0417 16:45:41.960000 2976908 torch/onnx/_internal/exporter/_schemas.py:455] Missing annotation for parameter 'boxes' from (input, boxes, output_size: 'Sequence[int]', spatial_scale: 'float' = 1.0). Treating as an Input.
/home/vd0034/.local/share/uv/python/cpython-3.12.12-linux-x86_64-gnu/lib/python3.12/copyreg.py:99: FutureWarning: `isinstance(treespec, LeafSpec)` is deprecated, use `isinstance(treespec, TreeSpec) and treespec.is_leaf()` instead.
  return cls.__new__(cls, *args)
Epoch [60/1000]  Loss: 0.0724
[torch.onnx] Obtain model graph for `DiffusionUNet([...]` with `torch.export.export(..., strict=False)`...
[torch.onnx] Obtain model graph for `DiffusionUNet([...]` with `torch.export.export(..., strict=False)`... ✅
[torch.onnx] Run decomposition...
[torch.onnx] Run decomposition... ✅
[torch.onnx] Translate the graph into ONNX...
[torch.onnx] Translate the graph into ONNX... ✅
ONNX saved to /home/vd0034/shallow_learning/scripts/output_genmodel/diffusion/diffusion_epoch60.onnx
Epoch [61/1000]  Loss: 0.0785
Epoch [62/1000]  Loss: 0.0756
Epoch [63/1000]  Loss: 0.0752
Epoch [64/1000]  Loss: 0.0707
Epoch [65/1000]  Loss: 0.0729
Epoch [66/1000]  Loss: 0.0738
Epoch [67/1000]  Loss: 0.0750
Epoch [68/1000]  Loss: 0.0721
Epoch [69/1000]  Loss: 0.0687
/home/vd0034/shallow_learning/src/shallow_learning/deepl/gen_model.py:406: UserWarning: # 'dynamic_axes' is not recommended when dynamo=True, and may lead to 'torch._dynamo.exc.UserError: Constraints violated.' Supply the 'dynamic_shapes' argument instead if export is unsuccessful.
  torch.onnx.export(self.model.unet, (dummy_x, dummy_t), filename,
W0417 16:46:04.427000 2976908 torch/onnx/_internal/exporter/_schemas.py:455] Missing annotation for parameter 'input' from (input, boxes, output_size: 'Sequence[int]', spatial_scale: 'float' = 1.0, sampling_ratio: 'int' = -1, aligned: 'bool' = False). Treating as an Input.
W0417 16:46:04.428000 2976908 torch/onnx/_internal/exporter/_schemas.py:455] Missing annotation for parameter 'boxes' from (input, boxes, output_size: 'Sequence[int]', spatial_scale: 'float' = 1.0, sampling_ratio: 'int' = -1, aligned: 'bool' = False). Treating as an Input.
W0417 16:46:04.429000 2976908 torch/onnx/_internal/exporter/_schemas.py:455] Missing annotation for parameter 'input' from (input, boxes, output_size: 'Sequence[int]', spatial_scale: 'float' = 1.0). Treating as an Input.
W0417 16:46:04.429000 2976908 torch/onnx/_internal/exporter/_schemas.py:455] Missing annotation for parameter 'boxes' from (input, boxes, output_size: 'Sequence[int]', spatial_scale: 'float' = 1.0). Treating as an Input.
/home/vd0034/.local/share/uv/python/cpython-3.12.12-linux-x86_64-gnu/lib/python3.12/copyreg.py:99: FutureWarning: `isinstance(treespec, LeafSpec)` is deprecated, use `isinstance(treespec, TreeSpec) and treespec.is_leaf()` instead.
  return cls.__new__(cls, *args)
Epoch [70/1000]  Loss: 0.0740
[torch.onnx] Obtain model graph for `DiffusionUNet([...]` with `torch.export.export(..., strict=False)`...
[torch.onnx] Obtain model graph for `DiffusionUNet([...]` with `torch.export.export(..., strict=False)`... ✅
[torch.onnx] Run decomposition...
[torch.onnx] Run decomposition... ✅
[torch.onnx] Translate the graph into ONNX...
[torch.onnx] Translate the graph into ONNX... ✅
ONNX saved to /home/vd0034/shallow_learning/scripts/output_genmodel/diffusion/diffusion_epoch70.onnx
Epoch [71/1000]  Loss: 0.0685
Epoch [72/1000]  Loss: 0.0676
Epoch [73/1000]  Loss: 0.0690
Epoch [74/1000]  Loss: 0.0674
Epoch [75/1000]  Loss: 0.0718
Epoch [76/1000]  Loss: 0.0635
Epoch [77/1000]  Loss: 0.0675
Epoch [78/1000]  Loss: 0.0659
Epoch [79/1000]  Loss: 0.0657
/home/vd0034/shallow_learning/src/shallow_learning/deepl/gen_model.py:406: UserWarning: # 'dynamic_axes' is not recommended when dynamo=True, and may lead to 'torch._dynamo.exc.UserError: Constraints violated.' Supply the 'dynamic_shapes' argument instead if export is unsuccessful.
  torch.onnx.export(self.model.unet, (dummy_x, dummy_t), filename,
W0417 16:46:24.483000 2976908 torch/onnx/_internal/exporter/_schemas.py:455] Missing annotation for parameter 'input' from (input, boxes, output_size: 'Sequence[int]', spatial_scale: 'float' = 1.0, sampling_ratio: 'int' = -1, aligned: 'bool' = False). Treating as an Input.
W0417 16:46:24.484000 2976908 torch/onnx/_internal/exporter/_schemas.py:455] Missing annotation for parameter 'boxes' from (input, boxes, output_size: 'Sequence[int]', spatial_scale: 'float' = 1.0, sampling_ratio: 'int' = -1, aligned: 'bool' = False). Treating as an Input.
W0417 16:46:24.485000 2976908 torch/onnx/_internal/exporter/_schemas.py:455] Missing annotation for parameter 'input' from (input, boxes, output_size: 'Sequence[int]', spatial_scale: 'float' = 1.0). Treating as an Input.
W0417 16:46:24.485000 2976908 torch/onnx/_internal/exporter/_schemas.py:455] Missing annotation for parameter 'boxes' from (input, boxes, output_size: 'Sequence[int]', spatial_scale: 'float' = 1.0). Treating as an Input.
/home/vd0034/.local/share/uv/python/cpython-3.12.12-linux-x86_64-gnu/lib/python3.12/copyreg.py:99: FutureWarning: `isinstance(treespec, LeafSpec)` is deprecated, use `isinstance(treespec, TreeSpec) and treespec.is_leaf()` instead.
  return cls.__new__(cls, *args)
Epoch [80/1000]  Loss: 0.0657
[torch.onnx] Obtain model graph for `DiffusionUNet([...]` with `torch.export.export(..., strict=False)`...
[torch.onnx] Obtain model graph for `DiffusionUNet([...]` with `torch.export.export(..., strict=False)`... ✅
[torch.onnx] Run decomposition...
[torch.onnx] Run decomposition... ✅
[torch.onnx] Translate the graph into ONNX...
[torch.onnx] Translate the graph into ONNX... ✅
ONNX saved to /home/vd0034/shallow_learning/scripts/output_genmodel/diffusion/diffusion_epoch80.onnx
Epoch [81/1000]  Loss: 0.0666
Epoch [82/1000]  Loss: 0.0683
Epoch [83/1000]  Loss: 0.0661
Epoch [84/1000]  Loss: 0.0644
Epoch [85/1000]  Loss: 0.0623
Epoch [86/1000]  Loss: 0.0627
Epoch [87/1000]  Loss: 0.0628
Epoch [88/1000]  Loss: 0.0623
Epoch [89/1000]  Loss: 0.0622
/home/vd0034/shallow_learning/src/shallow_learning/deepl/gen_model.py:406: UserWarning: # 'dynamic_axes' is not recommended when dynamo=True, and may lead to 'torch._dynamo.exc.UserError: Constraints violated.' Supply the 'dynamic_shapes' argument instead if export is unsuccessful.
  torch.onnx.export(self.model.unet, (dummy_x, dummy_t), filename,
W0417 16:46:47.097000 2976908 torch/onnx/_internal/exporter/_schemas.py:455] Missing annotation for parameter 'input' from (input, boxes, output_size: 'Sequence[int]', spatial_scale: 'float' = 1.0, sampling_ratio: 'int' = -1, aligned: 'bool' = False). Treating as an Input.
W0417 16:46:47.098000 2976908 torch/onnx/_internal/exporter/_schemas.py:455] Missing annotation for parameter 'boxes' from (input, boxes, output_size: 'Sequence[int]', spatial_scale: 'float' = 1.0, sampling_ratio: 'int' = -1, aligned: 'bool' = False). Treating as an Input.
W0417 16:46:47.099000 2976908 torch/onnx/_internal/exporter/_schemas.py:455] Missing annotation for parameter 'input' from (input, boxes, output_size: 'Sequence[int]', spatial_scale: 'float' = 1.0). Treating as an Input.
W0417 16:46:47.099000 2976908 torch/onnx/_internal/exporter/_schemas.py:455] Missing annotation for parameter 'boxes' from (input, boxes, output_size: 'Sequence[int]', spatial_scale: 'float' = 1.0). Treating as an Input.
/home/vd0034/.local/share/uv/python/cpython-3.12.12-linux-x86_64-gnu/lib/python3.12/copyreg.py:99: FutureWarning: `isinstance(treespec, LeafSpec)` is deprecated, use `isinstance(treespec, TreeSpec) and treespec.is_leaf()` instead.
  return cls.__new__(cls, *args)
Epoch [90/1000]  Loss: 0.0605
[torch.onnx] Obtain model graph for `DiffusionUNet([...]` with `torch.export.export(..., strict=False)`...
[torch.onnx] Obtain model graph for `DiffusionUNet([...]` with `torch.export.export(..., strict=False)`... ✅
[torch.onnx] Run decomposition...
[torch.onnx] Run decomposition... ✅
[torch.onnx] Translate the graph into ONNX...
[torch.onnx] Translate the graph into ONNX... ✅
ONNX saved to /home/vd0034/shallow_learning/scripts/output_genmodel/diffusion/diffusion_epoch90.onnx
Epoch [91/1000]  Loss: 0.0616
Epoch [92/1000]  Loss: 0.0583
Epoch [93/1000]  Loss: 0.0611
Epoch [94/1000]  Loss: 0.0605
Epoch [95/1000]  Loss: 0.0603
Epoch [96/1000]  Loss: 0.0616
Epoch [97/1000]  Loss: 0.0600
Epoch [98/1000]  Loss: 0.0580
Epoch [99/1000]  Loss: 0.0606
/home/vd0034/shallow_learning/src/shallow_learning/deepl/gen_model.py:406: UserWarning: # 'dynamic_axes' is not recommended when dynamo=True, and may lead to 'torch._dynamo.exc.UserError: Constraints violated.' Supply the 'dynamic_shapes' argument instead if export is unsuccessful.
  torch.onnx.export(self.model.unet, (dummy_x, dummy_t), filename,
W0417 16:47:07.118000 2976908 torch/onnx/_internal/exporter/_schemas.py:455] Missing annotation for parameter 'input' from (input, boxes, output_size: 'Sequence[int]', spatial_scale: 'float' = 1.0, sampling_ratio: 'int' = -1, aligned: 'bool' = False). Treating as an Input.
W0417 16:47:07.119000 2976908 torch/onnx/_internal/exporter/_schemas.py:455] Missing annotation for parameter 'boxes' from (input, boxes, output_size: 'Sequence[int]', spatial_scale: 'float' = 1.0, sampling_ratio: 'int' = -1, aligned: 'bool' = False). Treating as an Input.
W0417 16:47:07.120000 2976908 torch/onnx/_internal/exporter/_schemas.py:455] Missing annotation for parameter 'input' from (input, boxes, output_size: 'Sequence[int]', spatial_scale: 'float' = 1.0). Treating as an Input.
W0417 16:47:07.120000 2976908 torch/onnx/_internal/exporter/_schemas.py:455] Missing annotation for parameter 'boxes' from (input, boxes, output_size: 'Sequence[int]', spatial_scale: 'float' = 1.0). Treating as an Input.
/home/vd0034/.local/share/uv/python/cpython-3.12.12-linux-x86_64-gnu/lib/python3.12/copyreg.py:99: FutureWarning: `isinstance(treespec, LeafSpec)` is deprecated, use `isinstance(treespec, TreeSpec) and treespec.is_leaf()` instead.
  return cls.__new__(cls, *args)
Epoch [100/1000]  Loss: 0.0579
[torch.onnx] Obtain model graph for `DiffusionUNet([...]` with `torch.export.export(..., strict=False)`...
[torch.onnx] Obtain model graph for `DiffusionUNet([...]` with `torch.export.export(..., strict=False)`... ✅
[torch.onnx] Run decomposition...
[torch.onnx] Run decomposition... ✅
[torch.onnx] Translate the graph into ONNX...
[torch.onnx] Translate the graph into ONNX... ✅
ONNX saved to /home/vd0034/shallow_learning/scripts/output_genmodel/diffusion/diffusion_epoch100.onnx
Epoch [101/1000]  Loss: 0.0576
Epoch [102/1000]  Loss: 0.0547
Epoch [103/1000]  Loss: 0.0537
Epoch [104/1000]  Loss: 0.0579
Epoch [105/1000]  Loss: 0.0596
Epoch [106/1000]  Loss: 0.0587
Epoch [107/1000]  Loss: 0.0561
Epoch [108/1000]  Loss: 0.0548
Epoch [109/1000]  Loss: 0.0575
/home/vd0034/shallow_learning/src/shallow_learning/deepl/gen_model.py:406: UserWarning: # 'dynamic_axes' is not recommended when dynamo=True, and may lead to 'torch._dynamo.exc.UserError: Constraints violated.' Supply the 'dynamic_shapes' argument instead if export is unsuccessful.
  torch.onnx.export(self.model.unet, (dummy_x, dummy_t), filename,
W0417 16:47:29.682000 2976908 torch/onnx/_internal/exporter/_schemas.py:455] Missing annotation for parameter 'input' from (input, boxes, output_size: 'Sequence[int]', spatial_scale: 'float' = 1.0, sampling_ratio: 'int' = -1, aligned: 'bool' = False). Treating as an Input.
W0417 16:47:29.683000 2976908 torch/onnx/_internal/exporter/_schemas.py:455] Missing annotation for parameter 'boxes' from (input, boxes, output_size: 'Sequence[int]', spatial_scale: 'float' = 1.0, sampling_ratio: 'int' = -1, aligned: 'bool' = False). Treating as an Input.
W0417 16:47:29.684000 2976908 torch/onnx/_internal/exporter/_schemas.py:455] Missing annotation for parameter 'input' from (input, boxes, output_size: 'Sequence[int]', spatial_scale: 'float' = 1.0). Treating as an Input.
W0417 16:47:29.684000 2976908 torch/onnx/_internal/exporter/_schemas.py:455] Missing annotation for parameter 'boxes' from (input, boxes, output_size: 'Sequence[int]', spatial_scale: 'float' = 1.0). Treating as an Input.
/home/vd0034/.local/share/uv/python/cpython-3.12.12-linux-x86_64-gnu/lib/python3.12/copyreg.py:99: FutureWarning: `isinstance(treespec, LeafSpec)` is deprecated, use `isinstance(treespec, TreeSpec) and treespec.is_leaf()` instead.
  return cls.__new__(cls, *args)
Epoch [110/1000]  Loss: 0.0552
[torch.onnx] Obtain model graph for `DiffusionUNet([...]` with `torch.export.export(..., strict=False)`...
[torch.onnx] Obtain model graph for `DiffusionUNet([...]` with `torch.export.export(..., strict=False)`... ✅
[torch.onnx] Run decomposition...
[torch.onnx] Run decomposition... ✅
[torch.onnx] Translate the graph into ONNX...
[torch.onnx] Translate the graph into ONNX... ✅
ONNX saved to /home/vd0034/shallow_learning/scripts/output_genmodel/diffusion/diffusion_epoch110.onnx
Epoch [111/1000]  Loss: 0.0585
Epoch [112/1000]  Loss: 0.0524
Epoch [113/1000]  Loss: 0.0550
Epoch [114/1000]  Loss: 0.0547
Epoch [115/1000]  Loss: 0.0525
Epoch [116/1000]  Loss: 0.0542
Epoch [117/1000]  Loss: 0.0570
Epoch [118/1000]  Loss: 0.0519
Epoch [119/1000]  Loss: 0.0543
/home/vd0034/shallow_learning/src/shallow_learning/deepl/gen_model.py:406: UserWarning: # 'dynamic_axes' is not recommended when dynamo=True, and may lead to 'torch._dynamo.exc.UserError: Constraints violated.' Supply the 'dynamic_shapes' argument instead if export is unsuccessful.
  torch.onnx.export(self.model.unet, (dummy_x, dummy_t), filename,
W0417 16:47:49.936000 2976908 torch/onnx/_internal/exporter/_schemas.py:455] Missing annotation for parameter 'input' from (input, boxes, output_size: 'Sequence[int]', spatial_scale: 'float' = 1.0, sampling_ratio: 'int' = -1, aligned: 'bool' = False). Treating as an Input.
W0417 16:47:49.937000 2976908 torch/onnx/_internal/exporter/_schemas.py:455] Missing annotation for parameter 'boxes' from (input, boxes, output_size: 'Sequence[int]', spatial_scale: 'float' = 1.0, sampling_ratio: 'int' = -1, aligned: 'bool' = False). Treating as an Input.
W0417 16:47:49.938000 2976908 torch/onnx/_internal/exporter/_schemas.py:455] Missing annotation for parameter 'input' from (input, boxes, output_size: 'Sequence[int]', spatial_scale: 'float' = 1.0). Treating as an Input.
W0417 16:47:49.938000 2976908 torch/onnx/_internal/exporter/_schemas.py:455] Missing annotation for parameter 'boxes' from (input, boxes, output_size: 'Sequence[int]', spatial_scale: 'float' = 1.0). Treating as an Input.
/home/vd0034/.local/share/uv/python/cpython-3.12.12-linux-x86_64-gnu/lib/python3.12/copyreg.py:99: FutureWarning: `isinstance(treespec, LeafSpec)` is deprecated, use `isinstance(treespec, TreeSpec) and treespec.is_leaf()` instead.
  return cls.__new__(cls, *args)
Epoch [120/1000]  Loss: 0.0560
[torch.onnx] Obtain model graph for `DiffusionUNet([...]` with `torch.export.export(..., strict=False)`...
[torch.onnx] Obtain model graph for `DiffusionUNet([...]` with `torch.export.export(..., strict=False)`... ✅
[torch.onnx] Run decomposition...
[torch.onnx] Run decomposition... ✅
[torch.onnx] Translate the graph into ONNX...
[torch.onnx] Translate the graph into ONNX... ✅
ONNX saved to /home/vd0034/shallow_learning/scripts/output_genmodel/diffusion/diffusion_epoch120.onnx
Epoch [121/1000]  Loss: 0.0521
Epoch [122/1000]  Loss: 0.0554
Epoch [123/1000]  Loss: 0.0589
Epoch [124/1000]  Loss: 0.0550
Epoch [125/1000]  Loss: 0.0530
Epoch [126/1000]  Loss: 0.0533
Epoch [127/1000]  Loss: 0.0522
Epoch [128/1000]  Loss: 0.0493
Epoch [129/1000]  Loss: 0.0531
/home/vd0034/shallow_learning/src/shallow_learning/deepl/gen_model.py:406: UserWarning: # 'dynamic_axes' is not recommended when dynamo=True, and may lead to 'torch._dynamo.exc.UserError: Constraints violated.' Supply the 'dynamic_shapes' argument instead if export is unsuccessful.
  torch.onnx.export(self.model.unet, (dummy_x, dummy_t), filename,
W0417 16:48:09.611000 2976908 torch/onnx/_internal/exporter/_schemas.py:455] Missing annotation for parameter 'input' from (input, boxes, output_size: 'Sequence[int]', spatial_scale: 'float' = 1.0, sampling_ratio: 'int' = -1, aligned: 'bool' = False). Treating as an Input.
W0417 16:48:09.612000 2976908 torch/onnx/_internal/exporter/_schemas.py:455] Missing annotation for parameter 'boxes' from (input, boxes, output_size: 'Sequence[int]', spatial_scale: 'float' = 1.0, sampling_ratio: 'int' = -1, aligned: 'bool' = False). Treating as an Input.
W0417 16:48:09.612000 2976908 torch/onnx/_internal/exporter/_schemas.py:455] Missing annotation for parameter 'input' from (input, boxes, output_size: 'Sequence[int]', spatial_scale: 'float' = 1.0). Treating as an Input.
W0417 16:48:09.613000 2976908 torch/onnx/_internal/exporter/_schemas.py:455] Missing annotation for parameter 'boxes' from (input, boxes, output_size: 'Sequence[int]', spatial_scale: 'float' = 1.0). Treating as an Input.
/home/vd0034/.local/share/uv/python/cpython-3.12.12-linux-x86_64-gnu/lib/python3.12/copyreg.py:99: FutureWarning: `isinstance(treespec, LeafSpec)` is deprecated, use `isinstance(treespec, TreeSpec) and treespec.is_leaf()` instead.
  return cls.__new__(cls, *args)
Epoch [130/1000]  Loss: 0.0503
[torch.onnx] Obtain model graph for `DiffusionUNet([...]` with `torch.export.export(..., strict=False)`...
[torch.onnx] Obtain model graph for `DiffusionUNet([...]` with `torch.export.export(..., strict=False)`... ✅
[torch.onnx] Run decomposition...
[torch.onnx] Run decomposition... ✅
[torch.onnx] Translate the graph into ONNX...
[torch.onnx] Translate the graph into ONNX... ✅
ONNX saved to /home/vd0034/shallow_learning/scripts/output_genmodel/diffusion/diffusion_epoch130.onnx
Epoch [131/1000]  Loss: 0.0492
Epoch [132/1000]  Loss: 0.0521
Epoch [133/1000]  Loss: 0.0511
Epoch [134/1000]  Loss: 0.0546
Epoch [135/1000]  Loss: 0.0530
Epoch [136/1000]  Loss: 0.0507
Epoch [137/1000]  Loss: 0.0473
Epoch [138/1000]  Loss: 0.0473
Epoch [139/1000]  Loss: 0.0482
/home/vd0034/shallow_learning/src/shallow_learning/deepl/gen_model.py:406: UserWarning: # 'dynamic_axes' is not recommended when dynamo=True, and may lead to 'torch._dynamo.exc.UserError: Constraints violated.' Supply the 'dynamic_shapes' argument instead if export is unsuccessful.
  torch.onnx.export(self.model.unet, (dummy_x, dummy_t), filename,
W0417 16:48:32.089000 2976908 torch/onnx/_internal/exporter/_schemas.py:455] Missing annotation for parameter 'input' from (input, boxes, output_size: 'Sequence[int]', spatial_scale: 'float' = 1.0, sampling_ratio: 'int' = -1, aligned: 'bool' = False). Treating as an Input.
W0417 16:48:32.090000 2976908 torch/onnx/_internal/exporter/_schemas.py:455] Missing annotation for parameter 'boxes' from (input, boxes, output_size: 'Sequence[int]', spatial_scale: 'float' = 1.0, sampling_ratio: 'int' = -1, aligned: 'bool' = False). Treating as an Input.
W0417 16:48:32.090000 2976908 torch/onnx/_internal/exporter/_schemas.py:455] Missing annotation for parameter 'input' from (input, boxes, output_size: 'Sequence[int]', spatial_scale: 'float' = 1.0). Treating as an Input.
W0417 16:48:32.090000 2976908 torch/onnx/_internal/exporter/_schemas.py:455] Missing annotation for parameter 'boxes' from (input, boxes, output_size: 'Sequence[int]', spatial_scale: 'float' = 1.0). Treating as an Input.
/home/vd0034/.local/share/uv/python/cpython-3.12.12-linux-x86_64-gnu/lib/python3.12/copyreg.py:99: FutureWarning: `isinstance(treespec, LeafSpec)` is deprecated, use `isinstance(treespec, TreeSpec) and treespec.is_leaf()` instead.
  return cls.__new__(cls, *args)
Epoch [140/1000]  Loss: 0.0489
[torch.onnx] Obtain model graph for `DiffusionUNet([...]` with `torch.export.export(..., strict=False)`...
[torch.onnx] Obtain model graph for `DiffusionUNet([...]` with `torch.export.export(..., strict=False)`... ✅
[torch.onnx] Run decomposition...
[torch.onnx] Run decomposition... ✅
[torch.onnx] Translate the graph into ONNX...
[torch.onnx] Translate the graph into ONNX... ✅
ONNX saved to /home/vd0034/shallow_learning/scripts/output_genmodel/diffusion/diffusion_epoch140.onnx
Epoch [141/1000]  Loss: 0.0517
Epoch [142/1000]  Loss: 0.0483
Epoch [143/1000]  Loss: 0.0509
Epoch [144/1000]  Loss: 0.0487
Epoch [145/1000]  Loss: 0.0509
Epoch [146/1000]  Loss: 0.0517
Epoch [147/1000]  Loss: 0.0492
Epoch [148/1000]  Loss: 0.0518
Epoch [149/1000]  Loss: 0.0482
/home/vd0034/shallow_learning/src/shallow_learning/deepl/gen_model.py:406: UserWarning: # 'dynamic_axes' is not recommended when dynamo=True, and may lead to 'torch._dynamo.exc.UserError: Constraints violated.' Supply the 'dynamic_shapes' argument instead if export is unsuccessful.
  torch.onnx.export(self.model.unet, (dummy_x, dummy_t), filename,
W0417 16:48:51.720000 2976908 torch/onnx/_internal/exporter/_schemas.py:455] Missing annotation for parameter 'input' from (input, boxes, output_size: 'Sequence[int]', spatial_scale: 'float' = 1.0, sampling_ratio: 'int' = -1, aligned: 'bool' = False). Treating as an Input.
W0417 16:48:51.721000 2976908 torch/onnx/_internal/exporter/_schemas.py:455] Missing annotation for parameter 'boxes' from (input, boxes, output_size: 'Sequence[int]', spatial_scale: 'float' = 1.0, sampling_ratio: 'int' = -1, aligned: 'bool' = False). Treating as an Input.
W0417 16:48:51.721000 2976908 torch/onnx/_internal/exporter/_schemas.py:455] Missing annotation for parameter 'input' from (input, boxes, output_size: 'Sequence[int]', spatial_scale: 'float' = 1.0). Treating as an Input.
W0417 16:48:51.722000 2976908 torch/onnx/_internal/exporter/_schemas.py:455] Missing annotation for parameter 'boxes' from (input, boxes, output_size: 'Sequence[int]', spatial_scale: 'float' = 1.0). Treating as an Input.
/home/vd0034/.local/share/uv/python/cpython-3.12.12-linux-x86_64-gnu/lib/python3.12/copyreg.py:99: FutureWarning: `isinstance(treespec, LeafSpec)` is deprecated, use `isinstance(treespec, TreeSpec) and treespec.is_leaf()` instead.
  return cls.__new__(cls, *args)
Epoch [150/1000]  Loss: 0.0508
[torch.onnx] Obtain model graph for `DiffusionUNet([...]` with `torch.export.export(..., strict=False)`...
[torch.onnx] Obtain model graph for `DiffusionUNet([...]` with `torch.export.export(..., strict=False)`... ✅
[torch.onnx] Run decomposition...
[torch.onnx] Run decomposition... ✅
[torch.onnx] Translate the graph into ONNX...
[torch.onnx] Translate the graph into ONNX... ✅
ONNX saved to /home/vd0034/shallow_learning/scripts/output_genmodel/diffusion/diffusion_epoch150.onnx
Epoch [151/1000]  Loss: 0.0495
Epoch [152/1000]  Loss: 0.0529
Epoch [153/1000]  Loss: 0.0490
Epoch [154/1000]  Loss: 0.0493
Epoch [155/1000]  Loss: 0.0465
Epoch [156/1000]  Loss: 0.0488
Epoch [157/1000]  Loss: 0.0500
Epoch [158/1000]  Loss: 0.0466
Epoch [159/1000]  Loss: 0.0455
/home/vd0034/shallow_learning/src/shallow_learning/deepl/gen_model.py:406: UserWarning: # 'dynamic_axes' is not recommended when dynamo=True, and may lead to 'torch._dynamo.exc.UserError: Constraints violated.' Supply the 'dynamic_shapes' argument instead if export is unsuccessful.
  torch.onnx.export(self.model.unet, (dummy_x, dummy_t), filename,
W0417 16:49:14.524000 2976908 torch/onnx/_internal/exporter/_schemas.py:455] Missing annotation for parameter 'input' from (input, boxes, output_size: 'Sequence[int]', spatial_scale: 'float' = 1.0, sampling_ratio: 'int' = -1, aligned: 'bool' = False). Treating as an Input.
W0417 16:49:14.524000 2976908 torch/onnx/_internal/exporter/_schemas.py:455] Missing annotation for parameter 'boxes' from (input, boxes, output_size: 'Sequence[int]', spatial_scale: 'float' = 1.0, sampling_ratio: 'int' = -1, aligned: 'bool' = False). Treating as an Input.
W0417 16:49:14.525000 2976908 torch/onnx/_internal/exporter/_schemas.py:455] Missing annotation for parameter 'input' from (input, boxes, output_size: 'Sequence[int]', spatial_scale: 'float' = 1.0). Treating as an Input.
W0417 16:49:14.525000 2976908 torch/onnx/_internal/exporter/_schemas.py:455] Missing annotation for parameter 'boxes' from (input, boxes, output_size: 'Sequence[int]', spatial_scale: 'float' = 1.0). Treating as an Input.
/home/vd0034/.local/share/uv/python/cpython-3.12.12-linux-x86_64-gnu/lib/python3.12/copyreg.py:99: FutureWarning: `isinstance(treespec, LeafSpec)` is deprecated, use `isinstance(treespec, TreeSpec) and treespec.is_leaf()` instead.
  return cls.__new__(cls, *args)
Epoch [160/1000]  Loss: 0.0483
[torch.onnx] Obtain model graph for `DiffusionUNet([...]` with `torch.export.export(..., strict=False)`...
[torch.onnx] Obtain model graph for `DiffusionUNet([...]` with `torch.export.export(..., strict=False)`... ✅
[torch.onnx] Run decomposition...
[torch.onnx] Run decomposition... ✅
[torch.onnx] Translate the graph into ONNX...
[torch.onnx] Translate the graph into ONNX... ✅
ONNX saved to /home/vd0034/shallow_learning/scripts/output_genmodel/diffusion/diffusion_epoch160.onnx
Epoch [161/1000]  Loss: 0.0456
Epoch [162/1000]  Loss: 0.0460
Epoch [163/1000]  Loss: 0.0485
Epoch [164/1000]  Loss: 0.0491
Epoch [165/1000]  Loss: 0.0451
Epoch [166/1000]  Loss: 0.0491
Epoch [167/1000]  Loss: 0.0442
Epoch [168/1000]  Loss: 0.0469
Epoch [169/1000]  Loss: 0.0457
/home/vd0034/shallow_learning/src/shallow_learning/deepl/gen_model.py:406: UserWarning: # 'dynamic_axes' is not recommended when dynamo=True, and may lead to 'torch._dynamo.exc.UserError: Constraints violated.' Supply the 'dynamic_shapes' argument instead if export is unsuccessful.
  torch.onnx.export(self.model.unet, (dummy_x, dummy_t), filename,
W0417 16:49:34.467000 2976908 torch/onnx/_internal/exporter/_schemas.py:455] Missing annotation for parameter 'input' from (input, boxes, output_size: 'Sequence[int]', spatial_scale: 'float' = 1.0, sampling_ratio: 'int' = -1, aligned: 'bool' = False). Treating as an Input.
W0417 16:49:34.469000 2976908 torch/onnx/_internal/exporter/_schemas.py:455] Missing annotation for parameter 'boxes' from (input, boxes, output_size: 'Sequence[int]', spatial_scale: 'float' = 1.0, sampling_ratio: 'int' = -1, aligned: 'bool' = False). Treating as an Input.
W0417 16:49:34.469000 2976908 torch/onnx/_internal/exporter/_schemas.py:455] Missing annotation for parameter 'input' from (input, boxes, output_size: 'Sequence[int]', spatial_scale: 'float' = 1.0). Treating as an Input.
W0417 16:49:34.469000 2976908 torch/onnx/_internal/exporter/_schemas.py:455] Missing annotation for parameter 'boxes' from (input, boxes, output_size: 'Sequence[int]', spatial_scale: 'float' = 1.0). Treating as an Input.
/home/vd0034/.local/share/uv/python/cpython-3.12.12-linux-x86_64-gnu/lib/python3.12/copyreg.py:99: FutureWarning: `isinstance(treespec, LeafSpec)` is deprecated, use `isinstance(treespec, TreeSpec) and treespec.is_leaf()` instead.
  return cls.__new__(cls, *args)
Epoch [170/1000]  Loss: 0.0454
[torch.onnx] Obtain model graph for `DiffusionUNet([...]` with `torch.export.export(..., strict=False)`...
[torch.onnx] Obtain model graph for `DiffusionUNet([...]` with `torch.export.export(..., strict=False)`... ✅
[torch.onnx] Run decomposition...
[torch.onnx] Run decomposition... ✅
[torch.onnx] Translate the graph into ONNX...
[torch.onnx] Translate the graph into ONNX... ✅
ONNX saved to /home/vd0034/shallow_learning/scripts/output_genmodel/diffusion/diffusion_epoch170.onnx
Epoch [171/1000]  Loss: 0.0473
Epoch [172/1000]  Loss: 0.0463
Epoch [173/1000]  Loss: 0.0461
Epoch [174/1000]  Loss: 0.0448
Epoch [175/1000]  Loss: 0.0477
Epoch [176/1000]  Loss: 0.0465
Epoch [177/1000]  Loss: 0.0463
Epoch [178/1000]  Loss: 0.0489
Epoch [179/1000]  Loss: 0.0469
/home/vd0034/shallow_learning/src/shallow_learning/deepl/gen_model.py:406: UserWarning: # 'dynamic_axes' is not recommended when dynamo=True, and may lead to 'torch._dynamo.exc.UserError: Constraints violated.' Supply the 'dynamic_shapes' argument instead if export is unsuccessful.
  torch.onnx.export(self.model.unet, (dummy_x, dummy_t), filename,
W0417 16:49:57.538000 2976908 torch/onnx/_internal/exporter/_schemas.py:455] Missing annotation for parameter 'input' from (input, boxes, output_size: 'Sequence[int]', spatial_scale: 'float' = 1.0, sampling_ratio: 'int' = -1, aligned: 'bool' = False). Treating as an Input.
W0417 16:49:57.539000 2976908 torch/onnx/_internal/exporter/_schemas.py:455] Missing annotation for parameter 'boxes' from (input, boxes, output_size: 'Sequence[int]', spatial_scale: 'float' = 1.0, sampling_ratio: 'int' = -1, aligned: 'bool' = False). Treating as an Input.
W0417 16:49:57.539000 2976908 torch/onnx/_internal/exporter/_schemas.py:455] Missing annotation for parameter 'input' from (input, boxes, output_size: 'Sequence[int]', spatial_scale: 'float' = 1.0). Treating as an Input.
W0417 16:49:57.540000 2976908 torch/onnx/_internal/exporter/_schemas.py:455] Missing annotation for parameter 'boxes' from (input, boxes, output_size: 'Sequence[int]', spatial_scale: 'float' = 1.0). Treating as an Input.
/home/vd0034/.local/share/uv/python/cpython-3.12.12-linux-x86_64-gnu/lib/python3.12/copyreg.py:99: FutureWarning: `isinstance(treespec, LeafSpec)` is deprecated, use `isinstance(treespec, TreeSpec) and treespec.is_leaf()` instead.
  return cls.__new__(cls, *args)
Epoch [180/1000]  Loss: 0.0485
[torch.onnx] Obtain model graph for `DiffusionUNet([...]` with `torch.export.export(..., strict=False)`...
[torch.onnx] Obtain model graph for `DiffusionUNet([...]` with `torch.export.export(..., strict=False)`... ✅
[torch.onnx] Run decomposition...
[torch.onnx] Run decomposition... ✅
[torch.onnx] Translate the graph into ONNX...
[torch.onnx] Translate the graph into ONNX... ✅
ONNX saved to /home/vd0034/shallow_learning/scripts/output_genmodel/diffusion/diffusion_epoch180.onnx
Epoch [181/1000]  Loss: 0.0455
Epoch [182/1000]  Loss: 0.0470
Epoch [183/1000]  Loss: 0.0436
Epoch [184/1000]  Loss: 0.0491
Epoch [185/1000]  Loss: 0.0449
Epoch [186/1000]  Loss: 0.0462
Epoch [187/1000]  Loss: 0.0459
Epoch [188/1000]  Loss: 0.0449
Epoch [189/1000]  Loss: 0.0436
/home/vd0034/shallow_learning/src/shallow_learning/deepl/gen_model.py:406: UserWarning: # 'dynamic_axes' is not recommended when dynamo=True, and may lead to 'torch._dynamo.exc.UserError: Constraints violated.' Supply the 'dynamic_shapes' argument instead if export is unsuccessful.
  torch.onnx.export(self.model.unet, (dummy_x, dummy_t), filename,
W0417 16:50:17.559000 2976908 torch/onnx/_internal/exporter/_schemas.py:455] Missing annotation for parameter 'input' from (input, boxes, output_size: 'Sequence[int]', spatial_scale: 'float' = 1.0, sampling_ratio: 'int' = -1, aligned: 'bool' = False). Treating as an Input.
W0417 16:50:17.559000 2976908 torch/onnx/_internal/exporter/_schemas.py:455] Missing annotation for parameter 'boxes' from (input, boxes, output_size: 'Sequence[int]', spatial_scale: 'float' = 1.0, sampling_ratio: 'int' = -1, aligned: 'bool' = False). Treating as an Input.
W0417 16:50:17.560000 2976908 torch/onnx/_internal/exporter/_schemas.py:455] Missing annotation for parameter 'input' from (input, boxes, output_size: 'Sequence[int]', spatial_scale: 'float' = 1.0). Treating as an Input.
W0417 16:50:17.560000 2976908 torch/onnx/_internal/exporter/_schemas.py:455] Missing annotation for parameter 'boxes' from (input, boxes, output_size: 'Sequence[int]', spatial_scale: 'float' = 1.0). Treating as an Input.
/home/vd0034/.local/share/uv/python/cpython-3.12.12-linux-x86_64-gnu/lib/python3.12/copyreg.py:99: FutureWarning: `isinstance(treespec, LeafSpec)` is deprecated, use `isinstance(treespec, TreeSpec) and treespec.is_leaf()` instead.
  return cls.__new__(cls, *args)
Epoch [190/1000]  Loss: 0.0441
[torch.onnx] Obtain model graph for `DiffusionUNet([...]` with `torch.export.export(..., strict=False)`...
[torch.onnx] Obtain model graph for `DiffusionUNet([...]` with `torch.export.export(..., strict=False)`... ✅
[torch.onnx] Run decomposition...
[torch.onnx] Run decomposition... ✅
[torch.onnx] Translate the graph into ONNX...
[torch.onnx] Translate the graph into ONNX... ✅
ONNX saved to /home/vd0034/shallow_learning/scripts/output_genmodel/diffusion/diffusion_epoch190.onnx
Epoch [191/1000]  Loss: 0.0433
Epoch [192/1000]  Loss: 0.0450
Epoch [193/1000]  Loss: 0.0447
Epoch [194/1000]  Loss: 0.0475
Epoch [195/1000]  Loss: 0.0437
Epoch [196/1000]  Loss: 0.0468
Epoch [197/1000]  Loss: 0.0452
Epoch [198/1000]  Loss: 0.0437
Epoch [199/1000]  Loss: 0.0433
/home/vd0034/shallow_learning/src/shallow_learning/deepl/gen_model.py:406: UserWarning: # 'dynamic_axes' is not recommended when dynamo=True, and may lead to 'torch._dynamo.exc.UserError: Constraints violated.' Supply the 'dynamic_shapes' argument instead if export is unsuccessful.
  torch.onnx.export(self.model.unet, (dummy_x, dummy_t), filename,
W0417 16:50:40.004000 2976908 torch/onnx/_internal/exporter/_schemas.py:455] Missing annotation for parameter 'input' from (input, boxes, output_size: 'Sequence[int]', spatial_scale: 'float' = 1.0, sampling_ratio: 'int' = -1, aligned: 'bool' = False). Treating as an Input.
W0417 16:50:40.005000 2976908 torch/onnx/_internal/exporter/_schemas.py:455] Missing annotation for parameter 'boxes' from (input, boxes, output_size: 'Sequence[int]', spatial_scale: 'float' = 1.0, sampling_ratio: 'int' = -1, aligned: 'bool' = False). Treating as an Input.
W0417 16:50:40.005000 2976908 torch/onnx/_internal/exporter/_schemas.py:455] Missing annotation for parameter 'input' from (input, boxes, output_size: 'Sequence[int]', spatial_scale: 'float' = 1.0). Treating as an Input.
W0417 16:50:40.006000 2976908 torch/onnx/_internal/exporter/_schemas.py:455] Missing annotation for parameter 'boxes' from (input, boxes, output_size: 'Sequence[int]', spatial_scale: 'float' = 1.0). Treating as an Input.
/home/vd0034/.local/share/uv/python/cpython-3.12.12-linux-x86_64-gnu/lib/python3.12/copyreg.py:99: FutureWarning: `isinstance(treespec, LeafSpec)` is deprecated, use `isinstance(treespec, TreeSpec) and treespec.is_leaf()` instead.
  return cls.__new__(cls, *args)
Epoch [200/1000]  Loss: 0.0464
[torch.onnx] Obtain model graph for `DiffusionUNet([...]` with `torch.export.export(..., strict=False)`...
[torch.onnx] Obtain model graph for `DiffusionUNet([...]` with `torch.export.export(..., strict=False)`... ✅
[torch.onnx] Run decomposition...
[torch.onnx] Run decomposition... ✅
[torch.onnx] Translate the graph into ONNX...
[torch.onnx] Translate the graph into ONNX... ✅
ONNX saved to /home/vd0034/shallow_learning/scripts/output_genmodel/diffusion/diffusion_epoch200.onnx
Epoch [201/1000]  Loss: 0.0480
Epoch [202/1000]  Loss: 0.0440
Epoch [203/1000]  Loss: 0.0462
Epoch [204/1000]  Loss: 0.0426
Epoch [205/1000]  Loss: 0.0449
Epoch [206/1000]  Loss: 0.0423
Epoch [207/1000]  Loss: 0.0464
Epoch [208/1000]  Loss: 0.0483
Epoch [209/1000]  Loss: 0.0442
/home/vd0034/shallow_learning/src/shallow_learning/deepl/gen_model.py:406: UserWarning: # 'dynamic_axes' is not recommended when dynamo=True, and may lead to 'torch._dynamo.exc.UserError: Constraints violated.' Supply the 'dynamic_shapes' argument instead if export is unsuccessful.
  torch.onnx.export(self.model.unet, (dummy_x, dummy_t), filename,
W0417 16:51:00.470000 2976908 torch/onnx/_internal/exporter/_schemas.py:455] Missing annotation for parameter 'input' from (input, boxes, output_size: 'Sequence[int]', spatial_scale: 'float' = 1.0, sampling_ratio: 'int' = -1, aligned: 'bool' = False). Treating as an Input.
W0417 16:51:00.471000 2976908 torch/onnx/_internal/exporter/_schemas.py:455] Missing annotation for parameter 'boxes' from (input, boxes, output_size: 'Sequence[int]', spatial_scale: 'float' = 1.0, sampling_ratio: 'int' = -1, aligned: 'bool' = False). Treating as an Input.
W0417 16:51:00.471000 2976908 torch/onnx/_internal/exporter/_schemas.py:455] Missing annotation for parameter 'input' from (input, boxes, output_size: 'Sequence[int]', spatial_scale: 'float' = 1.0). Treating as an Input.
W0417 16:51:00.472000 2976908 torch/onnx/_internal/exporter/_schemas.py:455] Missing annotation for parameter 'boxes' from (input, boxes, output_size: 'Sequence[int]', spatial_scale: 'float' = 1.0). Treating as an Input.
/home/vd0034/.local/share/uv/python/cpython-3.12.12-linux-x86_64-gnu/lib/python3.12/copyreg.py:99: FutureWarning: `isinstance(treespec, LeafSpec)` is deprecated, use `isinstance(treespec, TreeSpec) and treespec.is_leaf()` instead.
  return cls.__new__(cls, *args)
Epoch [210/1000]  Loss: 0.0440
[torch.onnx] Obtain model graph for `DiffusionUNet([...]` with `torch.export.export(..., strict=False)`...
[torch.onnx] Obtain model graph for `DiffusionUNet([...]` with `torch.export.export(..., strict=False)`... ✅
[torch.onnx] Run decomposition...
[torch.onnx] Run decomposition... ✅
[torch.onnx] Translate the graph into ONNX...
[torch.onnx] Translate the graph into ONNX... ✅
ONNX saved to /home/vd0034/shallow_learning/scripts/output_genmodel/diffusion/diffusion_epoch210.onnx
Epoch [211/1000]  Loss: 0.0429
Epoch [212/1000]  Loss: 0.0452
Epoch [213/1000]  Loss: 0.0460
Epoch [214/1000]  Loss: 0.0452
Epoch [215/1000]  Loss: 0.0434
Epoch [216/1000]  Loss: 0.0465
Epoch [217/1000]  Loss: 0.0448
Epoch [218/1000]  Loss: 0.0438
Epoch [219/1000]  Loss: 0.0436
/home/vd0034/shallow_learning/src/shallow_learning/deepl/gen_model.py:406: UserWarning: # 'dynamic_axes' is not recommended when dynamo=True, and may lead to 'torch._dynamo.exc.UserError: Constraints violated.' Supply the 'dynamic_shapes' argument instead if export is unsuccessful.
  torch.onnx.export(self.model.unet, (dummy_x, dummy_t), filename,
W0417 16:51:20.596000 2976908 torch/onnx/_internal/exporter/_schemas.py:455] Missing annotation for parameter 'input' from (input, boxes, output_size: 'Sequence[int]', spatial_scale: 'float' = 1.0, sampling_ratio: 'int' = -1, aligned: 'bool' = False). Treating as an Input.
W0417 16:51:20.596000 2976908 torch/onnx/_internal/exporter/_schemas.py:455] Missing annotation for parameter 'boxes' from (input, boxes, output_size: 'Sequence[int]', spatial_scale: 'float' = 1.0, sampling_ratio: 'int' = -1, aligned: 'bool' = False). Treating as an Input.
W0417 16:51:20.597000 2976908 torch/onnx/_internal/exporter/_schemas.py:455] Missing annotation for parameter 'input' from (input, boxes, output_size: 'Sequence[int]', spatial_scale: 'float' = 1.0). Treating as an Input.
W0417 16:51:20.597000 2976908 torch/onnx/_internal/exporter/_schemas.py:455] Missing annotation for parameter 'boxes' from (input, boxes, output_size: 'Sequence[int]', spatial_scale: 'float' = 1.0). Treating as an Input.
/home/vd0034/.local/share/uv/python/cpython-3.12.12-linux-x86_64-gnu/lib/python3.12/copyreg.py:99: FutureWarning: `isinstance(treespec, LeafSpec)` is deprecated, use `isinstance(treespec, TreeSpec) and treespec.is_leaf()` instead.
  return cls.__new__(cls, *args)
Epoch [220/1000]  Loss: 0.0433
[torch.onnx] Obtain model graph for `DiffusionUNet([...]` with `torch.export.export(..., strict=False)`...
[torch.onnx] Obtain model graph for `DiffusionUNet([...]` with `torch.export.export(..., strict=False)`... ✅
[torch.onnx] Run decomposition...
[torch.onnx] Run decomposition... ✅
[torch.onnx] Translate the graph into ONNX...
[torch.onnx] Translate the graph into ONNX... ✅
ONNX saved to /home/vd0034/shallow_learning/scripts/output_genmodel/diffusion/diffusion_epoch220.onnx
Epoch [221/1000]  Loss: 0.0405
Epoch [222/1000]  Loss: 0.0460
Epoch [223/1000]  Loss: 0.0454
Epoch [224/1000]  Loss: 0.0419
Epoch [225/1000]  Loss: 0.0426
Epoch [226/1000]  Loss: 0.0434
Epoch [227/1000]  Loss: 0.0424
Epoch [228/1000]  Loss: 0.0431
Epoch [229/1000]  Loss: 0.0419
/home/vd0034/shallow_learning/src/shallow_learning/deepl/gen_model.py:406: UserWarning: # 'dynamic_axes' is not recommended when dynamo=True, and may lead to 'torch._dynamo.exc.UserError: Constraints violated.' Supply the 'dynamic_shapes' argument instead if export is unsuccessful.
  torch.onnx.export(self.model.unet, (dummy_x, dummy_t), filename,
W0417 16:51:43.191000 2976908 torch/onnx/_internal/exporter/_schemas.py:455] Missing annotation for parameter 'input' from (input, boxes, output_size: 'Sequence[int]', spatial_scale: 'float' = 1.0, sampling_ratio: 'int' = -1, aligned: 'bool' = False). Treating as an Input.
W0417 16:51:43.192000 2976908 torch/onnx/_internal/exporter/_schemas.py:455] Missing annotation for parameter 'boxes' from (input, boxes, output_size: 'Sequence[int]', spatial_scale: 'float' = 1.0, sampling_ratio: 'int' = -1, aligned: 'bool' = False). Treating as an Input.
W0417 16:51:43.193000 2976908 torch/onnx/_internal/exporter/_schemas.py:455] Missing annotation for parameter 'input' from (input, boxes, output_size: 'Sequence[int]', spatial_scale: 'float' = 1.0). Treating as an Input.
W0417 16:51:43.193000 2976908 torch/onnx/_internal/exporter/_schemas.py:455] Missing annotation for parameter 'boxes' from (input, boxes, output_size: 'Sequence[int]', spatial_scale: 'float' = 1.0). Treating as an Input.
/home/vd0034/.local/share/uv/python/cpython-3.12.12-linux-x86_64-gnu/lib/python3.12/copyreg.py:99: FutureWarning: `isinstance(treespec, LeafSpec)` is deprecated, use `isinstance(treespec, TreeSpec) and treespec.is_leaf()` instead.
  return cls.__new__(cls, *args)
Epoch [230/1000]  Loss: 0.0427
[torch.onnx] Obtain model graph for `DiffusionUNet([...]` with `torch.export.export(..., strict=False)`...
[torch.onnx] Obtain model graph for `DiffusionUNet([...]` with `torch.export.export(..., strict=False)`... ✅
[torch.onnx] Run decomposition...
[torch.onnx] Run decomposition... ✅
[torch.onnx] Translate the graph into ONNX...
[torch.onnx] Translate the graph into ONNX... ✅
ONNX saved to /home/vd0034/shallow_learning/scripts/output_genmodel/diffusion/diffusion_epoch230.onnx
Epoch [231/1000]  Loss: 0.0436
Epoch [232/1000]  Loss: 0.0442
Epoch [233/1000]  Loss: 0.0465
Epoch [234/1000]  Loss: 0.0429
Epoch [235/1000]  Loss: 0.0429
Epoch [236/1000]  Loss: 0.0436
Epoch [237/1000]  Loss: 0.0435
Epoch [238/1000]  Loss: 0.0424
Epoch [239/1000]  Loss: 0.0434
/home/vd0034/shallow_learning/src/shallow_learning/deepl/gen_model.py:406: UserWarning: # 'dynamic_axes' is not recommended when dynamo=True, and may lead to 'torch._dynamo.exc.UserError: Constraints violated.' Supply the 'dynamic_shapes' argument instead if export is unsuccessful.
  torch.onnx.export(self.model.unet, (dummy_x, dummy_t), filename,
W0417 16:52:04.037000 2976908 torch/onnx/_internal/exporter/_schemas.py:455] Missing annotation for parameter 'input' from (input, boxes, output_size: 'Sequence[int]', spatial_scale: 'float' = 1.0, sampling_ratio: 'int' = -1, aligned: 'bool' = False). Treating as an Input.
W0417 16:52:04.039000 2976908 torch/onnx/_internal/exporter/_schemas.py:455] Missing annotation for parameter 'boxes' from (input, boxes, output_size: 'Sequence[int]', spatial_scale: 'float' = 1.0, sampling_ratio: 'int' = -1, aligned: 'bool' = False). Treating as an Input.
W0417 16:52:04.039000 2976908 torch/onnx/_internal/exporter/_schemas.py:455] Missing annotation for parameter 'input' from (input, boxes, output_size: 'Sequence[int]', spatial_scale: 'float' = 1.0). Treating as an Input.
W0417 16:52:04.039000 2976908 torch/onnx/_internal/exporter/_schemas.py:455] Missing annotation for parameter 'boxes' from (input, boxes, output_size: 'Sequence[int]', spatial_scale: 'float' = 1.0). Treating as an Input.
/home/vd0034/.local/share/uv/python/cpython-3.12.12-linux-x86_64-gnu/lib/python3.12/copyreg.py:99: FutureWarning: `isinstance(treespec, LeafSpec)` is deprecated, use `isinstance(treespec, TreeSpec) and treespec.is_leaf()` instead.
  return cls.__new__(cls, *args)
Epoch [240/1000]  Loss: 0.0421
[torch.onnx] Obtain model graph for `DiffusionUNet([...]` with `torch.export.export(..., strict=False)`...
[torch.onnx] Obtain model graph for `DiffusionUNet([...]` with `torch.export.export(..., strict=False)`... ✅
[torch.onnx] Run decomposition...
[torch.onnx] Run decomposition... ✅
[torch.onnx] Translate the graph into ONNX...
[torch.onnx] Translate the graph into ONNX... ✅
ONNX saved to /home/vd0034/shallow_learning/scripts/output_genmodel/diffusion/diffusion_epoch240.onnx
Epoch [241/1000]  Loss: 0.0396
Epoch [242/1000]  Loss: 0.0407
Epoch [243/1000]  Loss: 0.0425
Epoch [244/1000]  Loss: 0.0432
Epoch [245/1000]  Loss: 0.0417
Epoch [246/1000]  Loss: 0.0443
Epoch [247/1000]  Loss: 0.0427
Epoch [248/1000]  Loss: 0.0439
Epoch [249/1000]  Loss: 0.0418
/home/vd0034/shallow_learning/src/shallow_learning/deepl/gen_model.py:406: UserWarning: # 'dynamic_axes' is not recommended when dynamo=True, and may lead to 'torch._dynamo.exc.UserError: Constraints violated.' Supply the 'dynamic_shapes' argument instead if export is unsuccessful.
  torch.onnx.export(self.model.unet, (dummy_x, dummy_t), filename,
W0417 16:52:27.909000 2976908 torch/onnx/_internal/exporter/_schemas.py:455] Missing annotation for parameter 'input' from (input, boxes, output_size: 'Sequence[int]', spatial_scale: 'float' = 1.0, sampling_ratio: 'int' = -1, aligned: 'bool' = False). Treating as an Input.
W0417 16:52:27.910000 2976908 torch/onnx/_internal/exporter/_schemas.py:455] Missing annotation for parameter 'boxes' from (input, boxes, output_size: 'Sequence[int]', spatial_scale: 'float' = 1.0, sampling_ratio: 'int' = -1, aligned: 'bool' = False). Treating as an Input.
W0417 16:52:27.911000 2976908 torch/onnx/_internal/exporter/_schemas.py:455] Missing annotation for parameter 'input' from (input, boxes, output_size: 'Sequence[int]', spatial_scale: 'float' = 1.0). Treating as an Input.
W0417 16:52:27.911000 2976908 torch/onnx/_internal/exporter/_schemas.py:455] Missing annotation for parameter 'boxes' from (input, boxes, output_size: 'Sequence[int]', spatial_scale: 'float' = 1.0). Treating as an Input.
/home/vd0034/.local/share/uv/python/cpython-3.12.12-linux-x86_64-gnu/lib/python3.12/copyreg.py:99: FutureWarning: `isinstance(treespec, LeafSpec)` is deprecated, use `isinstance(treespec, TreeSpec) and treespec.is_leaf()` instead.
  return cls.__new__(cls, *args)
Epoch [250/1000]  Loss: 0.0429
[torch.onnx] Obtain model graph for `DiffusionUNet([...]` with `torch.export.export(..., strict=False)`...
[torch.onnx] Obtain model graph for `DiffusionUNet([...]` with `torch.export.export(..., strict=False)`... ✅
[torch.onnx] Run decomposition...
[torch.onnx] Run decomposition... ✅
[torch.onnx] Translate the graph into ONNX...
[torch.onnx] Translate the graph into ONNX... ✅
ONNX saved to /home/vd0034/shallow_learning/scripts/output_genmodel/diffusion/diffusion_epoch250.onnx
Epoch [251/1000]  Loss: 0.0438
Epoch [252/1000]  Loss: 0.0423
Epoch [253/1000]  Loss: 0.0432
Epoch [254/1000]  Loss: 0.0423
Epoch [255/1000]  Loss: 0.0395
Epoch [256/1000]  Loss: 0.0438
Epoch [257/1000]  Loss: 0.0432
Epoch [258/1000]  Loss: 0.0415
Epoch [259/1000]  Loss: 0.0403
/home/vd0034/shallow_learning/src/shallow_learning/deepl/gen_model.py:406: UserWarning: # 'dynamic_axes' is not recommended when dynamo=True, and may lead to 'torch._dynamo.exc.UserError: Constraints violated.' Supply the 'dynamic_shapes' argument instead if export is unsuccessful.
  torch.onnx.export(self.model.unet, (dummy_x, dummy_t), filename,
W0417 16:52:48.871000 2976908 torch/onnx/_internal/exporter/_schemas.py:455] Missing annotation for parameter 'input' from (input, boxes, output_size: 'Sequence[int]', spatial_scale: 'float' = 1.0, sampling_ratio: 'int' = -1, aligned: 'bool' = False). Treating as an Input.
W0417 16:52:48.872000 2976908 torch/onnx/_internal/exporter/_schemas.py:455] Missing annotation for parameter 'boxes' from (input, boxes, output_size: 'Sequence[int]', spatial_scale: 'float' = 1.0, sampling_ratio: 'int' = -1, aligned: 'bool' = False). Treating as an Input.
W0417 16:52:48.872000 2976908 torch/onnx/_internal/exporter/_schemas.py:455] Missing annotation for parameter 'input' from (input, boxes, output_size: 'Sequence[int]', spatial_scale: 'float' = 1.0). Treating as an Input.
W0417 16:52:48.873000 2976908 torch/onnx/_internal/exporter/_schemas.py:455] Missing annotation for parameter 'boxes' from (input, boxes, output_size: 'Sequence[int]', spatial_scale: 'float' = 1.0). Treating as an Input.
/home/vd0034/.local/share/uv/python/cpython-3.12.12-linux-x86_64-gnu/lib/python3.12/copyreg.py:99: FutureWarning: `isinstance(treespec, LeafSpec)` is deprecated, use `isinstance(treespec, TreeSpec) and treespec.is_leaf()` instead.
  return cls.__new__(cls, *args)
Epoch [260/1000]  Loss: 0.0402
[torch.onnx] Obtain model graph for `DiffusionUNet([...]` with `torch.export.export(..., strict=False)`...
[torch.onnx] Obtain model graph for `DiffusionUNet([...]` with `torch.export.export(..., strict=False)`... ✅
[torch.onnx] Run decomposition...
[torch.onnx] Run decomposition... ✅
[torch.onnx] Translate the graph into ONNX...
[torch.onnx] Translate the graph into ONNX... ✅
ONNX saved to /home/vd0034/shallow_learning/scripts/output_genmodel/diffusion/diffusion_epoch260.onnx
Epoch [261/1000]  Loss: 0.0420
Epoch [262/1000]  Loss: 0.0422
Epoch [263/1000]  Loss: 0.0413
Epoch [264/1000]  Loss: 0.0413
Epoch [265/1000]  Loss: 0.0406
Epoch [266/1000]  Loss: 0.0406
Epoch [267/1000]  Loss: 0.0421
Epoch [268/1000]  Loss: 0.0404
Epoch [269/1000]  Loss: 0.0444
/home/vd0034/shallow_learning/src/shallow_learning/deepl/gen_model.py:406: UserWarning: # 'dynamic_axes' is not recommended when dynamo=True, and may lead to 'torch._dynamo.exc.UserError: Constraints violated.' Supply the 'dynamic_shapes' argument instead if export is unsuccessful.
  torch.onnx.export(self.model.unet, (dummy_x, dummy_t), filename,
W0417 16:53:09.283000 2976908 torch/onnx/_internal/exporter/_schemas.py:455] Missing annotation for parameter 'input' from (input, boxes, output_size: 'Sequence[int]', spatial_scale: 'float' = 1.0, sampling_ratio: 'int' = -1, aligned: 'bool' = False). Treating as an Input.
W0417 16:53:09.284000 2976908 torch/onnx/_internal/exporter/_schemas.py:455] Missing annotation for parameter 'boxes' from (input, boxes, output_size: 'Sequence[int]', spatial_scale: 'float' = 1.0, sampling_ratio: 'int' = -1, aligned: 'bool' = False). Treating as an Input.
W0417 16:53:09.284000 2976908 torch/onnx/_internal/exporter/_schemas.py:455] Missing annotation for parameter 'input' from (input, boxes, output_size: 'Sequence[int]', spatial_scale: 'float' = 1.0). Treating as an Input.
W0417 16:53:09.285000 2976908 torch/onnx/_internal/exporter/_schemas.py:455] Missing annotation for parameter 'boxes' from (input, boxes, output_size: 'Sequence[int]', spatial_scale: 'float' = 1.0). Treating as an Input.
/home/vd0034/.local/share/uv/python/cpython-3.12.12-linux-x86_64-gnu/lib/python3.12/copyreg.py:99: FutureWarning: `isinstance(treespec, LeafSpec)` is deprecated, use `isinstance(treespec, TreeSpec) and treespec.is_leaf()` instead.
  return cls.__new__(cls, *args)
Epoch [270/1000]  Loss: 0.0375
[torch.onnx] Obtain model graph for `DiffusionUNet([...]` with `torch.export.export(..., strict=False)`...
[torch.onnx] Obtain model graph for `DiffusionUNet([...]` with `torch.export.export(..., strict=False)`... ✅
[torch.onnx] Run decomposition...
[torch.onnx] Run decomposition... ✅
[torch.onnx] Translate the graph into ONNX...
[torch.onnx] Translate the graph into ONNX... ✅
ONNX saved to /home/vd0034/shallow_learning/scripts/output_genmodel/diffusion/diffusion_epoch270.onnx
Epoch [271/1000]  Loss: 0.0436
Epoch [272/1000]  Loss: 0.0393
Epoch [273/1000]  Loss: 0.0412
Epoch [274/1000]  Loss: 0.0405
Epoch [275/1000]  Loss: 0.0403
Epoch [276/1000]  Loss: 0.0408
Epoch [277/1000]  Loss: 0.0390
Epoch [278/1000]  Loss: 0.0413
Epoch [279/1000]  Loss: 0.0402
/home/vd0034/shallow_learning/src/shallow_learning/deepl/gen_model.py:406: UserWarning: # 'dynamic_axes' is not recommended when dynamo=True, and may lead to 'torch._dynamo.exc.UserError: Constraints violated.' Supply the 'dynamic_shapes' argument instead if export is unsuccessful.
  torch.onnx.export(self.model.unet, (dummy_x, dummy_t), filename,
W0417 16:53:30.874000 2976908 torch/onnx/_internal/exporter/_schemas.py:455] Missing annotation for parameter 'input' from (input, boxes, output_size: 'Sequence[int]', spatial_scale: 'float' = 1.0, sampling_ratio: 'int' = -1, aligned: 'bool' = False). Treating as an Input.
W0417 16:53:30.874000 2976908 torch/onnx/_internal/exporter/_schemas.py:455] Missing annotation for parameter 'boxes' from (input, boxes, output_size: 'Sequence[int]', spatial_scale: 'float' = 1.0, sampling_ratio: 'int' = -1, aligned: 'bool' = False). Treating as an Input.
W0417 16:53:30.875000 2976908 torch/onnx/_internal/exporter/_schemas.py:455] Missing annotation for parameter 'input' from (input, boxes, output_size: 'Sequence[int]', spatial_scale: 'float' = 1.0). Treating as an Input.
W0417 16:53:30.875000 2976908 torch/onnx/_internal/exporter/_schemas.py:455] Missing annotation for parameter 'boxes' from (input, boxes, output_size: 'Sequence[int]', spatial_scale: 'float' = 1.0). Treating as an Input.
/home/vd0034/.local/share/uv/python/cpython-3.12.12-linux-x86_64-gnu/lib/python3.12/copyreg.py:99: FutureWarning: `isinstance(treespec, LeafSpec)` is deprecated, use `isinstance(treespec, TreeSpec) and treespec.is_leaf()` instead.
  return cls.__new__(cls, *args)
Epoch [280/1000]  Loss: 0.0405
[torch.onnx] Obtain model graph for `DiffusionUNet([...]` with `torch.export.export(..., strict=False)`...
[torch.onnx] Obtain model graph for `DiffusionUNet([...]` with `torch.export.export(..., strict=False)`... ✅
[torch.onnx] Run decomposition...
[torch.onnx] Run decomposition... ✅
[torch.onnx] Translate the graph into ONNX...
[torch.onnx] Translate the graph into ONNX... ✅
ONNX saved to /home/vd0034/shallow_learning/scripts/output_genmodel/diffusion/diffusion_epoch280.onnx
Epoch [281/1000]  Loss: 0.0402
Epoch [282/1000]  Loss: 0.0400
Epoch [283/1000]  Loss: 0.0419
Epoch [284/1000]  Loss: 0.0389
Epoch [285/1000]  Loss: 0.0414
Epoch [286/1000]  Loss: 0.0412
Epoch [287/1000]  Loss: 0.0404
Epoch [288/1000]  Loss: 0.0415
Epoch [289/1000]  Loss: 0.0394
/home/vd0034/shallow_learning/src/shallow_learning/deepl/gen_model.py:406: UserWarning: # 'dynamic_axes' is not recommended when dynamo=True, and may lead to 'torch._dynamo.exc.UserError: Constraints violated.' Supply the 'dynamic_shapes' argument instead if export is unsuccessful.
  torch.onnx.export(self.model.unet, (dummy_x, dummy_t), filename,
W0417 16:53:51.711000 2976908 torch/onnx/_internal/exporter/_schemas.py:455] Missing annotation for parameter 'input' from (input, boxes, output_size: 'Sequence[int]', spatial_scale: 'float' = 1.0, sampling_ratio: 'int' = -1, aligned: 'bool' = False). Treating as an Input.
W0417 16:53:51.712000 2976908 torch/onnx/_internal/exporter/_schemas.py:455] Missing annotation for parameter 'boxes' from (input, boxes, output_size: 'Sequence[int]', spatial_scale: 'float' = 1.0, sampling_ratio: 'int' = -1, aligned: 'bool' = False). Treating as an Input.
W0417 16:53:51.712000 2976908 torch/onnx/_internal/exporter/_schemas.py:455] Missing annotation for parameter 'input' from (input, boxes, output_size: 'Sequence[int]', spatial_scale: 'float' = 1.0). Treating as an Input.
W0417 16:53:51.712000 2976908 torch/onnx/_internal/exporter/_schemas.py:455] Missing annotation for parameter 'boxes' from (input, boxes, output_size: 'Sequence[int]', spatial_scale: 'float' = 1.0). Treating as an Input.
/home/vd0034/.local/share/uv/python/cpython-3.12.12-linux-x86_64-gnu/lib/python3.12/copyreg.py:99: FutureWarning: `isinstance(treespec, LeafSpec)` is deprecated, use `isinstance(treespec, TreeSpec) and treespec.is_leaf()` instead.
  return cls.__new__(cls, *args)
Epoch [290/1000]  Loss: 0.0387
[torch.onnx] Obtain model graph for `DiffusionUNet([...]` with `torch.export.export(..., strict=False)`...
[torch.onnx] Obtain model graph for `DiffusionUNet([...]` with `torch.export.export(..., strict=False)`... ✅
[torch.onnx] Run decomposition...
[torch.onnx] Run decomposition... ✅
[torch.onnx] Translate the graph into ONNX...
[torch.onnx] Translate the graph into ONNX... ✅
ONNX saved to /home/vd0034/shallow_learning/scripts/output_genmodel/diffusion/diffusion_epoch290.onnx
Epoch [291/1000]  Loss: 0.0410
Epoch [292/1000]  Loss: 0.0405
Epoch [293/1000]  Loss: 0.0382
Epoch [294/1000]  Loss: 0.0425
Epoch [295/1000]  Loss: 0.0400
Epoch [296/1000]  Loss: 0.0399
Epoch [297/1000]  Loss: 0.0410
Epoch [298/1000]  Loss: 0.0398
Epoch [299/1000]  Loss: 0.0417
/home/vd0034/shallow_learning/src/shallow_learning/deepl/gen_model.py:406: UserWarning: # 'dynamic_axes' is not recommended when dynamo=True, and may lead to 'torch._dynamo.exc.UserError: Constraints violated.' Supply the 'dynamic_shapes' argument instead if export is unsuccessful.
  torch.onnx.export(self.model.unet, (dummy_x, dummy_t), filename,
W0417 16:54:15.315000 2976908 torch/onnx/_internal/exporter/_schemas.py:455] Missing annotation for parameter 'input' from (input, boxes, output_size: 'Sequence[int]', spatial_scale: 'float' = 1.0, sampling_ratio: 'int' = -1, aligned: 'bool' = False). Treating as an Input.
W0417 16:54:15.316000 2976908 torch/onnx/_internal/exporter/_schemas.py:455] Missing annotation for parameter 'boxes' from (input, boxes, output_size: 'Sequence[int]', spatial_scale: 'float' = 1.0, sampling_ratio: 'int' = -1, aligned: 'bool' = False). Treating as an Input.
W0417 16:54:15.316000 2976908 torch/onnx/_internal/exporter/_schemas.py:455] Missing annotation for parameter 'input' from (input, boxes, output_size: 'Sequence[int]', spatial_scale: 'float' = 1.0). Treating as an Input.
W0417 16:54:15.317000 2976908 torch/onnx/_internal/exporter/_schemas.py:455] Missing annotation for parameter 'boxes' from (input, boxes, output_size: 'Sequence[int]', spatial_scale: 'float' = 1.0). Treating as an Input.
/home/vd0034/.local/share/uv/python/cpython-3.12.12-linux-x86_64-gnu/lib/python3.12/copyreg.py:99: FutureWarning: `isinstance(treespec, LeafSpec)` is deprecated, use `isinstance(treespec, TreeSpec) and treespec.is_leaf()` instead.
  return cls.__new__(cls, *args)
Epoch [300/1000]  Loss: 0.0422
[torch.onnx] Obtain model graph for `DiffusionUNet([...]` with `torch.export.export(..., strict=False)`...
[torch.onnx] Obtain model graph for `DiffusionUNet([...]` with `torch.export.export(..., strict=False)`... ✅
[torch.onnx] Run decomposition...
[torch.onnx] Run decomposition... ✅
[torch.onnx] Translate the graph into ONNX...
[torch.onnx] Translate the graph into ONNX... ✅
ONNX saved to /home/vd0034/shallow_learning/scripts/output_genmodel/diffusion/diffusion_epoch300.onnx
Epoch [301/1000]  Loss: 0.0398
Epoch [302/1000]  Loss: 0.0413
Epoch [303/1000]  Loss: 0.0405
Epoch [304/1000]  Loss: 0.0396
Epoch [305/1000]  Loss: 0.0387
Epoch [306/1000]  Loss: 0.0404
Epoch [307/1000]  Loss: 0.0379
Epoch [308/1000]  Loss: 0.0399
Epoch [309/1000]  Loss: 0.0404
/home/vd0034/shallow_learning/src/shallow_learning/deepl/gen_model.py:406: UserWarning: # 'dynamic_axes' is not recommended when dynamo=True, and may lead to 'torch._dynamo.exc.UserError: Constraints violated.' Supply the 'dynamic_shapes' argument instead if export is unsuccessful.
  torch.onnx.export(self.model.unet, (dummy_x, dummy_t), filename,
W0417 16:54:36.355000 2976908 torch/onnx/_internal/exporter/_schemas.py:455] Missing annotation for parameter 'input' from (input, boxes, output_size: 'Sequence[int]', spatial_scale: 'float' = 1.0, sampling_ratio: 'int' = -1, aligned: 'bool' = False). Treating as an Input.
W0417 16:54:36.356000 2976908 torch/onnx/_internal/exporter/_schemas.py:455] Missing annotation for parameter 'boxes' from (input, boxes, output_size: 'Sequence[int]', spatial_scale: 'float' = 1.0, sampling_ratio: 'int' = -1, aligned: 'bool' = False). Treating as an Input.
W0417 16:54:36.357000 2976908 torch/onnx/_internal/exporter/_schemas.py:455] Missing annotation for parameter 'input' from (input, boxes, output_size: 'Sequence[int]', spatial_scale: 'float' = 1.0). Treating as an Input.
W0417 16:54:36.357000 2976908 torch/onnx/_internal/exporter/_schemas.py:455] Missing annotation for parameter 'boxes' from (input, boxes, output_size: 'Sequence[int]', spatial_scale: 'float' = 1.0). Treating as an Input.
/home/vd0034/.local/share/uv/python/cpython-3.12.12-linux-x86_64-gnu/lib/python3.12/copyreg.py:99: FutureWarning: `isinstance(treespec, LeafSpec)` is deprecated, use `isinstance(treespec, TreeSpec) and treespec.is_leaf()` instead.
  return cls.__new__(cls, *args)
Epoch [310/1000]  Loss: 0.0395
[torch.onnx] Obtain model graph for `DiffusionUNet([...]` with `torch.export.export(..., strict=False)`...
[torch.onnx] Obtain model graph for `DiffusionUNet([...]` with `torch.export.export(..., strict=False)`... ✅
[torch.onnx] Run decomposition...
[torch.onnx] Run decomposition... ✅
[torch.onnx] Translate the graph into ONNX...
[torch.onnx] Translate the graph into ONNX... ✅
ONNX saved to /home/vd0034/shallow_learning/scripts/output_genmodel/diffusion/diffusion_epoch310.onnx
Epoch [311/1000]  Loss: 0.0401
Epoch [312/1000]  Loss: 0.0395
Epoch [313/1000]  Loss: 0.0414
Epoch [314/1000]  Loss: 0.0393
Epoch [315/1000]  Loss: 0.0403
Epoch [316/1000]  Loss: 0.0411
Epoch [317/1000]  Loss: 0.0403
Epoch [318/1000]  Loss: 0.0407
Epoch [319/1000]  Loss: 0.0417
/home/vd0034/shallow_learning/src/shallow_learning/deepl/gen_model.py:406: UserWarning: # 'dynamic_axes' is not recommended when dynamo=True, and may lead to 'torch._dynamo.exc.UserError: Constraints violated.' Supply the 'dynamic_shapes' argument instead if export is unsuccessful.
  torch.onnx.export(self.model.unet, (dummy_x, dummy_t), filename,
W0417 16:54:59.897000 2976908 torch/onnx/_internal/exporter/_schemas.py:455] Missing annotation for parameter 'input' from (input, boxes, output_size: 'Sequence[int]', spatial_scale: 'float' = 1.0, sampling_ratio: 'int' = -1, aligned: 'bool' = False). Treating as an Input.
W0417 16:54:59.898000 2976908 torch/onnx/_internal/exporter/_schemas.py:455] Missing annotation for parameter 'boxes' from (input, boxes, output_size: 'Sequence[int]', spatial_scale: 'float' = 1.0, sampling_ratio: 'int' = -1, aligned: 'bool' = False). Treating as an Input.
W0417 16:54:59.899000 2976908 torch/onnx/_internal/exporter/_schemas.py:455] Missing annotation for parameter 'input' from (input, boxes, output_size: 'Sequence[int]', spatial_scale: 'float' = 1.0). Treating as an Input.
W0417 16:54:59.899000 2976908 torch/onnx/_internal/exporter/_schemas.py:455] Missing annotation for parameter 'boxes' from (input, boxes, output_size: 'Sequence[int]', spatial_scale: 'float' = 1.0). Treating as an Input.
/home/vd0034/.local/share/uv/python/cpython-3.12.12-linux-x86_64-gnu/lib/python3.12/copyreg.py:99: FutureWarning: `isinstance(treespec, LeafSpec)` is deprecated, use `isinstance(treespec, TreeSpec) and treespec.is_leaf()` instead.
  return cls.__new__(cls, *args)
Epoch [320/1000]  Loss: 0.0383
[torch.onnx] Obtain model graph for `DiffusionUNet([...]` with `torch.export.export(..., strict=False)`...
[torch.onnx] Obtain model graph for `DiffusionUNet([...]` with `torch.export.export(..., strict=False)`... ✅
[torch.onnx] Run decomposition...
[torch.onnx] Run decomposition... ✅
[torch.onnx] Translate the graph into ONNX...
[torch.onnx] Translate the graph into ONNX... ✅
ONNX saved to /home/vd0034/shallow_learning/scripts/output_genmodel/diffusion/diffusion_epoch320.onnx
Epoch [321/1000]  Loss: 0.0364
Epoch [322/1000]  Loss: 0.0385
Epoch [323/1000]  Loss: 0.0372
Epoch [324/1000]  Loss: 0.0375
Epoch [325/1000]  Loss: 0.0392
Epoch [326/1000]  Loss: 0.0400
Epoch [327/1000]  Loss: 0.0389
Epoch [328/1000]  Loss: 0.0398
Epoch [329/1000]  Loss: 0.0383
/home/vd0034/shallow_learning/src/shallow_learning/deepl/gen_model.py:406: UserWarning: # 'dynamic_axes' is not recommended when dynamo=True, and may lead to 'torch._dynamo.exc.UserError: Constraints violated.' Supply the 'dynamic_shapes' argument instead if export is unsuccessful.
  torch.onnx.export(self.model.unet, (dummy_x, dummy_t), filename,
W0417 16:55:20.741000 2976908 torch/onnx/_internal/exporter/_schemas.py:455] Missing annotation for parameter 'input' from (input, boxes, output_size: 'Sequence[int]', spatial_scale: 'float' = 1.0, sampling_ratio: 'int' = -1, aligned: 'bool' = False). Treating as an Input.
W0417 16:55:20.742000 2976908 torch/onnx/_internal/exporter/_schemas.py:455] Missing annotation for parameter 'boxes' from (input, boxes, output_size: 'Sequence[int]', spatial_scale: 'float' = 1.0, sampling_ratio: 'int' = -1, aligned: 'bool' = False). Treating as an Input.
W0417 16:55:20.742000 2976908 torch/onnx/_internal/exporter/_schemas.py:455] Missing annotation for parameter 'input' from (input, boxes, output_size: 'Sequence[int]', spatial_scale: 'float' = 1.0). Treating as an Input.
W0417 16:55:20.743000 2976908 torch/onnx/_internal/exporter/_schemas.py:455] Missing annotation for parameter 'boxes' from (input, boxes, output_size: 'Sequence[int]', spatial_scale: 'float' = 1.0). Treating as an Input.
/home/vd0034/.local/share/uv/python/cpython-3.12.12-linux-x86_64-gnu/lib/python3.12/copyreg.py:99: FutureWarning: `isinstance(treespec, LeafSpec)` is deprecated, use `isinstance(treespec, TreeSpec) and treespec.is_leaf()` instead.
  return cls.__new__(cls, *args)
Epoch [330/1000]  Loss: 0.0372
[torch.onnx] Obtain model graph for `DiffusionUNet([...]` with `torch.export.export(..., strict=False)`...
[torch.onnx] Obtain model graph for `DiffusionUNet([...]` with `torch.export.export(..., strict=False)`... ✅
[torch.onnx] Run decomposition...
[torch.onnx] Run decomposition... ✅
[torch.onnx] Translate the graph into ONNX...
[torch.onnx] Translate the graph into ONNX... ✅
ONNX saved to /home/vd0034/shallow_learning/scripts/output_genmodel/diffusion/diffusion_epoch330.onnx
Epoch [331/1000]  Loss: 0.0365
Epoch [332/1000]  Loss: 0.0396
Epoch [333/1000]  Loss: 0.0395
Epoch [334/1000]  Loss: 0.0410
Epoch [335/1000]  Loss: 0.0376
Epoch [336/1000]  Loss: 0.0391
Epoch [337/1000]  Loss: 0.0388
Epoch [338/1000]  Loss: 0.0366
Epoch [339/1000]  Loss: 0.0408
/home/vd0034/shallow_learning/src/shallow_learning/deepl/gen_model.py:406: UserWarning: # 'dynamic_axes' is not recommended when dynamo=True, and may lead to 'torch._dynamo.exc.UserError: Constraints violated.' Supply the 'dynamic_shapes' argument instead if export is unsuccessful.
  torch.onnx.export(self.model.unet, (dummy_x, dummy_t), filename,
W0417 16:55:41.526000 2976908 torch/onnx/_internal/exporter/_schemas.py:455] Missing annotation for parameter 'input' from (input, boxes, output_size: 'Sequence[int]', spatial_scale: 'float' = 1.0, sampling_ratio: 'int' = -1, aligned: 'bool' = False). Treating as an Input.
W0417 16:55:41.526000 2976908 torch/onnx/_internal/exporter/_schemas.py:455] Missing annotation for parameter 'boxes' from (input, boxes, output_size: 'Sequence[int]', spatial_scale: 'float' = 1.0, sampling_ratio: 'int' = -1, aligned: 'bool' = False). Treating as an Input.
W0417 16:55:41.527000 2976908 torch/onnx/_internal/exporter/_schemas.py:455] Missing annotation for parameter 'input' from (input, boxes, output_size: 'Sequence[int]', spatial_scale: 'float' = 1.0). Treating as an Input.
W0417 16:55:41.527000 2976908 torch/onnx/_internal/exporter/_schemas.py:455] Missing annotation for parameter 'boxes' from (input, boxes, output_size: 'Sequence[int]', spatial_scale: 'float' = 1.0). Treating as an Input.
/home/vd0034/.local/share/uv/python/cpython-3.12.12-linux-x86_64-gnu/lib/python3.12/copyreg.py:99: FutureWarning: `isinstance(treespec, LeafSpec)` is deprecated, use `isinstance(treespec, TreeSpec) and treespec.is_leaf()` instead.
  return cls.__new__(cls, *args)
Epoch [340/1000]  Loss: 0.0410
[torch.onnx] Obtain model graph for `DiffusionUNet([...]` with `torch.export.export(..., strict=False)`...
[torch.onnx] Obtain model graph for `DiffusionUNet([...]` with `torch.export.export(..., strict=False)`... ✅
[torch.onnx] Run decomposition...
[torch.onnx] Run decomposition... ✅
[torch.onnx] Translate the graph into ONNX...
[torch.onnx] Translate the graph into ONNX... ✅
ONNX saved to /home/vd0034/shallow_learning/scripts/output_genmodel/diffusion/diffusion_epoch340.onnx
Epoch [341/1000]  Loss: 0.0397
Epoch [342/1000]  Loss: 0.0384
Epoch [343/1000]  Loss: 0.0390
Epoch [344/1000]  Loss: 0.0359
Epoch [345/1000]  Loss: 0.0389
Epoch [346/1000]  Loss: 0.0370
Epoch [347/1000]  Loss: 0.0359
Epoch [348/1000]  Loss: 0.0378
Epoch [349/1000]  Loss: 0.0376
/home/vd0034/shallow_learning/src/shallow_learning/deepl/gen_model.py:406: UserWarning: # 'dynamic_axes' is not recommended when dynamo=True, and may lead to 'torch._dynamo.exc.UserError: Constraints violated.' Supply the 'dynamic_shapes' argument instead if export is unsuccessful.
  torch.onnx.export(self.model.unet, (dummy_x, dummy_t), filename,
W0417 16:56:03.212000 2976908 torch/onnx/_internal/exporter/_schemas.py:455] Missing annotation for parameter 'input' from (input, boxes, output_size: 'Sequence[int]', spatial_scale: 'float' = 1.0, sampling_ratio: 'int' = -1, aligned: 'bool' = False). Treating as an Input.
W0417 16:56:03.213000 2976908 torch/onnx/_internal/exporter/_schemas.py:455] Missing annotation for parameter 'boxes' from (input, boxes, output_size: 'Sequence[int]', spatial_scale: 'float' = 1.0, sampling_ratio: 'int' = -1, aligned: 'bool' = False). Treating as an Input.
W0417 16:56:03.213000 2976908 torch/onnx/_internal/exporter/_schemas.py:455] Missing annotation for parameter 'input' from (input, boxes, output_size: 'Sequence[int]', spatial_scale: 'float' = 1.0). Treating as an Input.
W0417 16:56:03.213000 2976908 torch/onnx/_internal/exporter/_schemas.py:455] Missing annotation for parameter 'boxes' from (input, boxes, output_size: 'Sequence[int]', spatial_scale: 'float' = 1.0). Treating as an Input.
/home/vd0034/.local/share/uv/python/cpython-3.12.12-linux-x86_64-gnu/lib/python3.12/copyreg.py:99: FutureWarning: `isinstance(treespec, LeafSpec)` is deprecated, use `isinstance(treespec, TreeSpec) and treespec.is_leaf()` instead.
  return cls.__new__(cls, *args)
Epoch [350/1000]  Loss: 0.0392
[torch.onnx] Obtain model graph for `DiffusionUNet([...]` with `torch.export.export(..., strict=False)`...
[torch.onnx] Obtain model graph for `DiffusionUNet([...]` with `torch.export.export(..., strict=False)`... ✅
[torch.onnx] Run decomposition...
[torch.onnx] Run decomposition... ✅
[torch.onnx] Translate the graph into ONNX...
[torch.onnx] Translate the graph into ONNX... ✅
ONNX saved to /home/vd0034/shallow_learning/scripts/output_genmodel/diffusion/diffusion_epoch350.onnx
Epoch [351/1000]  Loss: 0.0397
Epoch [352/1000]  Loss: 0.0381
Epoch [353/1000]  Loss: 0.0360
Epoch [354/1000]  Loss: 0.0385
Epoch [355/1000]  Loss: 0.0381
Epoch [356/1000]  Loss: 0.0377
Epoch [357/1000]  Loss: 0.0381
Epoch [358/1000]  Loss: 0.0379
Epoch [359/1000]  Loss: 0.0393
/home/vd0034/shallow_learning/src/shallow_learning/deepl/gen_model.py:406: UserWarning: # 'dynamic_axes' is not recommended when dynamo=True, and may lead to 'torch._dynamo.exc.UserError: Constraints violated.' Supply the 'dynamic_shapes' argument instead if export is unsuccessful.
  torch.onnx.export(self.model.unet, (dummy_x, dummy_t), filename,
W0417 16:56:24.453000 2976908 torch/onnx/_internal/exporter/_schemas.py:455] Missing annotation for parameter 'input' from (input, boxes, output_size: 'Sequence[int]', spatial_scale: 'float' = 1.0, sampling_ratio: 'int' = -1, aligned: 'bool' = False). Treating as an Input.
W0417 16:56:24.454000 2976908 torch/onnx/_internal/exporter/_schemas.py:455] Missing annotation for parameter 'boxes' from (input, boxes, output_size: 'Sequence[int]', spatial_scale: 'float' = 1.0, sampling_ratio: 'int' = -1, aligned: 'bool' = False). Treating as an Input.
W0417 16:56:24.454000 2976908 torch/onnx/_internal/exporter/_schemas.py:455] Missing annotation for parameter 'input' from (input, boxes, output_size: 'Sequence[int]', spatial_scale: 'float' = 1.0). Treating as an Input.
W0417 16:56:24.455000 2976908 torch/onnx/_internal/exporter/_schemas.py:455] Missing annotation for parameter 'boxes' from (input, boxes, output_size: 'Sequence[int]', spatial_scale: 'float' = 1.0). Treating as an Input.
/home/vd0034/.local/share/uv/python/cpython-3.12.12-linux-x86_64-gnu/lib/python3.12/copyreg.py:99: FutureWarning: `isinstance(treespec, LeafSpec)` is deprecated, use `isinstance(treespec, TreeSpec) and treespec.is_leaf()` instead.
  return cls.__new__(cls, *args)
Epoch [360/1000]  Loss: 0.0397
[torch.onnx] Obtain model graph for `DiffusionUNet([...]` with `torch.export.export(..., strict=False)`...
[torch.onnx] Obtain model graph for `DiffusionUNet([...]` with `torch.export.export(..., strict=False)`... ✅
[torch.onnx] Run decomposition...
[torch.onnx] Run decomposition... ✅
[torch.onnx] Translate the graph into ONNX...
[torch.onnx] Translate the graph into ONNX... ✅
ONNX saved to /home/vd0034/shallow_learning/scripts/output_genmodel/diffusion/diffusion_epoch360.onnx
Epoch [361/1000]  Loss: 0.0380
Epoch [362/1000]  Loss: 0.0368
Epoch [363/1000]  Loss: 0.0363
Epoch [364/1000]  Loss: 0.0405
Epoch [365/1000]  Loss: 0.0376
Epoch [366/1000]  Loss: 0.0376
Epoch [367/1000]  Loss: 0.0390
Epoch [368/1000]  Loss: 0.0356
Epoch [369/1000]  Loss: 0.0369
/home/vd0034/shallow_learning/src/shallow_learning/deepl/gen_model.py:406: UserWarning: # 'dynamic_axes' is not recommended when dynamo=True, and may lead to 'torch._dynamo.exc.UserError: Constraints violated.' Supply the 'dynamic_shapes' argument instead if export is unsuccessful.
  torch.onnx.export(self.model.unet, (dummy_x, dummy_t), filename,
W0417 16:56:48.442000 2976908 torch/onnx/_internal/exporter/_schemas.py:455] Missing annotation for parameter 'input' from (input, boxes, output_size: 'Sequence[int]', spatial_scale: 'float' = 1.0, sampling_ratio: 'int' = -1, aligned: 'bool' = False). Treating as an Input.
W0417 16:56:48.443000 2976908 torch/onnx/_internal/exporter/_schemas.py:455] Missing annotation for parameter 'boxes' from (input, boxes, output_size: 'Sequence[int]', spatial_scale: 'float' = 1.0, sampling_ratio: 'int' = -1, aligned: 'bool' = False). Treating as an Input.
W0417 16:56:48.443000 2976908 torch/onnx/_internal/exporter/_schemas.py:455] Missing annotation for parameter 'input' from (input, boxes, output_size: 'Sequence[int]', spatial_scale: 'float' = 1.0). Treating as an Input.
W0417 16:56:48.444000 2976908 torch/onnx/_internal/exporter/_schemas.py:455] Missing annotation for parameter 'boxes' from (input, boxes, output_size: 'Sequence[int]', spatial_scale: 'float' = 1.0). Treating as an Input.
/home/vd0034/.local/share/uv/python/cpython-3.12.12-linux-x86_64-gnu/lib/python3.12/copyreg.py:99: FutureWarning: `isinstance(treespec, LeafSpec)` is deprecated, use `isinstance(treespec, TreeSpec) and treespec.is_leaf()` instead.
  return cls.__new__(cls, *args)
Epoch [370/1000]  Loss: 0.0354
[torch.onnx] Obtain model graph for `DiffusionUNet([...]` with `torch.export.export(..., strict=False)`...
[torch.onnx] Obtain model graph for `DiffusionUNet([...]` with `torch.export.export(..., strict=False)`... ✅
[torch.onnx] Run decomposition...
[torch.onnx] Run decomposition... ✅
[torch.onnx] Translate the graph into ONNX...
[torch.onnx] Translate the graph into ONNX... ✅
ONNX saved to /home/vd0034/shallow_learning/scripts/output_genmodel/diffusion/diffusion_epoch370.onnx
Epoch [371/1000]  Loss: 0.0396
Epoch [372/1000]  Loss: 0.0358
Epoch [373/1000]  Loss: 0.0378
Epoch [374/1000]  Loss: 0.0394
Epoch [375/1000]  Loss: 0.0399
Epoch [376/1000]  Loss: 0.0384
Epoch [377/1000]  Loss: 0.0354
Epoch [378/1000]  Loss: 0.0415
Epoch [379/1000]  Loss: 0.0352
/home/vd0034/shallow_learning/src/shallow_learning/deepl/gen_model.py:406: UserWarning: # 'dynamic_axes' is not recommended when dynamo=True, and may lead to 'torch._dynamo.exc.UserError: Constraints violated.' Supply the 'dynamic_shapes' argument instead if export is unsuccessful.
  torch.onnx.export(self.model.unet, (dummy_x, dummy_t), filename,
W0417 16:57:09.778000 2976908 torch/onnx/_internal/exporter/_schemas.py:455] Missing annotation for parameter 'input' from (input, boxes, output_size: 'Sequence[int]', spatial_scale: 'float' = 1.0, sampling_ratio: 'int' = -1, aligned: 'bool' = False). Treating as an Input.
W0417 16:57:09.779000 2976908 torch/onnx/_internal/exporter/_schemas.py:455] Missing annotation for parameter 'boxes' from (input, boxes, output_size: 'Sequence[int]', spatial_scale: 'float' = 1.0, sampling_ratio: 'int' = -1, aligned: 'bool' = False). Treating as an Input.
W0417 16:57:09.780000 2976908 torch/onnx/_internal/exporter/_schemas.py:455] Missing annotation for parameter 'input' from (input, boxes, output_size: 'Sequence[int]', spatial_scale: 'float' = 1.0). Treating as an Input.
W0417 16:57:09.780000 2976908 torch/onnx/_internal/exporter/_schemas.py:455] Missing annotation for parameter 'boxes' from (input, boxes, output_size: 'Sequence[int]', spatial_scale: 'float' = 1.0). Treating as an Input.
/home/vd0034/.local/share/uv/python/cpython-3.12.12-linux-x86_64-gnu/lib/python3.12/copyreg.py:99: FutureWarning: `isinstance(treespec, LeafSpec)` is deprecated, use `isinstance(treespec, TreeSpec) and treespec.is_leaf()` instead.
  return cls.__new__(cls, *args)
Epoch [380/1000]  Loss: 0.0375
[torch.onnx] Obtain model graph for `DiffusionUNet([...]` with `torch.export.export(..., strict=False)`...
[torch.onnx] Obtain model graph for `DiffusionUNet([...]` with `torch.export.export(..., strict=False)`... ✅
[torch.onnx] Run decomposition...
[torch.onnx] Run decomposition... ✅
[torch.onnx] Translate the graph into ONNX...
[torch.onnx] Translate the graph into ONNX... ✅
ONNX saved to /home/vd0034/shallow_learning/scripts/output_genmodel/diffusion/diffusion_epoch380.onnx
Epoch [381/1000]  Loss: 0.0366
Epoch [382/1000]  Loss: 0.0387
Epoch [383/1000]  Loss: 0.0372
Epoch [384/1000]  Loss: 0.0375
Epoch [385/1000]  Loss: 0.0387
Epoch [386/1000]  Loss: 0.0379
Epoch [387/1000]  Loss: 0.0376
Epoch [388/1000]  Loss: 0.0375
Epoch [389/1000]  Loss: 0.0386
/home/vd0034/shallow_learning/src/shallow_learning/deepl/gen_model.py:406: UserWarning: # 'dynamic_axes' is not recommended when dynamo=True, and may lead to 'torch._dynamo.exc.UserError: Constraints violated.' Supply the 'dynamic_shapes' argument instead if export is unsuccessful.
  torch.onnx.export(self.model.unet, (dummy_x, dummy_t), filename,
W0417 16:57:30.388000 2976908 torch/onnx/_internal/exporter/_schemas.py:455] Missing annotation for parameter 'input' from (input, boxes, output_size: 'Sequence[int]', spatial_scale: 'float' = 1.0, sampling_ratio: 'int' = -1, aligned: 'bool' = False). Treating as an Input.
W0417 16:57:30.389000 2976908 torch/onnx/_internal/exporter/_schemas.py:455] Missing annotation for parameter 'boxes' from (input, boxes, output_size: 'Sequence[int]', spatial_scale: 'float' = 1.0, sampling_ratio: 'int' = -1, aligned: 'bool' = False). Treating as an Input.
W0417 16:57:30.390000 2976908 torch/onnx/_internal/exporter/_schemas.py:455] Missing annotation for parameter 'input' from (input, boxes, output_size: 'Sequence[int]', spatial_scale: 'float' = 1.0). Treating as an Input.
W0417 16:57:30.390000 2976908 torch/onnx/_internal/exporter/_schemas.py:455] Missing annotation for parameter 'boxes' from (input, boxes, output_size: 'Sequence[int]', spatial_scale: 'float' = 1.0). Treating as an Input.
/home/vd0034/.local/share/uv/python/cpython-3.12.12-linux-x86_64-gnu/lib/python3.12/copyreg.py:99: FutureWarning: `isinstance(treespec, LeafSpec)` is deprecated, use `isinstance(treespec, TreeSpec) and treespec.is_leaf()` instead.
  return cls.__new__(cls, *args)
Epoch [390/1000]  Loss: 0.0401
[torch.onnx] Obtain model graph for `DiffusionUNet([...]` with `torch.export.export(..., strict=False)`...
[torch.onnx] Obtain model graph for `DiffusionUNet([...]` with `torch.export.export(..., strict=False)`... ✅
[torch.onnx] Run decomposition...
[torch.onnx] Run decomposition... ✅
[torch.onnx] Translate the graph into ONNX...
[torch.onnx] Translate the graph into ONNX... ✅
ONNX saved to /home/vd0034/shallow_learning/scripts/output_genmodel/diffusion/diffusion_epoch390.onnx
Epoch [391/1000]  Loss: 0.0375
Epoch [392/1000]  Loss: 0.0371
Epoch [393/1000]  Loss: 0.0383
Epoch [394/1000]  Loss: 0.0400
Epoch [395/1000]  Loss: 0.0380
Epoch [396/1000]  Loss: 0.0375
Epoch [397/1000]  Loss: 0.0386
Epoch [398/1000]  Loss: 0.0354
Epoch [399/1000]  Loss: 0.0378
/home/vd0034/shallow_learning/src/shallow_learning/deepl/gen_model.py:406: UserWarning: # 'dynamic_axes' is not recommended when dynamo=True, and may lead to 'torch._dynamo.exc.UserError: Constraints violated.' Supply the 'dynamic_shapes' argument instead if export is unsuccessful.
  torch.onnx.export(self.model.unet, (dummy_x, dummy_t), filename,
W0417 16:57:51.961000 2976908 torch/onnx/_internal/exporter/_schemas.py:455] Missing annotation for parameter 'input' from (input, boxes, output_size: 'Sequence[int]', spatial_scale: 'float' = 1.0, sampling_ratio: 'int' = -1, aligned: 'bool' = False). Treating as an Input.
W0417 16:57:51.962000 2976908 torch/onnx/_internal/exporter/_schemas.py:455] Missing annotation for parameter 'boxes' from (input, boxes, output_size: 'Sequence[int]', spatial_scale: 'float' = 1.0, sampling_ratio: 'int' = -1, aligned: 'bool' = False). Treating as an Input.
W0417 16:57:51.962000 2976908 torch/onnx/_internal/exporter/_schemas.py:455] Missing annotation for parameter 'input' from (input, boxes, output_size: 'Sequence[int]', spatial_scale: 'float' = 1.0). Treating as an Input.
W0417 16:57:51.962000 2976908 torch/onnx/_internal/exporter/_schemas.py:455] Missing annotation for parameter 'boxes' from (input, boxes, output_size: 'Sequence[int]', spatial_scale: 'float' = 1.0). Treating as an Input.
/home/vd0034/.local/share/uv/python/cpython-3.12.12-linux-x86_64-gnu/lib/python3.12/copyreg.py:99: FutureWarning: `isinstance(treespec, LeafSpec)` is deprecated, use `isinstance(treespec, TreeSpec) and treespec.is_leaf()` instead.
  return cls.__new__(cls, *args)
Epoch [400/1000]  Loss: 0.0381
[torch.onnx] Obtain model graph for `DiffusionUNet([...]` with `torch.export.export(..., strict=False)`...
[torch.onnx] Obtain model graph for `DiffusionUNet([...]` with `torch.export.export(..., strict=False)`... ✅
[torch.onnx] Run decomposition...
[torch.onnx] Run decomposition... ✅
[torch.onnx] Translate the graph into ONNX...
[torch.onnx] Translate the graph into ONNX... ✅
ONNX saved to /home/vd0034/shallow_learning/scripts/output_genmodel/diffusion/diffusion_epoch400.onnx
Epoch [401/1000]  Loss: 0.0353
Epoch [402/1000]  Loss: 0.0345
Epoch [403/1000]  Loss: 0.0344
Epoch [404/1000]  Loss: 0.0372
Epoch [405/1000]  Loss: 0.0361
Epoch [406/1000]  Loss: 0.0360
Epoch [407/1000]  Loss: 0.0377
Epoch [408/1000]  Loss: 0.0340
Epoch [409/1000]  Loss: 0.0356
/home/vd0034/shallow_learning/src/shallow_learning/deepl/gen_model.py:406: UserWarning: # 'dynamic_axes' is not recommended when dynamo=True, and may lead to 'torch._dynamo.exc.UserError: Constraints violated.' Supply the 'dynamic_shapes' argument instead if export is unsuccessful.
  torch.onnx.export(self.model.unet, (dummy_x, dummy_t), filename,
W0417 16:58:12.649000 2976908 torch/onnx/_internal/exporter/_schemas.py:455] Missing annotation for parameter 'input' from (input, boxes, output_size: 'Sequence[int]', spatial_scale: 'float' = 1.0, sampling_ratio: 'int' = -1, aligned: 'bool' = False). Treating as an Input.
W0417 16:58:12.650000 2976908 torch/onnx/_internal/exporter/_schemas.py:455] Missing annotation for parameter 'boxes' from (input, boxes, output_size: 'Sequence[int]', spatial_scale: 'float' = 1.0, sampling_ratio: 'int' = -1, aligned: 'bool' = False). Treating as an Input.
W0417 16:58:12.650000 2976908 torch/onnx/_internal/exporter/_schemas.py:455] Missing annotation for parameter 'input' from (input, boxes, output_size: 'Sequence[int]', spatial_scale: 'float' = 1.0). Treating as an Input.
W0417 16:58:12.651000 2976908 torch/onnx/_internal/exporter/_schemas.py:455] Missing annotation for parameter 'boxes' from (input, boxes, output_size: 'Sequence[int]', spatial_scale: 'float' = 1.0). Treating as an Input.
/home/vd0034/.local/share/uv/python/cpython-3.12.12-linux-x86_64-gnu/lib/python3.12/copyreg.py:99: FutureWarning: `isinstance(treespec, LeafSpec)` is deprecated, use `isinstance(treespec, TreeSpec) and treespec.is_leaf()` instead.
  return cls.__new__(cls, *args)
Epoch [410/1000]  Loss: 0.0353
[torch.onnx] Obtain model graph for `DiffusionUNet([...]` with `torch.export.export(..., strict=False)`...
[torch.onnx] Obtain model graph for `DiffusionUNet([...]` with `torch.export.export(..., strict=False)`... ✅
[torch.onnx] Run decomposition...
[torch.onnx] Run decomposition... ✅
[torch.onnx] Translate the graph into ONNX...
[torch.onnx] Translate the graph into ONNX... ✅
ONNX saved to /home/vd0034/shallow_learning/scripts/output_genmodel/diffusion/diffusion_epoch410.onnx
Epoch [411/1000]  Loss: 0.0350
Epoch [412/1000]  Loss: 0.0368
Epoch [413/1000]  Loss: 0.0383
Epoch [414/1000]  Loss: 0.0365
Epoch [415/1000]  Loss: 0.0379
Epoch [416/1000]  Loss: 0.0378
Epoch [417/1000]  Loss: 0.0352
Epoch [418/1000]  Loss: 0.0374
Epoch [419/1000]  Loss: 0.0378
/home/vd0034/shallow_learning/src/shallow_learning/deepl/gen_model.py:406: UserWarning: # 'dynamic_axes' is not recommended when dynamo=True, and may lead to 'torch._dynamo.exc.UserError: Constraints violated.' Supply the 'dynamic_shapes' argument instead if export is unsuccessful.
  torch.onnx.export(self.model.unet, (dummy_x, dummy_t), filename,
W0417 16:58:37.337000 2976908 torch/onnx/_internal/exporter/_schemas.py:455] Missing annotation for parameter 'input' from (input, boxes, output_size: 'Sequence[int]', spatial_scale: 'float' = 1.0, sampling_ratio: 'int' = -1, aligned: 'bool' = False). Treating as an Input.
W0417 16:58:37.339000 2976908 torch/onnx/_internal/exporter/_schemas.py:455] Missing annotation for parameter 'boxes' from (input, boxes, output_size: 'Sequence[int]', spatial_scale: 'float' = 1.0, sampling_ratio: 'int' = -1, aligned: 'bool' = False). Treating as an Input.
W0417 16:58:37.339000 2976908 torch/onnx/_internal/exporter/_schemas.py:455] Missing annotation for parameter 'input' from (input, boxes, output_size: 'Sequence[int]', spatial_scale: 'float' = 1.0). Treating as an Input.
W0417 16:58:37.339000 2976908 torch/onnx/_internal/exporter/_schemas.py:455] Missing annotation for parameter 'boxes' from (input, boxes, output_size: 'Sequence[int]', spatial_scale: 'float' = 1.0). Treating as an Input.
/home/vd0034/.local/share/uv/python/cpython-3.12.12-linux-x86_64-gnu/lib/python3.12/copyreg.py:99: FutureWarning: `isinstance(treespec, LeafSpec)` is deprecated, use `isinstance(treespec, TreeSpec) and treespec.is_leaf()` instead.
  return cls.__new__(cls, *args)
Epoch [420/1000]  Loss: 0.0365
[torch.onnx] Obtain model graph for `DiffusionUNet([...]` with `torch.export.export(..., strict=False)`...
[torch.onnx] Obtain model graph for `DiffusionUNet([...]` with `torch.export.export(..., strict=False)`... ✅
[torch.onnx] Run decomposition...
[torch.onnx] Run decomposition... ✅
[torch.onnx] Translate the graph into ONNX...
[torch.onnx] Translate the graph into ONNX... ✅
ONNX saved to /home/vd0034/shallow_learning/scripts/output_genmodel/diffusion/diffusion_epoch420.onnx
Epoch [421/1000]  Loss: 0.0364
Epoch [422/1000]  Loss: 0.0367
Epoch [423/1000]  Loss: 0.0387
Epoch [424/1000]  Loss: 0.0364
Epoch [425/1000]  Loss: 0.0383
Epoch [426/1000]  Loss: 0.0352
Epoch [427/1000]  Loss: 0.0367
Epoch [428/1000]  Loss: 0.0363
Epoch [429/1000]  Loss: 0.0373
/home/vd0034/shallow_learning/src/shallow_learning/deepl/gen_model.py:406: UserWarning: # 'dynamic_axes' is not recommended when dynamo=True, and may lead to 'torch._dynamo.exc.UserError: Constraints violated.' Supply the 'dynamic_shapes' argument instead if export is unsuccessful.
  torch.onnx.export(self.model.unet, (dummy_x, dummy_t), filename,
W0417 16:58:58.501000 2976908 torch/onnx/_internal/exporter/_schemas.py:455] Missing annotation for parameter 'input' from (input, boxes, output_size: 'Sequence[int]', spatial_scale: 'float' = 1.0, sampling_ratio: 'int' = -1, aligned: 'bool' = False). Treating as an Input.
W0417 16:58:58.502000 2976908 torch/onnx/_internal/exporter/_schemas.py:455] Missing annotation for parameter 'boxes' from (input, boxes, output_size: 'Sequence[int]', spatial_scale: 'float' = 1.0, sampling_ratio: 'int' = -1, aligned: 'bool' = False). Treating as an Input.
W0417 16:58:58.503000 2976908 torch/onnx/_internal/exporter/_schemas.py:455] Missing annotation for parameter 'input' from (input, boxes, output_size: 'Sequence[int]', spatial_scale: 'float' = 1.0). Treating as an Input.
W0417 16:58:58.503000 2976908 torch/onnx/_internal/exporter/_schemas.py:455] Missing annotation for parameter 'boxes' from (input, boxes, output_size: 'Sequence[int]', spatial_scale: 'float' = 1.0). Treating as an Input.
/home/vd0034/.local/share/uv/python/cpython-3.12.12-linux-x86_64-gnu/lib/python3.12/copyreg.py:99: FutureWarning: `isinstance(treespec, LeafSpec)` is deprecated, use `isinstance(treespec, TreeSpec) and treespec.is_leaf()` instead.
  return cls.__new__(cls, *args)
Epoch [430/1000]  Loss: 0.0340
[torch.onnx] Obtain model graph for `DiffusionUNet([...]` with `torch.export.export(..., strict=False)`...
[torch.onnx] Obtain model graph for `DiffusionUNet([...]` with `torch.export.export(..., strict=False)`... ✅
[torch.onnx] Run decomposition...
[torch.onnx] Run decomposition... ✅
[torch.onnx] Translate the graph into ONNX...
[torch.onnx] Translate the graph into ONNX... ✅
ONNX saved to /home/vd0034/shallow_learning/scripts/output_genmodel/diffusion/diffusion_epoch430.onnx
Epoch [431/1000]  Loss: 0.0391
Epoch [432/1000]  Loss: 0.0373
Epoch [433/1000]  Loss: 0.0365
Epoch [434/1000]  Loss: 0.0372
Epoch [435/1000]  Loss: 0.0361
Epoch [436/1000]  Loss: 0.0365
Epoch [437/1000]  Loss: 0.0352
Epoch [438/1000]  Loss: 0.0365
Epoch [439/1000]  Loss: 0.0369
/home/vd0034/shallow_learning/src/shallow_learning/deepl/gen_model.py:406: UserWarning: # 'dynamic_axes' is not recommended when dynamo=True, and may lead to 'torch._dynamo.exc.UserError: Constraints violated.' Supply the 'dynamic_shapes' argument instead if export is unsuccessful.
  torch.onnx.export(self.model.unet, (dummy_x, dummy_t), filename,
W0417 16:59:19.309000 2976908 torch/onnx/_internal/exporter/_schemas.py:455] Missing annotation for parameter 'input' from (input, boxes, output_size: 'Sequence[int]', spatial_scale: 'float' = 1.0, sampling_ratio: 'int' = -1, aligned: 'bool' = False). Treating as an Input.
W0417 16:59:19.310000 2976908 torch/onnx/_internal/exporter/_schemas.py:455] Missing annotation for parameter 'boxes' from (input, boxes, output_size: 'Sequence[int]', spatial_scale: 'float' = 1.0, sampling_ratio: 'int' = -1, aligned: 'bool' = False). Treating as an Input.
W0417 16:59:19.311000 2976908 torch/onnx/_internal/exporter/_schemas.py:455] Missing annotation for parameter 'input' from (input, boxes, output_size: 'Sequence[int]', spatial_scale: 'float' = 1.0). Treating as an Input.
W0417 16:59:19.311000 2976908 torch/onnx/_internal/exporter/_schemas.py:455] Missing annotation for parameter 'boxes' from (input, boxes, output_size: 'Sequence[int]', spatial_scale: 'float' = 1.0). Treating as an Input.
/home/vd0034/.local/share/uv/python/cpython-3.12.12-linux-x86_64-gnu/lib/python3.12/copyreg.py:99: FutureWarning: `isinstance(treespec, LeafSpec)` is deprecated, use `isinstance(treespec, TreeSpec) and treespec.is_leaf()` instead.
  return cls.__new__(cls, *args)
Epoch [440/1000]  Loss: 0.0377
[torch.onnx] Obtain model graph for `DiffusionUNet([...]` with `torch.export.export(..., strict=False)`...
[torch.onnx] Obtain model graph for `DiffusionUNet([...]` with `torch.export.export(..., strict=False)`... ✅
[torch.onnx] Run decomposition...
[torch.onnx] Run decomposition... ✅
[torch.onnx] Translate the graph into ONNX...
[torch.onnx] Translate the graph into ONNX... ✅
ONNX saved to /home/vd0034/shallow_learning/scripts/output_genmodel/diffusion/diffusion_epoch440.onnx
Epoch [441/1000]  Loss: 0.0357
Epoch [442/1000]  Loss: 0.0344
Epoch [443/1000]  Loss: 0.0360
Epoch [444/1000]  Loss: 0.0352
Epoch [445/1000]  Loss: 0.0388
Epoch [446/1000]  Loss: 0.0366
Epoch [447/1000]  Loss: 0.0351
Epoch [448/1000]  Loss: 0.0368
Epoch [449/1000]  Loss: 0.0371
/home/vd0034/shallow_learning/src/shallow_learning/deepl/gen_model.py:406: UserWarning: # 'dynamic_axes' is not recommended when dynamo=True, and may lead to 'torch._dynamo.exc.UserError: Constraints violated.' Supply the 'dynamic_shapes' argument instead if export is unsuccessful.
  torch.onnx.export(self.model.unet, (dummy_x, dummy_t), filename,
W0417 16:59:40.512000 2976908 torch/onnx/_internal/exporter/_schemas.py:455] Missing annotation for parameter 'input' from (input, boxes, output_size: 'Sequence[int]', spatial_scale: 'float' = 1.0, sampling_ratio: 'int' = -1, aligned: 'bool' = False). Treating as an Input.
W0417 16:59:40.514000 2976908 torch/onnx/_internal/exporter/_schemas.py:455] Missing annotation for parameter 'boxes' from (input, boxes, output_size: 'Sequence[int]', spatial_scale: 'float' = 1.0, sampling_ratio: 'int' = -1, aligned: 'bool' = False). Treating as an Input.
W0417 16:59:40.514000 2976908 torch/onnx/_internal/exporter/_schemas.py:455] Missing annotation for parameter 'input' from (input, boxes, output_size: 'Sequence[int]', spatial_scale: 'float' = 1.0). Treating as an Input.
W0417 16:59:40.515000 2976908 torch/onnx/_internal/exporter/_schemas.py:455] Missing annotation for parameter 'boxes' from (input, boxes, output_size: 'Sequence[int]', spatial_scale: 'float' = 1.0). Treating as an Input.
/home/vd0034/.local/share/uv/python/cpython-3.12.12-linux-x86_64-gnu/lib/python3.12/copyreg.py:99: FutureWarning: `isinstance(treespec, LeafSpec)` is deprecated, use `isinstance(treespec, TreeSpec) and treespec.is_leaf()` instead.
  return cls.__new__(cls, *args)
Epoch [450/1000]  Loss: 0.0394
[torch.onnx] Obtain model graph for `DiffusionUNet([...]` with `torch.export.export(..., strict=False)`...
[torch.onnx] Obtain model graph for `DiffusionUNet([...]` with `torch.export.export(..., strict=False)`... ✅
[torch.onnx] Run decomposition...
[torch.onnx] Run decomposition... ✅
[torch.onnx] Translate the graph into ONNX...
[torch.onnx] Translate the graph into ONNX... ✅
ONNX saved to /home/vd0034/shallow_learning/scripts/output_genmodel/diffusion/diffusion_epoch450.onnx
Epoch [451/1000]  Loss: 0.0350
Epoch [452/1000]  Loss: 0.0365
Epoch [453/1000]  Loss: 0.0380
Epoch [454/1000]  Loss: 0.0391
Epoch [455/1000]  Loss: 0.0360
Epoch [456/1000]  Loss: 0.0371
Epoch [457/1000]  Loss: 0.0371
Epoch [458/1000]  Loss: 0.0379
Epoch [459/1000]  Loss: 0.0345
/home/vd0034/shallow_learning/src/shallow_learning/deepl/gen_model.py:406: UserWarning: # 'dynamic_axes' is not recommended when dynamo=True, and may lead to 'torch._dynamo.exc.UserError: Constraints violated.' Supply the 'dynamic_shapes' argument instead if export is unsuccessful.
  torch.onnx.export(self.model.unet, (dummy_x, dummy_t), filename,
W0417 17:00:01.517000 2976908 torch/onnx/_internal/exporter/_schemas.py:455] Missing annotation for parameter 'input' from (input, boxes, output_size: 'Sequence[int]', spatial_scale: 'float' = 1.0, sampling_ratio: 'int' = -1, aligned: 'bool' = False). Treating as an Input.
W0417 17:00:01.517000 2976908 torch/onnx/_internal/exporter/_schemas.py:455] Missing annotation for parameter 'boxes' from (input, boxes, output_size: 'Sequence[int]', spatial_scale: 'float' = 1.0, sampling_ratio: 'int' = -1, aligned: 'bool' = False). Treating as an Input.
W0417 17:00:01.518000 2976908 torch/onnx/_internal/exporter/_schemas.py:455] Missing annotation for parameter 'input' from (input, boxes, output_size: 'Sequence[int]', spatial_scale: 'float' = 1.0). Treating as an Input.
W0417 17:00:01.518000 2976908 torch/onnx/_internal/exporter/_schemas.py:455] Missing annotation for parameter 'boxes' from (input, boxes, output_size: 'Sequence[int]', spatial_scale: 'float' = 1.0). Treating as an Input.
/home/vd0034/.local/share/uv/python/cpython-3.12.12-linux-x86_64-gnu/lib/python3.12/copyreg.py:99: FutureWarning: `isinstance(treespec, LeafSpec)` is deprecated, use `isinstance(treespec, TreeSpec) and treespec.is_leaf()` instead.
  return cls.__new__(cls, *args)
Epoch [460/1000]  Loss: 0.0378
[torch.onnx] Obtain model graph for `DiffusionUNet([...]` with `torch.export.export(..., strict=False)`...
[torch.onnx] Obtain model graph for `DiffusionUNet([...]` with `torch.export.export(..., strict=False)`... ✅
[torch.onnx] Run decomposition...
[torch.onnx] Run decomposition... ✅
[torch.onnx] Translate the graph into ONNX...
[torch.onnx] Translate the graph into ONNX... ✅
ONNX saved to /home/vd0034/shallow_learning/scripts/output_genmodel/diffusion/diffusion_epoch460.onnx
Epoch [461/1000]  Loss: 0.0359
Epoch [462/1000]  Loss: 0.0375
Epoch [463/1000]  Loss: 0.0361
Epoch [464/1000]  Loss: 0.0369
Epoch [465/1000]  Loss: 0.0344
Epoch [466/1000]  Loss: 0.0356
Epoch [467/1000]  Loss: 0.0359
Epoch [468/1000]  Loss: 0.0362
Epoch [469/1000]  Loss: 0.0349
/home/vd0034/shallow_learning/src/shallow_learning/deepl/gen_model.py:406: UserWarning: # 'dynamic_axes' is not recommended when dynamo=True, and may lead to 'torch._dynamo.exc.UserError: Constraints violated.' Supply the 'dynamic_shapes' argument instead if export is unsuccessful.
  torch.onnx.export(self.model.unet, (dummy_x, dummy_t), filename,
W0417 17:00:26.537000 2976908 torch/onnx/_internal/exporter/_schemas.py:455] Missing annotation for parameter 'input' from (input, boxes, output_size: 'Sequence[int]', spatial_scale: 'float' = 1.0, sampling_ratio: 'int' = -1, aligned: 'bool' = False). Treating as an Input.
W0417 17:00:26.538000 2976908 torch/onnx/_internal/exporter/_schemas.py:455] Missing annotation for parameter 'boxes' from (input, boxes, output_size: 'Sequence[int]', spatial_scale: 'float' = 1.0, sampling_ratio: 'int' = -1, aligned: 'bool' = False). Treating as an Input.
W0417 17:00:26.539000 2976908 torch/onnx/_internal/exporter/_schemas.py:455] Missing annotation for parameter 'input' from (input, boxes, output_size: 'Sequence[int]', spatial_scale: 'float' = 1.0). Treating as an Input.
W0417 17:00:26.539000 2976908 torch/onnx/_internal/exporter/_schemas.py:455] Missing annotation for parameter 'boxes' from (input, boxes, output_size: 'Sequence[int]', spatial_scale: 'float' = 1.0). Treating as an Input.
/home/vd0034/.local/share/uv/python/cpython-3.12.12-linux-x86_64-gnu/lib/python3.12/copyreg.py:99: FutureWarning: `isinstance(treespec, LeafSpec)` is deprecated, use `isinstance(treespec, TreeSpec) and treespec.is_leaf()` instead.
  return cls.__new__(cls, *args)
Epoch [470/1000]  Loss: 0.0378
[torch.onnx] Obtain model graph for `DiffusionUNet([...]` with `torch.export.export(..., strict=False)`...
[torch.onnx] Obtain model graph for `DiffusionUNet([...]` with `torch.export.export(..., strict=False)`... ✅
[torch.onnx] Run decomposition...
[torch.onnx] Run decomposition... ✅
[torch.onnx] Translate the graph into ONNX...
[torch.onnx] Translate the graph into ONNX... ✅
ONNX saved to /home/vd0034/shallow_learning/scripts/output_genmodel/diffusion/diffusion_epoch470.onnx
Epoch [471/1000]  Loss: 0.0358
Epoch [472/1000]  Loss: 0.0390
Epoch [473/1000]  Loss: 0.0353
Epoch [474/1000]  Loss: 0.0384
Epoch [475/1000]  Loss: 0.0356
Epoch [476/1000]  Loss: 0.0368
Epoch [477/1000]  Loss: 0.0355
Epoch [478/1000]  Loss: 0.0383
Epoch [479/1000]  Loss: 0.0384
/home/vd0034/shallow_learning/src/shallow_learning/deepl/gen_model.py:406: UserWarning: # 'dynamic_axes' is not recommended when dynamo=True, and may lead to 'torch._dynamo.exc.UserError: Constraints violated.' Supply the 'dynamic_shapes' argument instead if export is unsuccessful.
  torch.onnx.export(self.model.unet, (dummy_x, dummy_t), filename,
W0417 17:00:48.416000 2976908 torch/onnx/_internal/exporter/_schemas.py:455] Missing annotation for parameter 'input' from (input, boxes, output_size: 'Sequence[int]', spatial_scale: 'float' = 1.0, sampling_ratio: 'int' = -1, aligned: 'bool' = False). Treating as an Input.
W0417 17:00:48.418000 2976908 torch/onnx/_internal/exporter/_schemas.py:455] Missing annotation for parameter 'boxes' from (input, boxes, output_size: 'Sequence[int]', spatial_scale: 'float' = 1.0, sampling_ratio: 'int' = -1, aligned: 'bool' = False). Treating as an Input.
W0417 17:00:48.418000 2976908 torch/onnx/_internal/exporter/_schemas.py:455] Missing annotation for parameter 'input' from (input, boxes, output_size: 'Sequence[int]', spatial_scale: 'float' = 1.0). Treating as an Input.
W0417 17:00:48.419000 2976908 torch/onnx/_internal/exporter/_schemas.py:455] Missing annotation for parameter 'boxes' from (input, boxes, output_size: 'Sequence[int]', spatial_scale: 'float' = 1.0). Treating as an Input.
/home/vd0034/.local/share/uv/python/cpython-3.12.12-linux-x86_64-gnu/lib/python3.12/copyreg.py:99: FutureWarning: `isinstance(treespec, LeafSpec)` is deprecated, use `isinstance(treespec, TreeSpec) and treespec.is_leaf()` instead.
  return cls.__new__(cls, *args)
Epoch [480/1000]  Loss: 0.0385
[torch.onnx] Obtain model graph for `DiffusionUNet([...]` with `torch.export.export(..., strict=False)`...
[torch.onnx] Obtain model graph for `DiffusionUNet([...]` with `torch.export.export(..., strict=False)`... ✅
[torch.onnx] Run decomposition...
[torch.onnx] Run decomposition... ✅
[torch.onnx] Translate the graph into ONNX...
[torch.onnx] Translate the graph into ONNX... ✅
ONNX saved to /home/vd0034/shallow_learning/scripts/output_genmodel/diffusion/diffusion_epoch480.onnx
Epoch [481/1000]  Loss: 0.0380
Epoch [482/1000]  Loss: 0.0353
Epoch [483/1000]  Loss: 0.0342
Epoch [484/1000]  Loss: 0.0372
Epoch [485/1000]  Loss: 0.0372
Epoch [486/1000]  Loss: 0.0371
Epoch [487/1000]  Loss: 0.0378
Epoch [488/1000]  Loss: 0.0351
Epoch [489/1000]  Loss: 0.0374
/home/vd0034/shallow_learning/src/shallow_learning/deepl/gen_model.py:406: UserWarning: # 'dynamic_axes' is not recommended when dynamo=True, and may lead to 'torch._dynamo.exc.UserError: Constraints violated.' Supply the 'dynamic_shapes' argument instead if export is unsuccessful.
  torch.onnx.export(self.model.unet, (dummy_x, dummy_t), filename,
W0417 17:01:09.749000 2976908 torch/onnx/_internal/exporter/_schemas.py:455] Missing annotation for parameter 'input' from (input, boxes, output_size: 'Sequence[int]', spatial_scale: 'float' = 1.0, sampling_ratio: 'int' = -1, aligned: 'bool' = False). Treating as an Input.
W0417 17:01:09.750000 2976908 torch/onnx/_internal/exporter/_schemas.py:455] Missing annotation for parameter 'boxes' from (input, boxes, output_size: 'Sequence[int]', spatial_scale: 'float' = 1.0, sampling_ratio: 'int' = -1, aligned: 'bool' = False). Treating as an Input.
W0417 17:01:09.750000 2976908 torch/onnx/_internal/exporter/_schemas.py:455] Missing annotation for parameter 'input' from (input, boxes, output_size: 'Sequence[int]', spatial_scale: 'float' = 1.0). Treating as an Input.
W0417 17:01:09.750000 2976908 torch/onnx/_internal/exporter/_schemas.py:455] Missing annotation for parameter 'boxes' from (input, boxes, output_size: 'Sequence[int]', spatial_scale: 'float' = 1.0). Treating as an Input.
/home/vd0034/.local/share/uv/python/cpython-3.12.12-linux-x86_64-gnu/lib/python3.12/copyreg.py:99: FutureWarning: `isinstance(treespec, LeafSpec)` is deprecated, use `isinstance(treespec, TreeSpec) and treespec.is_leaf()` instead.
  return cls.__new__(cls, *args)
Epoch [490/1000]  Loss: 0.0351
[torch.onnx] Obtain model graph for `DiffusionUNet([...]` with `torch.export.export(..., strict=False)`...
[torch.onnx] Obtain model graph for `DiffusionUNet([...]` with `torch.export.export(..., strict=False)`... ✅
[torch.onnx] Run decomposition...
[torch.onnx] Run decomposition... ✅
[torch.onnx] Translate the graph into ONNX...
[torch.onnx] Translate the graph into ONNX... ✅
ONNX saved to /home/vd0034/shallow_learning/scripts/output_genmodel/diffusion/diffusion_epoch490.onnx
Epoch [491/1000]  Loss: 0.0359
Epoch [492/1000]  Loss: 0.0347
Epoch [493/1000]  Loss: 0.0343
Epoch [494/1000]  Loss: 0.0347
Epoch [495/1000]  Loss: 0.0347
Epoch [496/1000]  Loss: 0.0334
Epoch [497/1000]  Loss: 0.0348
Epoch [498/1000]  Loss: 0.0377
Epoch [499/1000]  Loss: 0.0350
/home/vd0034/shallow_learning/src/shallow_learning/deepl/gen_model.py:406: UserWarning: # 'dynamic_axes' is not recommended when dynamo=True, and may lead to 'torch._dynamo.exc.UserError: Constraints violated.' Supply the 'dynamic_shapes' argument instead if export is unsuccessful.
  torch.onnx.export(self.model.unet, (dummy_x, dummy_t), filename,
W0417 17:01:31.336000 2976908 torch/onnx/_internal/exporter/_schemas.py:455] Missing annotation for parameter 'input' from (input, boxes, output_size: 'Sequence[int]', spatial_scale: 'float' = 1.0, sampling_ratio: 'int' = -1, aligned: 'bool' = False). Treating as an Input.
W0417 17:01:31.337000 2976908 torch/onnx/_internal/exporter/_schemas.py:455] Missing annotation for parameter 'boxes' from (input, boxes, output_size: 'Sequence[int]', spatial_scale: 'float' = 1.0, sampling_ratio: 'int' = -1, aligned: 'bool' = False). Treating as an Input.
W0417 17:01:31.338000 2976908 torch/onnx/_internal/exporter/_schemas.py:455] Missing annotation for parameter 'input' from (input, boxes, output_size: 'Sequence[int]', spatial_scale: 'float' = 1.0). Treating as an Input.
W0417 17:01:31.338000 2976908 torch/onnx/_internal/exporter/_schemas.py:455] Missing annotation for parameter 'boxes' from (input, boxes, output_size: 'Sequence[int]', spatial_scale: 'float' = 1.0). Treating as an Input.
/home/vd0034/.local/share/uv/python/cpython-3.12.12-linux-x86_64-gnu/lib/python3.12/copyreg.py:99: FutureWarning: `isinstance(treespec, LeafSpec)` is deprecated, use `isinstance(treespec, TreeSpec) and treespec.is_leaf()` instead.
  return cls.__new__(cls, *args)
Epoch [500/1000]  Loss: 0.0344
[torch.onnx] Obtain model graph for `DiffusionUNet([...]` with `torch.export.export(..., strict=False)`...
[torch.onnx] Obtain model graph for `DiffusionUNet([...]` with `torch.export.export(..., strict=False)`... ✅
[torch.onnx] Run decomposition...
[torch.onnx] Run decomposition... ✅
[torch.onnx] Translate the graph into ONNX...
[torch.onnx] Translate the graph into ONNX... ✅
ONNX saved to /home/vd0034/shallow_learning/scripts/output_genmodel/diffusion/diffusion_epoch500.onnx
Epoch [501/1000]  Loss: 0.0352
Epoch [502/1000]  Loss: 0.0350
Epoch [503/1000]  Loss: 0.0350
Epoch [504/1000]  Loss: 0.0350
Epoch [505/1000]  Loss: 0.0347
Epoch [506/1000]  Loss: 0.0379
Epoch [507/1000]  Loss: 0.0372
Epoch [508/1000]  Loss: 0.0357
Epoch [509/1000]  Loss: 0.0350
/home/vd0034/shallow_learning/src/shallow_learning/deepl/gen_model.py:406: UserWarning: # 'dynamic_axes' is not recommended when dynamo=True, and may lead to 'torch._dynamo.exc.UserError: Constraints violated.' Supply the 'dynamic_shapes' argument instead if export is unsuccessful.
  torch.onnx.export(self.model.unet, (dummy_x, dummy_t), filename,
W0417 17:01:52.645000 2976908 torch/onnx/_internal/exporter/_schemas.py:455] Missing annotation for parameter 'input' from (input, boxes, output_size: 'Sequence[int]', spatial_scale: 'float' = 1.0, sampling_ratio: 'int' = -1, aligned: 'bool' = False). Treating as an Input.
W0417 17:01:52.646000 2976908 torch/onnx/_internal/exporter/_schemas.py:455] Missing annotation for parameter 'boxes' from (input, boxes, output_size: 'Sequence[int]', spatial_scale: 'float' = 1.0, sampling_ratio: 'int' = -1, aligned: 'bool' = False). Treating as an Input.
W0417 17:01:52.647000 2976908 torch/onnx/_internal/exporter/_schemas.py:455] Missing annotation for parameter 'input' from (input, boxes, output_size: 'Sequence[int]', spatial_scale: 'float' = 1.0). Treating as an Input.
W0417 17:01:52.647000 2976908 torch/onnx/_internal/exporter/_schemas.py:455] Missing annotation for parameter 'boxes' from (input, boxes, output_size: 'Sequence[int]', spatial_scale: 'float' = 1.0). Treating as an Input.
/home/vd0034/.local/share/uv/python/cpython-3.12.12-linux-x86_64-gnu/lib/python3.12/copyreg.py:99: FutureWarning: `isinstance(treespec, LeafSpec)` is deprecated, use `isinstance(treespec, TreeSpec) and treespec.is_leaf()` instead.
  return cls.__new__(cls, *args)
Epoch [510/1000]  Loss: 0.0359
[torch.onnx] Obtain model graph for `DiffusionUNet([...]` with `torch.export.export(..., strict=False)`...
[torch.onnx] Obtain model graph for `DiffusionUNet([...]` with `torch.export.export(..., strict=False)`... ✅
[torch.onnx] Run decomposition...
[torch.onnx] Run decomposition... ✅
[torch.onnx] Translate the graph into ONNX...
[torch.onnx] Translate the graph into ONNX... ✅
ONNX saved to /home/vd0034/shallow_learning/scripts/output_genmodel/diffusion/diffusion_epoch510.onnx
Epoch [511/1000]  Loss: 0.0356
Epoch [512/1000]  Loss: 0.0372
Epoch [513/1000]  Loss: 0.0350
Epoch [514/1000]  Loss: 0.0367
Epoch [515/1000]  Loss: 0.0338
Epoch [516/1000]  Loss: 0.0367
Epoch [517/1000]  Loss: 0.0367
Epoch [518/1000]  Loss: 0.0361
Epoch [519/1000]  Loss: 0.0357
/home/vd0034/shallow_learning/src/shallow_learning/deepl/gen_model.py:406: UserWarning: # 'dynamic_axes' is not recommended when dynamo=True, and may lead to 'torch._dynamo.exc.UserError: Constraints violated.' Supply the 'dynamic_shapes' argument instead if export is unsuccessful.
  torch.onnx.export(self.model.unet, (dummy_x, dummy_t), filename,
W0417 17:02:17.796000 2976908 torch/onnx/_internal/exporter/_schemas.py:455] Missing annotation for parameter 'input' from (input, boxes, output_size: 'Sequence[int]', spatial_scale: 'float' = 1.0, sampling_ratio: 'int' = -1, aligned: 'bool' = False). Treating as an Input.
W0417 17:02:17.797000 2976908 torch/onnx/_internal/exporter/_schemas.py:455] Missing annotation for parameter 'boxes' from (input, boxes, output_size: 'Sequence[int]', spatial_scale: 'float' = 1.0, sampling_ratio: 'int' = -1, aligned: 'bool' = False). Treating as an Input.
W0417 17:02:17.797000 2976908 torch/onnx/_internal/exporter/_schemas.py:455] Missing annotation for parameter 'input' from (input, boxes, output_size: 'Sequence[int]', spatial_scale: 'float' = 1.0). Treating as an Input.
W0417 17:02:17.798000 2976908 torch/onnx/_internal/exporter/_schemas.py:455] Missing annotation for parameter 'boxes' from (input, boxes, output_size: 'Sequence[int]', spatial_scale: 'float' = 1.0). Treating as an Input.
/home/vd0034/.local/share/uv/python/cpython-3.12.12-linux-x86_64-gnu/lib/python3.12/copyreg.py:99: FutureWarning: `isinstance(treespec, LeafSpec)` is deprecated, use `isinstance(treespec, TreeSpec) and treespec.is_leaf()` instead.
  return cls.__new__(cls, *args)
Epoch [520/1000]  Loss: 0.0341
[torch.onnx] Obtain model graph for `DiffusionUNet([...]` with `torch.export.export(..., strict=False)`...
[torch.onnx] Obtain model graph for `DiffusionUNet([...]` with `torch.export.export(..., strict=False)`... ✅
[torch.onnx] Run decomposition...
[torch.onnx] Run decomposition... ✅
[torch.onnx] Translate the graph into ONNX...
[torch.onnx] Translate the graph into ONNX... ✅
ONNX saved to /home/vd0034/shallow_learning/scripts/output_genmodel/diffusion/diffusion_epoch520.onnx
Epoch [521/1000]  Loss: 0.0372
Epoch [522/1000]  Loss: 0.0344
Epoch [523/1000]  Loss: 0.0353
Epoch [524/1000]  Loss: 0.0338
Epoch [525/1000]  Loss: 0.0351
Epoch [526/1000]  Loss: 0.0368
Epoch [527/1000]  Loss: 0.0354
Epoch [528/1000]  Loss: 0.0367
Epoch [529/1000]  Loss: 0.0344
/home/vd0034/shallow_learning/src/shallow_learning/deepl/gen_model.py:406: UserWarning: # 'dynamic_axes' is not recommended when dynamo=True, and may lead to 'torch._dynamo.exc.UserError: Constraints violated.' Supply the 'dynamic_shapes' argument instead if export is unsuccessful.
  torch.onnx.export(self.model.unet, (dummy_x, dummy_t), filename,
W0417 17:02:38.971000 2976908 torch/onnx/_internal/exporter/_schemas.py:455] Missing annotation for parameter 'input' from (input, boxes, output_size: 'Sequence[int]', spatial_scale: 'float' = 1.0, sampling_ratio: 'int' = -1, aligned: 'bool' = False). Treating as an Input.
W0417 17:02:38.972000 2976908 torch/onnx/_internal/exporter/_schemas.py:455] Missing annotation for parameter 'boxes' from (input, boxes, output_size: 'Sequence[int]', spatial_scale: 'float' = 1.0, sampling_ratio: 'int' = -1, aligned: 'bool' = False). Treating as an Input.
W0417 17:02:38.973000 2976908 torch/onnx/_internal/exporter/_schemas.py:455] Missing annotation for parameter 'input' from (input, boxes, output_size: 'Sequence[int]', spatial_scale: 'float' = 1.0). Treating as an Input.
W0417 17:02:38.973000 2976908 torch/onnx/_internal/exporter/_schemas.py:455] Missing annotation for parameter 'boxes' from (input, boxes, output_size: 'Sequence[int]', spatial_scale: 'float' = 1.0). Treating as an Input.
/home/vd0034/.local/share/uv/python/cpython-3.12.12-linux-x86_64-gnu/lib/python3.12/copyreg.py:99: FutureWarning: `isinstance(treespec, LeafSpec)` is deprecated, use `isinstance(treespec, TreeSpec) and treespec.is_leaf()` instead.
  return cls.__new__(cls, *args)
Epoch [530/1000]  Loss: 0.0356
[torch.onnx] Obtain model graph for `DiffusionUNet([...]` with `torch.export.export(..., strict=False)`...
[torch.onnx] Obtain model graph for `DiffusionUNet([...]` with `torch.export.export(..., strict=False)`... ✅
[torch.onnx] Run decomposition...
[torch.onnx] Run decomposition... ✅
[torch.onnx] Translate the graph into ONNX...
[torch.onnx] Translate the graph into ONNX... ✅
ONNX saved to /home/vd0034/shallow_learning/scripts/output_genmodel/diffusion/diffusion_epoch530.onnx
Epoch [531/1000]  Loss: 0.0351
Epoch [532/1000]  Loss: 0.0347
Epoch [533/1000]  Loss: 0.0347
Epoch [534/1000]  Loss: 0.0371
Epoch [535/1000]  Loss: 0.0354
Epoch [536/1000]  Loss: 0.0354
Epoch [537/1000]  Loss: 0.0353
Epoch [538/1000]  Loss: 0.0345
Epoch [539/1000]  Loss: 0.0347
/home/vd0034/shallow_learning/src/shallow_learning/deepl/gen_model.py:406: UserWarning: # 'dynamic_axes' is not recommended when dynamo=True, and may lead to 'torch._dynamo.exc.UserError: Constraints violated.' Supply the 'dynamic_shapes' argument instead if export is unsuccessful.
  torch.onnx.export(self.model.unet, (dummy_x, dummy_t), filename,
W0417 17:03:00.911000 2976908 torch/onnx/_internal/exporter/_schemas.py:455] Missing annotation for parameter 'input' from (input, boxes, output_size: 'Sequence[int]', spatial_scale: 'float' = 1.0, sampling_ratio: 'int' = -1, aligned: 'bool' = False). Treating as an Input.
W0417 17:03:00.912000 2976908 torch/onnx/_internal/exporter/_schemas.py:455] Missing annotation for parameter 'boxes' from (input, boxes, output_size: 'Sequence[int]', spatial_scale: 'float' = 1.0, sampling_ratio: 'int' = -1, aligned: 'bool' = False). Treating as an Input.
W0417 17:03:00.913000 2976908 torch/onnx/_internal/exporter/_schemas.py:455] Missing annotation for parameter 'input' from (input, boxes, output_size: 'Sequence[int]', spatial_scale: 'float' = 1.0). Treating as an Input.
W0417 17:03:00.913000 2976908 torch/onnx/_internal/exporter/_schemas.py:455] Missing annotation for parameter 'boxes' from (input, boxes, output_size: 'Sequence[int]', spatial_scale: 'float' = 1.0). Treating as an Input.
/home/vd0034/.local/share/uv/python/cpython-3.12.12-linux-x86_64-gnu/lib/python3.12/copyreg.py:99: FutureWarning: `isinstance(treespec, LeafSpec)` is deprecated, use `isinstance(treespec, TreeSpec) and treespec.is_leaf()` instead.
  return cls.__new__(cls, *args)
Epoch [540/1000]  Loss: 0.0353
[torch.onnx] Obtain model graph for `DiffusionUNet([...]` with `torch.export.export(..., strict=False)`...
[torch.onnx] Obtain model graph for `DiffusionUNet([...]` with `torch.export.export(..., strict=False)`... ✅
[torch.onnx] Run decomposition...
[torch.onnx] Run decomposition... ✅
[torch.onnx] Translate the graph into ONNX...
[torch.onnx] Translate the graph into ONNX... ✅
ONNX saved to /home/vd0034/shallow_learning/scripts/output_genmodel/diffusion/diffusion_epoch540.onnx
Epoch [541/1000]  Loss: 0.0348
Epoch [542/1000]  Loss: 0.0374
Epoch [543/1000]  Loss: 0.0345
Epoch [544/1000]  Loss: 0.0359
Epoch [545/1000]  Loss: 0.0354
Epoch [546/1000]  Loss: 0.0337
Epoch [547/1000]  Loss: 0.0331
Epoch [548/1000]  Loss: 0.0335
Epoch [549/1000]  Loss: 0.0347
/home/vd0034/shallow_learning/src/shallow_learning/deepl/gen_model.py:406: UserWarning: # 'dynamic_axes' is not recommended when dynamo=True, and may lead to 'torch._dynamo.exc.UserError: Constraints violated.' Supply the 'dynamic_shapes' argument instead if export is unsuccessful.
  torch.onnx.export(self.model.unet, (dummy_x, dummy_t), filename,
W0417 17:03:23.798000 2976908 torch/onnx/_internal/exporter/_schemas.py:455] Missing annotation for parameter 'input' from (input, boxes, output_size: 'Sequence[int]', spatial_scale: 'float' = 1.0, sampling_ratio: 'int' = -1, aligned: 'bool' = False). Treating as an Input.
W0417 17:03:23.798000 2976908 torch/onnx/_internal/exporter/_schemas.py:455] Missing annotation for parameter 'boxes' from (input, boxes, output_size: 'Sequence[int]', spatial_scale: 'float' = 1.0, sampling_ratio: 'int' = -1, aligned: 'bool' = False). Treating as an Input.
W0417 17:03:23.799000 2976908 torch/onnx/_internal/exporter/_schemas.py:455] Missing annotation for parameter 'input' from (input, boxes, output_size: 'Sequence[int]', spatial_scale: 'float' = 1.0). Treating as an Input.
W0417 17:03:23.799000 2976908 torch/onnx/_internal/exporter/_schemas.py:455] Missing annotation for parameter 'boxes' from (input, boxes, output_size: 'Sequence[int]', spatial_scale: 'float' = 1.0). Treating as an Input.
/home/vd0034/.local/share/uv/python/cpython-3.12.12-linux-x86_64-gnu/lib/python3.12/copyreg.py:99: FutureWarning: `isinstance(treespec, LeafSpec)` is deprecated, use `isinstance(treespec, TreeSpec) and treespec.is_leaf()` instead.
  return cls.__new__(cls, *args)
Epoch [550/1000]  Loss: 0.0352
[torch.onnx] Obtain model graph for `DiffusionUNet([...]` with `torch.export.export(..., strict=False)`...
[torch.onnx] Obtain model graph for `DiffusionUNet([...]` with `torch.export.export(..., strict=False)`... ✅
[torch.onnx] Run decomposition...
[torch.onnx] Run decomposition... ✅
[torch.onnx] Translate the graph into ONNX...
[torch.onnx] Translate the graph into ONNX... ✅
ONNX saved to /home/vd0034/shallow_learning/scripts/output_genmodel/diffusion/diffusion_epoch550.onnx
Epoch [551/1000]  Loss: 0.0343
Epoch [552/1000]  Loss: 0.0349
Epoch [553/1000]  Loss: 0.0334
Epoch [554/1000]  Loss: 0.0380
Epoch [555/1000]  Loss: 0.0359
Epoch [556/1000]  Loss: 0.0335
Epoch [557/1000]  Loss: 0.0338
Epoch [558/1000]  Loss: 0.0353
Epoch [559/1000]  Loss: 0.0341
/home/vd0034/shallow_learning/src/shallow_learning/deepl/gen_model.py:406: UserWarning: # 'dynamic_axes' is not recommended when dynamo=True, and may lead to 'torch._dynamo.exc.UserError: Constraints violated.' Supply the 'dynamic_shapes' argument instead if export is unsuccessful.
  torch.onnx.export(self.model.unet, (dummy_x, dummy_t), filename,
W0417 17:03:44.747000 2976908 torch/onnx/_internal/exporter/_schemas.py:455] Missing annotation for parameter 'input' from (input, boxes, output_size: 'Sequence[int]', spatial_scale: 'float' = 1.0, sampling_ratio: 'int' = -1, aligned: 'bool' = False). Treating as an Input.
W0417 17:03:44.748000 2976908 torch/onnx/_internal/exporter/_schemas.py:455] Missing annotation for parameter 'boxes' from (input, boxes, output_size: 'Sequence[int]', spatial_scale: 'float' = 1.0, sampling_ratio: 'int' = -1, aligned: 'bool' = False). Treating as an Input.
W0417 17:03:44.748000 2976908 torch/onnx/_internal/exporter/_schemas.py:455] Missing annotation for parameter 'input' from (input, boxes, output_size: 'Sequence[int]', spatial_scale: 'float' = 1.0). Treating as an Input.
W0417 17:03:44.749000 2976908 torch/onnx/_internal/exporter/_schemas.py:455] Missing annotation for parameter 'boxes' from (input, boxes, output_size: 'Sequence[int]', spatial_scale: 'float' = 1.0). Treating as an Input.
/home/vd0034/.local/share/uv/python/cpython-3.12.12-linux-x86_64-gnu/lib/python3.12/copyreg.py:99: FutureWarning: `isinstance(treespec, LeafSpec)` is deprecated, use `isinstance(treespec, TreeSpec) and treespec.is_leaf()` instead.
  return cls.__new__(cls, *args)
Epoch [560/1000]  Loss: 0.0365
[torch.onnx] Obtain model graph for `DiffusionUNet([...]` with `torch.export.export(..., strict=False)`...
[torch.onnx] Obtain model graph for `DiffusionUNet([...]` with `torch.export.export(..., strict=False)`... ✅
[torch.onnx] Run decomposition...
[torch.onnx] Run decomposition... ✅
[torch.onnx] Translate the graph into ONNX...
[torch.onnx] Translate the graph into ONNX... ✅
ONNX saved to /home/vd0034/shallow_learning/scripts/output_genmodel/diffusion/diffusion_epoch560.onnx
Epoch [561/1000]  Loss: 0.0346
Epoch [562/1000]  Loss: 0.0339
Epoch [563/1000]  Loss: 0.0319
Epoch [564/1000]  Loss: 0.0343
Epoch [565/1000]  Loss: 0.0338
Epoch [566/1000]  Loss: 0.0365
Epoch [567/1000]  Loss: 0.0373
Epoch [568/1000]  Loss: 0.0337
Epoch [569/1000]  Loss: 0.0354
/home/vd0034/shallow_learning/src/shallow_learning/deepl/gen_model.py:406: UserWarning: # 'dynamic_axes' is not recommended when dynamo=True, and may lead to 'torch._dynamo.exc.UserError: Constraints violated.' Supply the 'dynamic_shapes' argument instead if export is unsuccessful.
  torch.onnx.export(self.model.unet, (dummy_x, dummy_t), filename,
W0417 17:04:10.060000 2976908 torch/onnx/_internal/exporter/_schemas.py:455] Missing annotation for parameter 'input' from (input, boxes, output_size: 'Sequence[int]', spatial_scale: 'float' = 1.0, sampling_ratio: 'int' = -1, aligned: 'bool' = False). Treating as an Input.
W0417 17:04:10.062000 2976908 torch/onnx/_internal/exporter/_schemas.py:455] Missing annotation for parameter 'boxes' from (input, boxes, output_size: 'Sequence[int]', spatial_scale: 'float' = 1.0, sampling_ratio: 'int' = -1, aligned: 'bool' = False). Treating as an Input.
W0417 17:04:10.062000 2976908 torch/onnx/_internal/exporter/_schemas.py:455] Missing annotation for parameter 'input' from (input, boxes, output_size: 'Sequence[int]', spatial_scale: 'float' = 1.0). Treating as an Input.
W0417 17:04:10.062000 2976908 torch/onnx/_internal/exporter/_schemas.py:455] Missing annotation for parameter 'boxes' from (input, boxes, output_size: 'Sequence[int]', spatial_scale: 'float' = 1.0). Treating as an Input.
/home/vd0034/.local/share/uv/python/cpython-3.12.12-linux-x86_64-gnu/lib/python3.12/copyreg.py:99: FutureWarning: `isinstance(treespec, LeafSpec)` is deprecated, use `isinstance(treespec, TreeSpec) and treespec.is_leaf()` instead.
  return cls.__new__(cls, *args)
Epoch [570/1000]  Loss: 0.0360
[torch.onnx] Obtain model graph for `DiffusionUNet([...]` with `torch.export.export(..., strict=False)`...
[torch.onnx] Obtain model graph for `DiffusionUNet([...]` with `torch.export.export(..., strict=False)`... ✅
[torch.onnx] Run decomposition...
[torch.onnx] Run decomposition... ✅
[torch.onnx] Translate the graph into ONNX...
[torch.onnx] Translate the graph into ONNX... ✅
ONNX saved to /home/vd0034/shallow_learning/scripts/output_genmodel/diffusion/diffusion_epoch570.onnx
Epoch [571/1000]  Loss: 0.0344
Epoch [572/1000]  Loss: 0.0347
Epoch [573/1000]  Loss: 0.0331
Epoch [574/1000]  Loss: 0.0336
Epoch [575/1000]  Loss: 0.0337
Epoch [576/1000]  Loss: 0.0347
Epoch [577/1000]  Loss: 0.0354
Epoch [578/1000]  Loss: 0.0368
Epoch [579/1000]  Loss: 0.0352
/home/vd0034/shallow_learning/src/shallow_learning/deepl/gen_model.py:406: UserWarning: # 'dynamic_axes' is not recommended when dynamo=True, and may lead to 'torch._dynamo.exc.UserError: Constraints violated.' Supply the 'dynamic_shapes' argument instead if export is unsuccessful.
  torch.onnx.export(self.model.unet, (dummy_x, dummy_t), filename,
W0417 17:04:31.412000 2976908 torch/onnx/_internal/exporter/_schemas.py:455] Missing annotation for parameter 'input' from (input, boxes, output_size: 'Sequence[int]', spatial_scale: 'float' = 1.0, sampling_ratio: 'int' = -1, aligned: 'bool' = False). Treating as an Input.
W0417 17:04:31.413000 2976908 torch/onnx/_internal/exporter/_schemas.py:455] Missing annotation for parameter 'boxes' from (input, boxes, output_size: 'Sequence[int]', spatial_scale: 'float' = 1.0, sampling_ratio: 'int' = -1, aligned: 'bool' = False). Treating as an Input.
W0417 17:04:31.413000 2976908 torch/onnx/_internal/exporter/_schemas.py:455] Missing annotation for parameter 'input' from (input, boxes, output_size: 'Sequence[int]', spatial_scale: 'float' = 1.0). Treating as an Input.
W0417 17:04:31.414000 2976908 torch/onnx/_internal/exporter/_schemas.py:455] Missing annotation for parameter 'boxes' from (input, boxes, output_size: 'Sequence[int]', spatial_scale: 'float' = 1.0). Treating as an Input.
/home/vd0034/.local/share/uv/python/cpython-3.12.12-linux-x86_64-gnu/lib/python3.12/copyreg.py:99: FutureWarning: `isinstance(treespec, LeafSpec)` is deprecated, use `isinstance(treespec, TreeSpec) and treespec.is_leaf()` instead.
  return cls.__new__(cls, *args)
Epoch [580/1000]  Loss: 0.0361
[torch.onnx] Obtain model graph for `DiffusionUNet([...]` with `torch.export.export(..., strict=False)`...
[torch.onnx] Obtain model graph for `DiffusionUNet([...]` with `torch.export.export(..., strict=False)`... ✅
[torch.onnx] Run decomposition...
[torch.onnx] Run decomposition... ✅
[torch.onnx] Translate the graph into ONNX...
[torch.onnx] Translate the graph into ONNX... ✅
ONNX saved to /home/vd0034/shallow_learning/scripts/output_genmodel/diffusion/diffusion_epoch580.onnx
Epoch [581/1000]  Loss: 0.0347
Epoch [582/1000]  Loss: 0.0356
Epoch [583/1000]  Loss: 0.0358
Epoch [584/1000]  Loss: 0.0352
Epoch [585/1000]  Loss: 0.0350
Epoch [586/1000]  Loss: 0.0338
Epoch [587/1000]  Loss: 0.0339
Epoch [588/1000]  Loss: 0.0329
Epoch [589/1000]  Loss: 0.0340
/home/vd0034/shallow_learning/src/shallow_learning/deepl/gen_model.py:406: UserWarning: # 'dynamic_axes' is not recommended when dynamo=True, and may lead to 'torch._dynamo.exc.UserError: Constraints violated.' Supply the 'dynamic_shapes' argument instead if export is unsuccessful.
  torch.onnx.export(self.model.unet, (dummy_x, dummy_t), filename,
W0417 17:04:52.287000 2976908 torch/onnx/_internal/exporter/_schemas.py:455] Missing annotation for parameter 'input' from (input, boxes, output_size: 'Sequence[int]', spatial_scale: 'float' = 1.0, sampling_ratio: 'int' = -1, aligned: 'bool' = False). Treating as an Input.
W0417 17:04:52.288000 2976908 torch/onnx/_internal/exporter/_schemas.py:455] Missing annotation for parameter 'boxes' from (input, boxes, output_size: 'Sequence[int]', spatial_scale: 'float' = 1.0, sampling_ratio: 'int' = -1, aligned: 'bool' = False). Treating as an Input.
W0417 17:04:52.288000 2976908 torch/onnx/_internal/exporter/_schemas.py:455] Missing annotation for parameter 'input' from (input, boxes, output_size: 'Sequence[int]', spatial_scale: 'float' = 1.0). Treating as an Input.
W0417 17:04:52.288000 2976908 torch/onnx/_internal/exporter/_schemas.py:455] Missing annotation for parameter 'boxes' from (input, boxes, output_size: 'Sequence[int]', spatial_scale: 'float' = 1.0). Treating as an Input.
/home/vd0034/.local/share/uv/python/cpython-3.12.12-linux-x86_64-gnu/lib/python3.12/copyreg.py:99: FutureWarning: `isinstance(treespec, LeafSpec)` is deprecated, use `isinstance(treespec, TreeSpec) and treespec.is_leaf()` instead.
  return cls.__new__(cls, *args)
Epoch [590/1000]  Loss: 0.0332
[torch.onnx] Obtain model graph for `DiffusionUNet([...]` with `torch.export.export(..., strict=False)`...
[torch.onnx] Obtain model graph for `DiffusionUNet([...]` with `torch.export.export(..., strict=False)`... ✅
[torch.onnx] Run decomposition...
[torch.onnx] Run decomposition... ✅
[torch.onnx] Translate the graph into ONNX...
[torch.onnx] Translate the graph into ONNX... ✅
ONNX saved to /home/vd0034/shallow_learning/scripts/output_genmodel/diffusion/diffusion_epoch590.onnx
Epoch [591/1000]  Loss: 0.0331
Epoch [592/1000]  Loss: 0.0344
Epoch [593/1000]  Loss: 0.0360
Epoch [594/1000]  Loss: 0.0333
Epoch [595/1000]  Loss: 0.0339
Epoch [596/1000]  Loss: 0.0346
Epoch [597/1000]  Loss: 0.0336
Epoch [598/1000]  Loss: 0.0334
Epoch [599/1000]  Loss: 0.0345
/home/vd0034/shallow_learning/src/shallow_learning/deepl/gen_model.py:406: UserWarning: # 'dynamic_axes' is not recommended when dynamo=True, and may lead to 'torch._dynamo.exc.UserError: Constraints violated.' Supply the 'dynamic_shapes' argument instead if export is unsuccessful.
  torch.onnx.export(self.model.unet, (dummy_x, dummy_t), filename,
W0417 17:05:18.162000 2976908 torch/onnx/_internal/exporter/_schemas.py:455] Missing annotation for parameter 'input' from (input, boxes, output_size: 'Sequence[int]', spatial_scale: 'float' = 1.0, sampling_ratio: 'int' = -1, aligned: 'bool' = False). Treating as an Input.
W0417 17:05:18.163000 2976908 torch/onnx/_internal/exporter/_schemas.py:455] Missing annotation for parameter 'boxes' from (input, boxes, output_size: 'Sequence[int]', spatial_scale: 'float' = 1.0, sampling_ratio: 'int' = -1, aligned: 'bool' = False). Treating as an Input.
W0417 17:05:18.163000 2976908 torch/onnx/_internal/exporter/_schemas.py:455] Missing annotation for parameter 'input' from (input, boxes, output_size: 'Sequence[int]', spatial_scale: 'float' = 1.0). Treating as an Input.
W0417 17:05:18.164000 2976908 torch/onnx/_internal/exporter/_schemas.py:455] Missing annotation for parameter 'boxes' from (input, boxes, output_size: 'Sequence[int]', spatial_scale: 'float' = 1.0). Treating as an Input.
/home/vd0034/.local/share/uv/python/cpython-3.12.12-linux-x86_64-gnu/lib/python3.12/copyreg.py:99: FutureWarning: `isinstance(treespec, LeafSpec)` is deprecated, use `isinstance(treespec, TreeSpec) and treespec.is_leaf()` instead.
  return cls.__new__(cls, *args)
Epoch [600/1000]  Loss: 0.0342
[torch.onnx] Obtain model graph for `DiffusionUNet([...]` with `torch.export.export(..., strict=False)`...
[torch.onnx] Obtain model graph for `DiffusionUNet([...]` with `torch.export.export(..., strict=False)`... ✅
[torch.onnx] Run decomposition...
[torch.onnx] Run decomposition... ✅
[torch.onnx] Translate the graph into ONNX...
[torch.onnx] Translate the graph into ONNX... ✅
ONNX saved to /home/vd0034/shallow_learning/scripts/output_genmodel/diffusion/diffusion_epoch600.onnx
Epoch [601/1000]  Loss: 0.0326
Epoch [602/1000]  Loss: 0.0331
Epoch [603/1000]  Loss: 0.0345
Epoch [604/1000]  Loss: 0.0336
Epoch [605/1000]  Loss: 0.0367
Epoch [606/1000]  Loss: 0.0374
Epoch [607/1000]  Loss: 0.0355
Epoch [608/1000]  Loss: 0.0344
Epoch [609/1000]  Loss: 0.0354
/home/vd0034/shallow_learning/src/shallow_learning/deepl/gen_model.py:406: UserWarning: # 'dynamic_axes' is not recommended when dynamo=True, and may lead to 'torch._dynamo.exc.UserError: Constraints violated.' Supply the 'dynamic_shapes' argument instead if export is unsuccessful.
  torch.onnx.export(self.model.unet, (dummy_x, dummy_t), filename,
W0417 17:05:39.582000 2976908 torch/onnx/_internal/exporter/_schemas.py:455] Missing annotation for parameter 'input' from (input, boxes, output_size: 'Sequence[int]', spatial_scale: 'float' = 1.0, sampling_ratio: 'int' = -1, aligned: 'bool' = False). Treating as an Input.
W0417 17:05:39.583000 2976908 torch/onnx/_internal/exporter/_schemas.py:455] Missing annotation for parameter 'boxes' from (input, boxes, output_size: 'Sequence[int]', spatial_scale: 'float' = 1.0, sampling_ratio: 'int' = -1, aligned: 'bool' = False). Treating as an Input.
W0417 17:05:39.583000 2976908 torch/onnx/_internal/exporter/_schemas.py:455] Missing annotation for parameter 'input' from (input, boxes, output_size: 'Sequence[int]', spatial_scale: 'float' = 1.0). Treating as an Input.
W0417 17:05:39.584000 2976908 torch/onnx/_internal/exporter/_schemas.py:455] Missing annotation for parameter 'boxes' from (input, boxes, output_size: 'Sequence[int]', spatial_scale: 'float' = 1.0). Treating as an Input.
/home/vd0034/.local/share/uv/python/cpython-3.12.12-linux-x86_64-gnu/lib/python3.12/copyreg.py:99: FutureWarning: `isinstance(treespec, LeafSpec)` is deprecated, use `isinstance(treespec, TreeSpec) and treespec.is_leaf()` instead.
  return cls.__new__(cls, *args)
Epoch [610/1000]  Loss: 0.0334
[torch.onnx] Obtain model graph for `DiffusionUNet([...]` with `torch.export.export(..., strict=False)`...
[torch.onnx] Obtain model graph for `DiffusionUNet([...]` with `torch.export.export(..., strict=False)`... ✅
[torch.onnx] Run decomposition...
[torch.onnx] Run decomposition... ✅
[torch.onnx] Translate the graph into ONNX...
[torch.onnx] Translate the graph into ONNX... ✅
ONNX saved to /home/vd0034/shallow_learning/scripts/output_genmodel/diffusion/diffusion_epoch610.onnx
Epoch [611/1000]  Loss: 0.0336
Epoch [612/1000]  Loss: 0.0358
Epoch [613/1000]  Loss: 0.0358
Epoch [614/1000]  Loss: 0.0354
Epoch [615/1000]  Loss: 0.0339
Epoch [616/1000]  Loss: 0.0351
Epoch [617/1000]  Loss: 0.0343
Epoch [618/1000]  Loss: 0.0346
Epoch [619/1000]  Loss: 0.0325
/home/vd0034/shallow_learning/src/shallow_learning/deepl/gen_model.py:406: UserWarning: # 'dynamic_axes' is not recommended when dynamo=True, and may lead to 'torch._dynamo.exc.UserError: Constraints violated.' Supply the 'dynamic_shapes' argument instead if export is unsuccessful.
  torch.onnx.export(self.model.unet, (dummy_x, dummy_t), filename,
W0417 17:06:00.501000 2976908 torch/onnx/_internal/exporter/_schemas.py:455] Missing annotation for parameter 'input' from (input, boxes, output_size: 'Sequence[int]', spatial_scale: 'float' = 1.0, sampling_ratio: 'int' = -1, aligned: 'bool' = False). Treating as an Input.
W0417 17:06:00.502000 2976908 torch/onnx/_internal/exporter/_schemas.py:455] Missing annotation for parameter 'boxes' from (input, boxes, output_size: 'Sequence[int]', spatial_scale: 'float' = 1.0, sampling_ratio: 'int' = -1, aligned: 'bool' = False). Treating as an Input.
W0417 17:06:00.503000 2976908 torch/onnx/_internal/exporter/_schemas.py:455] Missing annotation for parameter 'input' from (input, boxes, output_size: 'Sequence[int]', spatial_scale: 'float' = 1.0). Treating as an Input.
W0417 17:06:00.503000 2976908 torch/onnx/_internal/exporter/_schemas.py:455] Missing annotation for parameter 'boxes' from (input, boxes, output_size: 'Sequence[int]', spatial_scale: 'float' = 1.0). Treating as an Input.
/home/vd0034/.local/share/uv/python/cpython-3.12.12-linux-x86_64-gnu/lib/python3.12/copyreg.py:99: FutureWarning: `isinstance(treespec, LeafSpec)` is deprecated, use `isinstance(treespec, TreeSpec) and treespec.is_leaf()` instead.
  return cls.__new__(cls, *args)
Epoch [620/1000]  Loss: 0.0334
[torch.onnx] Obtain model graph for `DiffusionUNet([...]` with `torch.export.export(..., strict=False)`...
[torch.onnx] Obtain model graph for `DiffusionUNet([...]` with `torch.export.export(..., strict=False)`... ✅
[torch.onnx] Run decomposition...
[torch.onnx] Run decomposition... ✅
[torch.onnx] Translate the graph into ONNX...
[torch.onnx] Translate the graph into ONNX... ✅
ONNX saved to /home/vd0034/shallow_learning/scripts/output_genmodel/diffusion/diffusion_epoch620.onnx
Epoch [621/1000]  Loss: 0.0338
Epoch [622/1000]  Loss: 0.0324
Epoch [623/1000]  Loss: 0.0349
Epoch [624/1000]  Loss: 0.0338
Epoch [625/1000]  Loss: 0.0331
Epoch [626/1000]  Loss: 0.0331
Epoch [627/1000]  Loss: 0.0333
Epoch [628/1000]  Loss: 0.0333
Epoch [629/1000]  Loss: 0.0339
/home/vd0034/shallow_learning/src/shallow_learning/deepl/gen_model.py:406: UserWarning: # 'dynamic_axes' is not recommended when dynamo=True, and may lead to 'torch._dynamo.exc.UserError: Constraints violated.' Supply the 'dynamic_shapes' argument instead if export is unsuccessful.
  torch.onnx.export(self.model.unet, (dummy_x, dummy_t), filename,
W0417 17:06:22.533000 2976908 torch/onnx/_internal/exporter/_schemas.py:455] Missing annotation for parameter 'input' from (input, boxes, output_size: 'Sequence[int]', spatial_scale: 'float' = 1.0, sampling_ratio: 'int' = -1, aligned: 'bool' = False). Treating as an Input.
W0417 17:06:22.534000 2976908 torch/onnx/_internal/exporter/_schemas.py:455] Missing annotation for parameter 'boxes' from (input, boxes, output_size: 'Sequence[int]', spatial_scale: 'float' = 1.0, sampling_ratio: 'int' = -1, aligned: 'bool' = False). Treating as an Input.
W0417 17:06:22.535000 2976908 torch/onnx/_internal/exporter/_schemas.py:455] Missing annotation for parameter 'input' from (input, boxes, output_size: 'Sequence[int]', spatial_scale: 'float' = 1.0). Treating as an Input.
W0417 17:06:22.535000 2976908 torch/onnx/_internal/exporter/_schemas.py:455] Missing annotation for parameter 'boxes' from (input, boxes, output_size: 'Sequence[int]', spatial_scale: 'float' = 1.0). Treating as an Input.
/home/vd0034/.local/share/uv/python/cpython-3.12.12-linux-x86_64-gnu/lib/python3.12/copyreg.py:99: FutureWarning: `isinstance(treespec, LeafSpec)` is deprecated, use `isinstance(treespec, TreeSpec) and treespec.is_leaf()` instead.
  return cls.__new__(cls, *args)
Epoch [630/1000]  Loss: 0.0343
[torch.onnx] Obtain model graph for `DiffusionUNet([...]` with `torch.export.export(..., strict=False)`...
[torch.onnx] Obtain model graph for `DiffusionUNet([...]` with `torch.export.export(..., strict=False)`... ✅
[torch.onnx] Run decomposition...
[torch.onnx] Run decomposition... ✅
[torch.onnx] Translate the graph into ONNX...
[torch.onnx] Translate the graph into ONNX... ✅
ONNX saved to /home/vd0034/shallow_learning/scripts/output_genmodel/diffusion/diffusion_epoch630.onnx
Epoch [631/1000]  Loss: 0.0325
Epoch [632/1000]  Loss: 0.0322
Epoch [633/1000]  Loss: 0.0311
Epoch [634/1000]  Loss: 0.0335
Epoch [635/1000]  Loss: 0.0344
Epoch [636/1000]  Loss: 0.0330
Epoch [637/1000]  Loss: 0.0321
Epoch [638/1000]  Loss: 0.0318
Epoch [639/1000]  Loss: 0.0339
/home/vd0034/shallow_learning/src/shallow_learning/deepl/gen_model.py:406: UserWarning: # 'dynamic_axes' is not recommended when dynamo=True, and may lead to 'torch._dynamo.exc.UserError: Constraints violated.' Supply the 'dynamic_shapes' argument instead if export is unsuccessful.
  torch.onnx.export(self.model.unet, (dummy_x, dummy_t), filename,
W0417 17:06:43.858000 2976908 torch/onnx/_internal/exporter/_schemas.py:455] Missing annotation for parameter 'input' from (input, boxes, output_size: 'Sequence[int]', spatial_scale: 'float' = 1.0, sampling_ratio: 'int' = -1, aligned: 'bool' = False). Treating as an Input.
W0417 17:06:43.859000 2976908 torch/onnx/_internal/exporter/_schemas.py:455] Missing annotation for parameter 'boxes' from (input, boxes, output_size: 'Sequence[int]', spatial_scale: 'float' = 1.0, sampling_ratio: 'int' = -1, aligned: 'bool' = False). Treating as an Input.
W0417 17:06:43.859000 2976908 torch/onnx/_internal/exporter/_schemas.py:455] Missing annotation for parameter 'input' from (input, boxes, output_size: 'Sequence[int]', spatial_scale: 'float' = 1.0). Treating as an Input.
W0417 17:06:43.860000 2976908 torch/onnx/_internal/exporter/_schemas.py:455] Missing annotation for parameter 'boxes' from (input, boxes, output_size: 'Sequence[int]', spatial_scale: 'float' = 1.0). Treating as an Input.
/home/vd0034/.local/share/uv/python/cpython-3.12.12-linux-x86_64-gnu/lib/python3.12/copyreg.py:99: FutureWarning: `isinstance(treespec, LeafSpec)` is deprecated, use `isinstance(treespec, TreeSpec) and treespec.is_leaf()` instead.
  return cls.__new__(cls, *args)
Epoch [640/1000]  Loss: 0.0318
[torch.onnx] Obtain model graph for `DiffusionUNet([...]` with `torch.export.export(..., strict=False)`...
[torch.onnx] Obtain model graph for `DiffusionUNet([...]` with `torch.export.export(..., strict=False)`... ✅
[torch.onnx] Run decomposition...
[torch.onnx] Run decomposition... ✅
[torch.onnx] Translate the graph into ONNX...
[torch.onnx] Translate the graph into ONNX... ✅
ONNX saved to /home/vd0034/shallow_learning/scripts/output_genmodel/diffusion/diffusion_epoch640.onnx
Epoch [641/1000]  Loss: 0.0350
Epoch [642/1000]  Loss: 0.0338
Epoch [643/1000]  Loss: 0.0355
Epoch [644/1000]  Loss: 0.0318
Epoch [645/1000]  Loss: 0.0342
Epoch [646/1000]  Loss: 0.0328
Epoch [647/1000]  Loss: 0.0327
Epoch [648/1000]  Loss: 0.0336
Epoch [649/1000]  Loss: 0.0343
/home/vd0034/shallow_learning/src/shallow_learning/deepl/gen_model.py:406: UserWarning: # 'dynamic_axes' is not recommended when dynamo=True, and may lead to 'torch._dynamo.exc.UserError: Constraints violated.' Supply the 'dynamic_shapes' argument instead if export is unsuccessful.
  torch.onnx.export(self.model.unet, (dummy_x, dummy_t), filename,
W0417 17:07:05.773000 2976908 torch/onnx/_internal/exporter/_schemas.py:455] Missing annotation for parameter 'input' from (input, boxes, output_size: 'Sequence[int]', spatial_scale: 'float' = 1.0, sampling_ratio: 'int' = -1, aligned: 'bool' = False). Treating as an Input.
W0417 17:07:05.774000 2976908 torch/onnx/_internal/exporter/_schemas.py:455] Missing annotation for parameter 'boxes' from (input, boxes, output_size: 'Sequence[int]', spatial_scale: 'float' = 1.0, sampling_ratio: 'int' = -1, aligned: 'bool' = False). Treating as an Input.
W0417 17:07:05.774000 2976908 torch/onnx/_internal/exporter/_schemas.py:455] Missing annotation for parameter 'input' from (input, boxes, output_size: 'Sequence[int]', spatial_scale: 'float' = 1.0). Treating as an Input.
W0417 17:07:05.774000 2976908 torch/onnx/_internal/exporter/_schemas.py:455] Missing annotation for parameter 'boxes' from (input, boxes, output_size: 'Sequence[int]', spatial_scale: 'float' = 1.0). Treating as an Input.
/home/vd0034/.local/share/uv/python/cpython-3.12.12-linux-x86_64-gnu/lib/python3.12/copyreg.py:99: FutureWarning: `isinstance(treespec, LeafSpec)` is deprecated, use `isinstance(treespec, TreeSpec) and treespec.is_leaf()` instead.
  return cls.__new__(cls, *args)
Epoch [650/1000]  Loss: 0.0317
[torch.onnx] Obtain model graph for `DiffusionUNet([...]` with `torch.export.export(..., strict=False)`...
[torch.onnx] Obtain model graph for `DiffusionUNet([...]` with `torch.export.export(..., strict=False)`... ✅
[torch.onnx] Run decomposition...
[torch.onnx] Run decomposition... ✅
[torch.onnx] Translate the graph into ONNX...
[torch.onnx] Translate the graph into ONNX... ✅
ONNX saved to /home/vd0034/shallow_learning/scripts/output_genmodel/diffusion/diffusion_epoch650.onnx
Epoch [651/1000]  Loss: 0.0336
Epoch [652/1000]  Loss: 0.0354
Epoch [653/1000]  Loss: 0.0340
Epoch [654/1000]  Loss: 0.0357
Epoch [655/1000]  Loss: 0.0337
Epoch [656/1000]  Loss: 0.0344
Epoch [657/1000]  Loss: 0.0315
Epoch [658/1000]  Loss: 0.0345
Epoch [659/1000]  Loss: 0.0331
/home/vd0034/shallow_learning/src/shallow_learning/deepl/gen_model.py:406: UserWarning: # 'dynamic_axes' is not recommended when dynamo=True, and may lead to 'torch._dynamo.exc.UserError: Constraints violated.' Supply the 'dynamic_shapes' argument instead if export is unsuccessful.
  torch.onnx.export(self.model.unet, (dummy_x, dummy_t), filename,
W0417 17:07:27.960000 2976908 torch/onnx/_internal/exporter/_schemas.py:455] Missing annotation for parameter 'input' from (input, boxes, output_size: 'Sequence[int]', spatial_scale: 'float' = 1.0, sampling_ratio: 'int' = -1, aligned: 'bool' = False). Treating as an Input.
W0417 17:07:27.961000 2976908 torch/onnx/_internal/exporter/_schemas.py:455] Missing annotation for parameter 'boxes' from (input, boxes, output_size: 'Sequence[int]', spatial_scale: 'float' = 1.0, sampling_ratio: 'int' = -1, aligned: 'bool' = False). Treating as an Input.
W0417 17:07:27.962000 2976908 torch/onnx/_internal/exporter/_schemas.py:455] Missing annotation for parameter 'input' from (input, boxes, output_size: 'Sequence[int]', spatial_scale: 'float' = 1.0). Treating as an Input.
W0417 17:07:27.962000 2976908 torch/onnx/_internal/exporter/_schemas.py:455] Missing annotation for parameter 'boxes' from (input, boxes, output_size: 'Sequence[int]', spatial_scale: 'float' = 1.0). Treating as an Input.
/home/vd0034/.local/share/uv/python/cpython-3.12.12-linux-x86_64-gnu/lib/python3.12/copyreg.py:99: FutureWarning: `isinstance(treespec, LeafSpec)` is deprecated, use `isinstance(treespec, TreeSpec) and treespec.is_leaf()` instead.
  return cls.__new__(cls, *args)
Epoch [660/1000]  Loss: 0.0333
[torch.onnx] Obtain model graph for `DiffusionUNet([...]` with `torch.export.export(..., strict=False)`...
[torch.onnx] Obtain model graph for `DiffusionUNet([...]` with `torch.export.export(..., strict=False)`... ✅
[torch.onnx] Run decomposition...
[torch.onnx] Run decomposition... ✅
[torch.onnx] Translate the graph into ONNX...
[torch.onnx] Translate the graph into ONNX... ✅
ONNX saved to /home/vd0034/shallow_learning/scripts/output_genmodel/diffusion/diffusion_epoch660.onnx
Epoch [661/1000]  Loss: 0.0348
Epoch [662/1000]  Loss: 0.0347
Epoch [663/1000]  Loss: 0.0343
Epoch [664/1000]  Loss: 0.0335
Epoch [665/1000]  Loss: 0.0315
Epoch [666/1000]  Loss: 0.0332
Epoch [667/1000]  Loss: 0.0342
Epoch [668/1000]  Loss: 0.0325
Epoch [669/1000]  Loss: 0.0338
/home/vd0034/shallow_learning/src/shallow_learning/deepl/gen_model.py:406: UserWarning: # 'dynamic_axes' is not recommended when dynamo=True, and may lead to 'torch._dynamo.exc.UserError: Constraints violated.' Supply the 'dynamic_shapes' argument instead if export is unsuccessful.
  torch.onnx.export(self.model.unet, (dummy_x, dummy_t), filename,
W0417 17:07:49.326000 2976908 torch/onnx/_internal/exporter/_schemas.py:455] Missing annotation for parameter 'input' from (input, boxes, output_size: 'Sequence[int]', spatial_scale: 'float' = 1.0, sampling_ratio: 'int' = -1, aligned: 'bool' = False). Treating as an Input.
W0417 17:07:49.327000 2976908 torch/onnx/_internal/exporter/_schemas.py:455] Missing annotation for parameter 'boxes' from (input, boxes, output_size: 'Sequence[int]', spatial_scale: 'float' = 1.0, sampling_ratio: 'int' = -1, aligned: 'bool' = False). Treating as an Input.
W0417 17:07:49.327000 2976908 torch/onnx/_internal/exporter/_schemas.py:455] Missing annotation for parameter 'input' from (input, boxes, output_size: 'Sequence[int]', spatial_scale: 'float' = 1.0). Treating as an Input.
W0417 17:07:49.327000 2976908 torch/onnx/_internal/exporter/_schemas.py:455] Missing annotation for parameter 'boxes' from (input, boxes, output_size: 'Sequence[int]', spatial_scale: 'float' = 1.0). Treating as an Input.
/home/vd0034/.local/share/uv/python/cpython-3.12.12-linux-x86_64-gnu/lib/python3.12/copyreg.py:99: FutureWarning: `isinstance(treespec, LeafSpec)` is deprecated, use `isinstance(treespec, TreeSpec) and treespec.is_leaf()` instead.
  return cls.__new__(cls, *args)
Epoch [670/1000]  Loss: 0.0340
[torch.onnx] Obtain model graph for `DiffusionUNet([...]` with `torch.export.export(..., strict=False)`...
[torch.onnx] Obtain model graph for `DiffusionUNet([...]` with `torch.export.export(..., strict=False)`... ✅
[torch.onnx] Run decomposition...
[torch.onnx] Run decomposition... ✅
[torch.onnx] Translate the graph into ONNX...
[torch.onnx] Translate the graph into ONNX... ✅
ONNX saved to /home/vd0034/shallow_learning/scripts/output_genmodel/diffusion/diffusion_epoch670.onnx
Epoch [671/1000]  Loss: 0.0323
Epoch [672/1000]  Loss: 0.0321
Epoch [673/1000]  Loss: 0.0353
Epoch [674/1000]  Loss: 0.0339
Epoch [675/1000]  Loss: 0.0327
Epoch [676/1000]  Loss: 0.0330
Epoch [677/1000]  Loss: 0.0351
Epoch [678/1000]  Loss: 0.0325
Epoch [679/1000]  Loss: 0.0321
/home/vd0034/shallow_learning/src/shallow_learning/deepl/gen_model.py:406: UserWarning: # 'dynamic_axes' is not recommended when dynamo=True, and may lead to 'torch._dynamo.exc.UserError: Constraints violated.' Supply the 'dynamic_shapes' argument instead if export is unsuccessful.
  torch.onnx.export(self.model.unet, (dummy_x, dummy_t), filename,
W0417 17:08:14.607000 2976908 torch/onnx/_internal/exporter/_schemas.py:455] Missing annotation for parameter 'input' from (input, boxes, output_size: 'Sequence[int]', spatial_scale: 'float' = 1.0, sampling_ratio: 'int' = -1, aligned: 'bool' = False). Treating as an Input.
W0417 17:08:14.608000 2976908 torch/onnx/_internal/exporter/_schemas.py:455] Missing annotation for parameter 'boxes' from (input, boxes, output_size: 'Sequence[int]', spatial_scale: 'float' = 1.0, sampling_ratio: 'int' = -1, aligned: 'bool' = False). Treating as an Input.
W0417 17:08:14.609000 2976908 torch/onnx/_internal/exporter/_schemas.py:455] Missing annotation for parameter 'input' from (input, boxes, output_size: 'Sequence[int]', spatial_scale: 'float' = 1.0). Treating as an Input.
W0417 17:08:14.609000 2976908 torch/onnx/_internal/exporter/_schemas.py:455] Missing annotation for parameter 'boxes' from (input, boxes, output_size: 'Sequence[int]', spatial_scale: 'float' = 1.0). Treating as an Input.
/home/vd0034/.local/share/uv/python/cpython-3.12.12-linux-x86_64-gnu/lib/python3.12/copyreg.py:99: FutureWarning: `isinstance(treespec, LeafSpec)` is deprecated, use `isinstance(treespec, TreeSpec) and treespec.is_leaf()` instead.
  return cls.__new__(cls, *args)
Epoch [680/1000]  Loss: 0.0345
[torch.onnx] Obtain model graph for `DiffusionUNet([...]` with `torch.export.export(..., strict=False)`...
[torch.onnx] Obtain model graph for `DiffusionUNet([...]` with `torch.export.export(..., strict=False)`... ✅
[torch.onnx] Run decomposition...
[torch.onnx] Run decomposition... ✅
[torch.onnx] Translate the graph into ONNX...
[torch.onnx] Translate the graph into ONNX... ✅
ONNX saved to /home/vd0034/shallow_learning/scripts/output_genmodel/diffusion/diffusion_epoch680.onnx
Epoch [681/1000]  Loss: 0.0337
Epoch [682/1000]  Loss: 0.0339
Epoch [683/1000]  Loss: 0.0334
Epoch [684/1000]  Loss: 0.0344
Epoch [685/1000]  Loss: 0.0337
Epoch [686/1000]  Loss: 0.0324
Epoch [687/1000]  Loss: 0.0321
Epoch [688/1000]  Loss: 0.0338
Epoch [689/1000]  Loss: 0.0317
/home/vd0034/shallow_learning/src/shallow_learning/deepl/gen_model.py:406: UserWarning: # 'dynamic_axes' is not recommended when dynamo=True, and may lead to 'torch._dynamo.exc.UserError: Constraints violated.' Supply the 'dynamic_shapes' argument instead if export is unsuccessful.
  torch.onnx.export(self.model.unet, (dummy_x, dummy_t), filename,
W0417 17:08:36.742000 2976908 torch/onnx/_internal/exporter/_schemas.py:455] Missing annotation for parameter 'input' from (input, boxes, output_size: 'Sequence[int]', spatial_scale: 'float' = 1.0, sampling_ratio: 'int' = -1, aligned: 'bool' = False). Treating as an Input.
W0417 17:08:36.744000 2976908 torch/onnx/_internal/exporter/_schemas.py:455] Missing annotation for parameter 'boxes' from (input, boxes, output_size: 'Sequence[int]', spatial_scale: 'float' = 1.0, sampling_ratio: 'int' = -1, aligned: 'bool' = False). Treating as an Input.
W0417 17:08:36.744000 2976908 torch/onnx/_internal/exporter/_schemas.py:455] Missing annotation for parameter 'input' from (input, boxes, output_size: 'Sequence[int]', spatial_scale: 'float' = 1.0). Treating as an Input.
W0417 17:08:36.745000 2976908 torch/onnx/_internal/exporter/_schemas.py:455] Missing annotation for parameter 'boxes' from (input, boxes, output_size: 'Sequence[int]', spatial_scale: 'float' = 1.0). Treating as an Input.
/home/vd0034/.local/share/uv/python/cpython-3.12.12-linux-x86_64-gnu/lib/python3.12/copyreg.py:99: FutureWarning: `isinstance(treespec, LeafSpec)` is deprecated, use `isinstance(treespec, TreeSpec) and treespec.is_leaf()` instead.
  return cls.__new__(cls, *args)
Epoch [690/1000]  Loss: 0.0332
[torch.onnx] Obtain model graph for `DiffusionUNet([...]` with `torch.export.export(..., strict=False)`...
[torch.onnx] Obtain model graph for `DiffusionUNet([...]` with `torch.export.export(..., strict=False)`... ✅
[torch.onnx] Run decomposition...
[torch.onnx] Run decomposition... ✅
[torch.onnx] Translate the graph into ONNX...
[torch.onnx] Translate the graph into ONNX... ✅
ONNX saved to /home/vd0034/shallow_learning/scripts/output_genmodel/diffusion/diffusion_epoch690.onnx
Epoch [691/1000]  Loss: 0.0327
Epoch [692/1000]  Loss: 0.0345
Epoch [693/1000]  Loss: 0.0331
Epoch [694/1000]  Loss: 0.0360
Epoch [695/1000]  Loss: 0.0326
Epoch [696/1000]  Loss: 0.0339
Epoch [697/1000]  Loss: 0.0319
Epoch [698/1000]  Loss: 0.0321
Epoch [699/1000]  Loss: 0.0318
/home/vd0034/shallow_learning/src/shallow_learning/deepl/gen_model.py:406: UserWarning: # 'dynamic_axes' is not recommended when dynamo=True, and may lead to 'torch._dynamo.exc.UserError: Constraints violated.' Supply the 'dynamic_shapes' argument instead if export is unsuccessful.
  torch.onnx.export(self.model.unet, (dummy_x, dummy_t), filename,
W0417 17:08:58.362000 2976908 torch/onnx/_internal/exporter/_schemas.py:455] Missing annotation for parameter 'input' from (input, boxes, output_size: 'Sequence[int]', spatial_scale: 'float' = 1.0, sampling_ratio: 'int' = -1, aligned: 'bool' = False). Treating as an Input.
W0417 17:08:58.363000 2976908 torch/onnx/_internal/exporter/_schemas.py:455] Missing annotation for parameter 'boxes' from (input, boxes, output_size: 'Sequence[int]', spatial_scale: 'float' = 1.0, sampling_ratio: 'int' = -1, aligned: 'bool' = False). Treating as an Input.
W0417 17:08:58.363000 2976908 torch/onnx/_internal/exporter/_schemas.py:455] Missing annotation for parameter 'input' from (input, boxes, output_size: 'Sequence[int]', spatial_scale: 'float' = 1.0). Treating as an Input.
W0417 17:08:58.363000 2976908 torch/onnx/_internal/exporter/_schemas.py:455] Missing annotation for parameter 'boxes' from (input, boxes, output_size: 'Sequence[int]', spatial_scale: 'float' = 1.0). Treating as an Input.
/home/vd0034/.local/share/uv/python/cpython-3.12.12-linux-x86_64-gnu/lib/python3.12/copyreg.py:99: FutureWarning: `isinstance(treespec, LeafSpec)` is deprecated, use `isinstance(treespec, TreeSpec) and treespec.is_leaf()` instead.
  return cls.__new__(cls, *args)
Epoch [700/1000]  Loss: 0.0315
[torch.onnx] Obtain model graph for `DiffusionUNet([...]` with `torch.export.export(..., strict=False)`...
[torch.onnx] Obtain model graph for `DiffusionUNet([...]` with `torch.export.export(..., strict=False)`... ✅
[torch.onnx] Run decomposition...
[torch.onnx] Run decomposition... ✅
[torch.onnx] Translate the graph into ONNX...
[torch.onnx] Translate the graph into ONNX... ✅
ONNX saved to /home/vd0034/shallow_learning/scripts/output_genmodel/diffusion/diffusion_epoch700.onnx
Epoch [701/1000]  Loss: 0.0307
Epoch [702/1000]  Loss: 0.0336
Epoch [703/1000]  Loss: 0.0314
Epoch [704/1000]  Loss: 0.0319
Epoch [705/1000]  Loss: 0.0307
Epoch [706/1000]  Loss: 0.0335
Epoch [707/1000]  Loss: 0.0342
Epoch [708/1000]  Loss: 0.0343
Epoch [709/1000]  Loss: 0.0323
/home/vd0034/shallow_learning/src/shallow_learning/deepl/gen_model.py:406: UserWarning: # 'dynamic_axes' is not recommended when dynamo=True, and may lead to 'torch._dynamo.exc.UserError: Constraints violated.' Supply the 'dynamic_shapes' argument instead if export is unsuccessful.
  torch.onnx.export(self.model.unet, (dummy_x, dummy_t), filename,
W0417 17:09:24.924000 2976908 torch/onnx/_internal/exporter/_schemas.py:455] Missing annotation for parameter 'input' from (input, boxes, output_size: 'Sequence[int]', spatial_scale: 'float' = 1.0, sampling_ratio: 'int' = -1, aligned: 'bool' = False). Treating as an Input.
W0417 17:09:24.925000 2976908 torch/onnx/_internal/exporter/_schemas.py:455] Missing annotation for parameter 'boxes' from (input, boxes, output_size: 'Sequence[int]', spatial_scale: 'float' = 1.0, sampling_ratio: 'int' = -1, aligned: 'bool' = False). Treating as an Input.
W0417 17:09:24.925000 2976908 torch/onnx/_internal/exporter/_schemas.py:455] Missing annotation for parameter 'input' from (input, boxes, output_size: 'Sequence[int]', spatial_scale: 'float' = 1.0). Treating as an Input.
W0417 17:09:24.926000 2976908 torch/onnx/_internal/exporter/_schemas.py:455] Missing annotation for parameter 'boxes' from (input, boxes, output_size: 'Sequence[int]', spatial_scale: 'float' = 1.0). Treating as an Input.
/home/vd0034/.local/share/uv/python/cpython-3.12.12-linux-x86_64-gnu/lib/python3.12/copyreg.py:99: FutureWarning: `isinstance(treespec, LeafSpec)` is deprecated, use `isinstance(treespec, TreeSpec) and treespec.is_leaf()` instead.
  return cls.__new__(cls, *args)
Epoch [710/1000]  Loss: 0.0318
[torch.onnx] Obtain model graph for `DiffusionUNet([...]` with `torch.export.export(..., strict=False)`...
[torch.onnx] Obtain model graph for `DiffusionUNet([...]` with `torch.export.export(..., strict=False)`... ✅
[torch.onnx] Run decomposition...
[torch.onnx] Run decomposition... ✅
[torch.onnx] Translate the graph into ONNX...
[torch.onnx] Translate the graph into ONNX... ✅
ONNX saved to /home/vd0034/shallow_learning/scripts/output_genmodel/diffusion/diffusion_epoch710.onnx
Epoch [711/1000]  Loss: 0.0352
Epoch [712/1000]  Loss: 0.0330
Epoch [713/1000]  Loss: 0.0328
Epoch [714/1000]  Loss: 0.0347
Epoch [715/1000]  Loss: 0.0323
Epoch [716/1000]  Loss: 0.0321
Epoch [717/1000]  Loss: 0.0343
Epoch [718/1000]  Loss: 0.0341
Epoch [719/1000]  Loss: 0.0350
/home/vd0034/shallow_learning/src/shallow_learning/deepl/gen_model.py:406: UserWarning: # 'dynamic_axes' is not recommended when dynamo=True, and may lead to 'torch._dynamo.exc.UserError: Constraints violated.' Supply the 'dynamic_shapes' argument instead if export is unsuccessful.
  torch.onnx.export(self.model.unet, (dummy_x, dummy_t), filename,
W0417 17:09:46.877000 2976908 torch/onnx/_internal/exporter/_schemas.py:455] Missing annotation for parameter 'input' from (input, boxes, output_size: 'Sequence[int]', spatial_scale: 'float' = 1.0, sampling_ratio: 'int' = -1, aligned: 'bool' = False). Treating as an Input.
W0417 17:09:46.878000 2976908 torch/onnx/_internal/exporter/_schemas.py:455] Missing annotation for parameter 'boxes' from (input, boxes, output_size: 'Sequence[int]', spatial_scale: 'float' = 1.0, sampling_ratio: 'int' = -1, aligned: 'bool' = False). Treating as an Input.
W0417 17:09:46.878000 2976908 torch/onnx/_internal/exporter/_schemas.py:455] Missing annotation for parameter 'input' from (input, boxes, output_size: 'Sequence[int]', spatial_scale: 'float' = 1.0). Treating as an Input.
W0417 17:09:46.879000 2976908 torch/onnx/_internal/exporter/_schemas.py:455] Missing annotation for parameter 'boxes' from (input, boxes, output_size: 'Sequence[int]', spatial_scale: 'float' = 1.0). Treating as an Input.
/home/vd0034/.local/share/uv/python/cpython-3.12.12-linux-x86_64-gnu/lib/python3.12/copyreg.py:99: FutureWarning: `isinstance(treespec, LeafSpec)` is deprecated, use `isinstance(treespec, TreeSpec) and treespec.is_leaf()` instead.
  return cls.__new__(cls, *args)
Epoch [720/1000]  Loss: 0.0329
[torch.onnx] Obtain model graph for `DiffusionUNet([...]` with `torch.export.export(..., strict=False)`...
[torch.onnx] Obtain model graph for `DiffusionUNet([...]` with `torch.export.export(..., strict=False)`... ✅
[torch.onnx] Run decomposition...
[torch.onnx] Run decomposition... ✅
[torch.onnx] Translate the graph into ONNX...
[torch.onnx] Translate the graph into ONNX... ✅
ONNX saved to /home/vd0034/shallow_learning/scripts/output_genmodel/diffusion/diffusion_epoch720.onnx
Epoch [721/1000]  Loss: 0.0320
Epoch [722/1000]  Loss: 0.0313
Epoch [723/1000]  Loss: 0.0311
Epoch [724/1000]  Loss: 0.0309
Epoch [725/1000]  Loss: 0.0327
Epoch [726/1000]  Loss: 0.0345
Epoch [727/1000]  Loss: 0.0341
Epoch [728/1000]  Loss: 0.0328
Epoch [729/1000]  Loss: 0.0349
/home/vd0034/shallow_learning/src/shallow_learning/deepl/gen_model.py:406: UserWarning: # 'dynamic_axes' is not recommended when dynamo=True, and may lead to 'torch._dynamo.exc.UserError: Constraints violated.' Supply the 'dynamic_shapes' argument instead if export is unsuccessful.
  torch.onnx.export(self.model.unet, (dummy_x, dummy_t), filename,
W0417 17:10:08.915000 2976908 torch/onnx/_internal/exporter/_schemas.py:455] Missing annotation for parameter 'input' from (input, boxes, output_size: 'Sequence[int]', spatial_scale: 'float' = 1.0, sampling_ratio: 'int' = -1, aligned: 'bool' = False). Treating as an Input.
W0417 17:10:08.915000 2976908 torch/onnx/_internal/exporter/_schemas.py:455] Missing annotation for parameter 'boxes' from (input, boxes, output_size: 'Sequence[int]', spatial_scale: 'float' = 1.0, sampling_ratio: 'int' = -1, aligned: 'bool' = False). Treating as an Input.
W0417 17:10:08.916000 2976908 torch/onnx/_internal/exporter/_schemas.py:455] Missing annotation for parameter 'input' from (input, boxes, output_size: 'Sequence[int]', spatial_scale: 'float' = 1.0). Treating as an Input.
W0417 17:10:08.916000 2976908 torch/onnx/_internal/exporter/_schemas.py:455] Missing annotation for parameter 'boxes' from (input, boxes, output_size: 'Sequence[int]', spatial_scale: 'float' = 1.0). Treating as an Input.
/home/vd0034/.local/share/uv/python/cpython-3.12.12-linux-x86_64-gnu/lib/python3.12/copyreg.py:99: FutureWarning: `isinstance(treespec, LeafSpec)` is deprecated, use `isinstance(treespec, TreeSpec) and treespec.is_leaf()` instead.
  return cls.__new__(cls, *args)
Epoch [730/1000]  Loss: 0.0337
[torch.onnx] Obtain model graph for `DiffusionUNet([...]` with `torch.export.export(..., strict=False)`...
[torch.onnx] Obtain model graph for `DiffusionUNet([...]` with `torch.export.export(..., strict=False)`... ✅
[torch.onnx] Run decomposition...
[torch.onnx] Run decomposition... ✅
[torch.onnx] Translate the graph into ONNX...
[torch.onnx] Translate the graph into ONNX... ✅
ONNX saved to /home/vd0034/shallow_learning/scripts/output_genmodel/diffusion/diffusion_epoch730.onnx
Epoch [731/1000]  Loss: 0.0316
Epoch [732/1000]  Loss: 0.0329
Epoch [733/1000]  Loss: 0.0329
Epoch [734/1000]  Loss: 0.0347
Epoch [735/1000]  Loss: 0.0316
Epoch [736/1000]  Loss: 0.0333
Epoch [737/1000]  Loss: 0.0310
Epoch [738/1000]  Loss: 0.0306
Epoch [739/1000]  Loss: 0.0314
/home/vd0034/shallow_learning/src/shallow_learning/deepl/gen_model.py:406: UserWarning: # 'dynamic_axes' is not recommended when dynamo=True, and may lead to 'torch._dynamo.exc.UserError: Constraints violated.' Supply the 'dynamic_shapes' argument instead if export is unsuccessful.
  torch.onnx.export(self.model.unet, (dummy_x, dummy_t), filename,
W0417 17:10:31.289000 2976908 torch/onnx/_internal/exporter/_schemas.py:455] Missing annotation for parameter 'input' from (input, boxes, output_size: 'Sequence[int]', spatial_scale: 'float' = 1.0, sampling_ratio: 'int' = -1, aligned: 'bool' = False). Treating as an Input.
W0417 17:10:31.290000 2976908 torch/onnx/_internal/exporter/_schemas.py:455] Missing annotation for parameter 'boxes' from (input, boxes, output_size: 'Sequence[int]', spatial_scale: 'float' = 1.0, sampling_ratio: 'int' = -1, aligned: 'bool' = False). Treating as an Input.
W0417 17:10:31.291000 2976908 torch/onnx/_internal/exporter/_schemas.py:455] Missing annotation for parameter 'input' from (input, boxes, output_size: 'Sequence[int]', spatial_scale: 'float' = 1.0). Treating as an Input.
W0417 17:10:31.291000 2976908 torch/onnx/_internal/exporter/_schemas.py:455] Missing annotation for parameter 'boxes' from (input, boxes, output_size: 'Sequence[int]', spatial_scale: 'float' = 1.0). Treating as an Input.
/home/vd0034/.local/share/uv/python/cpython-3.12.12-linux-x86_64-gnu/lib/python3.12/copyreg.py:99: FutureWarning: `isinstance(treespec, LeafSpec)` is deprecated, use `isinstance(treespec, TreeSpec) and treespec.is_leaf()` instead.
  return cls.__new__(cls, *args)
Epoch [740/1000]  Loss: 0.0330
[torch.onnx] Obtain model graph for `DiffusionUNet([...]` with `torch.export.export(..., strict=False)`...
[torch.onnx] Obtain model graph for `DiffusionUNet([...]` with `torch.export.export(..., strict=False)`... ✅
[torch.onnx] Run decomposition...
[torch.onnx] Run decomposition... ✅
[torch.onnx] Translate the graph into ONNX...
[torch.onnx] Translate the graph into ONNX... ✅
ONNX saved to /home/vd0034/shallow_learning/scripts/output_genmodel/diffusion/diffusion_epoch740.onnx
Epoch [741/1000]  Loss: 0.0325
Epoch [742/1000]  Loss: 0.0335
Epoch [743/1000]  Loss: 0.0325
Epoch [744/1000]  Loss: 0.0321
Epoch [745/1000]  Loss: 0.0319
Epoch [746/1000]  Loss: 0.0310
Epoch [747/1000]  Loss: 0.0329
Epoch [748/1000]  Loss: 0.0336
Epoch [749/1000]  Loss: 0.0331
/home/vd0034/shallow_learning/src/shallow_learning/deepl/gen_model.py:406: UserWarning: # 'dynamic_axes' is not recommended when dynamo=True, and may lead to 'torch._dynamo.exc.UserError: Constraints violated.' Supply the 'dynamic_shapes' argument instead if export is unsuccessful.
  torch.onnx.export(self.model.unet, (dummy_x, dummy_t), filename,
W0417 17:10:52.971000 2976908 torch/onnx/_internal/exporter/_schemas.py:455] Missing annotation for parameter 'input' from (input, boxes, output_size: 'Sequence[int]', spatial_scale: 'float' = 1.0, sampling_ratio: 'int' = -1, aligned: 'bool' = False). Treating as an Input.
W0417 17:10:52.972000 2976908 torch/onnx/_internal/exporter/_schemas.py:455] Missing annotation for parameter 'boxes' from (input, boxes, output_size: 'Sequence[int]', spatial_scale: 'float' = 1.0, sampling_ratio: 'int' = -1, aligned: 'bool' = False). Treating as an Input.
W0417 17:10:52.972000 2976908 torch/onnx/_internal/exporter/_schemas.py:455] Missing annotation for parameter 'input' from (input, boxes, output_size: 'Sequence[int]', spatial_scale: 'float' = 1.0). Treating as an Input.
W0417 17:10:52.973000 2976908 torch/onnx/_internal/exporter/_schemas.py:455] Missing annotation for parameter 'boxes' from (input, boxes, output_size: 'Sequence[int]', spatial_scale: 'float' = 1.0). Treating as an Input.
/home/vd0034/.local/share/uv/python/cpython-3.12.12-linux-x86_64-gnu/lib/python3.12/copyreg.py:99: FutureWarning: `isinstance(treespec, LeafSpec)` is deprecated, use `isinstance(treespec, TreeSpec) and treespec.is_leaf()` instead.
  return cls.__new__(cls, *args)
Epoch [750/1000]  Loss: 0.0336
[torch.onnx] Obtain model graph for `DiffusionUNet([...]` with `torch.export.export(..., strict=False)`...
[torch.onnx] Obtain model graph for `DiffusionUNet([...]` with `torch.export.export(..., strict=False)`... ✅
[torch.onnx] Run decomposition...
[torch.onnx] Run decomposition... ✅
[torch.onnx] Translate the graph into ONNX...
[torch.onnx] Translate the graph into ONNX... ✅
ONNX saved to /home/vd0034/shallow_learning/scripts/output_genmodel/diffusion/diffusion_epoch750.onnx
Epoch [751/1000]  Loss: 0.0331
Epoch [752/1000]  Loss: 0.0342
Epoch [753/1000]  Loss: 0.0327
Epoch [754/1000]  Loss: 0.0336
Epoch [755/1000]  Loss: 0.0343
Epoch [756/1000]  Loss: 0.0341
Epoch [757/1000]  Loss: 0.0315
Epoch [758/1000]  Loss: 0.0319
Epoch [759/1000]  Loss: 0.0332
/home/vd0034/shallow_learning/src/shallow_learning/deepl/gen_model.py:406: UserWarning: # 'dynamic_axes' is not recommended when dynamo=True, and may lead to 'torch._dynamo.exc.UserError: Constraints violated.' Supply the 'dynamic_shapes' argument instead if export is unsuccessful.
  torch.onnx.export(self.model.unet, (dummy_x, dummy_t), filename,
W0417 17:11:13.972000 2976908 torch/onnx/_internal/exporter/_schemas.py:455] Missing annotation for parameter 'input' from (input, boxes, output_size: 'Sequence[int]', spatial_scale: 'float' = 1.0, sampling_ratio: 'int' = -1, aligned: 'bool' = False). Treating as an Input.
W0417 17:11:13.973000 2976908 torch/onnx/_internal/exporter/_schemas.py:455] Missing annotation for parameter 'boxes' from (input, boxes, output_size: 'Sequence[int]', spatial_scale: 'float' = 1.0, sampling_ratio: 'int' = -1, aligned: 'bool' = False). Treating as an Input.
W0417 17:11:13.973000 2976908 torch/onnx/_internal/exporter/_schemas.py:455] Missing annotation for parameter 'input' from (input, boxes, output_size: 'Sequence[int]', spatial_scale: 'float' = 1.0). Treating as an Input.
W0417 17:11:13.974000 2976908 torch/onnx/_internal/exporter/_schemas.py:455] Missing annotation for parameter 'boxes' from (input, boxes, output_size: 'Sequence[int]', spatial_scale: 'float' = 1.0). Treating as an Input.
/home/vd0034/.local/share/uv/python/cpython-3.12.12-linux-x86_64-gnu/lib/python3.12/copyreg.py:99: FutureWarning: `isinstance(treespec, LeafSpec)` is deprecated, use `isinstance(treespec, TreeSpec) and treespec.is_leaf()` instead.
  return cls.__new__(cls, *args)
Epoch [760/1000]  Loss: 0.0328
[torch.onnx] Obtain model graph for `DiffusionUNet([...]` with `torch.export.export(..., strict=False)`...
[torch.onnx] Obtain model graph for `DiffusionUNet([...]` with `torch.export.export(..., strict=False)`... ✅
[torch.onnx] Run decomposition...
[torch.onnx] Run decomposition... ✅
[torch.onnx] Translate the graph into ONNX...
[torch.onnx] Translate the graph into ONNX... ✅
ONNX saved to /home/vd0034/shallow_learning/scripts/output_genmodel/diffusion/diffusion_epoch760.onnx
Epoch [761/1000]  Loss: 0.0337
Epoch [762/1000]  Loss: 0.0334
Epoch [763/1000]  Loss: 0.0316
Epoch [764/1000]  Loss: 0.0315
Epoch [765/1000]  Loss: 0.0319
Epoch [766/1000]  Loss: 0.0326
Epoch [767/1000]  Loss: 0.0341
Epoch [768/1000]  Loss: 0.0326
Epoch [769/1000]  Loss: 0.0306
/home/vd0034/shallow_learning/src/shallow_learning/deepl/gen_model.py:406: UserWarning: # 'dynamic_axes' is not recommended when dynamo=True, and may lead to 'torch._dynamo.exc.UserError: Constraints violated.' Supply the 'dynamic_shapes' argument instead if export is unsuccessful.
  torch.onnx.export(self.model.unet, (dummy_x, dummy_t), filename,
W0417 17:11:36.010000 2976908 torch/onnx/_internal/exporter/_schemas.py:455] Missing annotation for parameter 'input' from (input, boxes, output_size: 'Sequence[int]', spatial_scale: 'float' = 1.0, sampling_ratio: 'int' = -1, aligned: 'bool' = False). Treating as an Input.
W0417 17:11:36.012000 2976908 torch/onnx/_internal/exporter/_schemas.py:455] Missing annotation for parameter 'boxes' from (input, boxes, output_size: 'Sequence[int]', spatial_scale: 'float' = 1.0, sampling_ratio: 'int' = -1, aligned: 'bool' = False). Treating as an Input.
W0417 17:11:36.012000 2976908 torch/onnx/_internal/exporter/_schemas.py:455] Missing annotation for parameter 'input' from (input, boxes, output_size: 'Sequence[int]', spatial_scale: 'float' = 1.0). Treating as an Input.
W0417 17:11:36.012000 2976908 torch/onnx/_internal/exporter/_schemas.py:455] Missing annotation for parameter 'boxes' from (input, boxes, output_size: 'Sequence[int]', spatial_scale: 'float' = 1.0). Treating as an Input.
/home/vd0034/.local/share/uv/python/cpython-3.12.12-linux-x86_64-gnu/lib/python3.12/copyreg.py:99: FutureWarning: `isinstance(treespec, LeafSpec)` is deprecated, use `isinstance(treespec, TreeSpec) and treespec.is_leaf()` instead.
  return cls.__new__(cls, *args)
Epoch [770/1000]  Loss: 0.0338
[torch.onnx] Obtain model graph for `DiffusionUNet([...]` with `torch.export.export(..., strict=False)`...
[torch.onnx] Obtain model graph for `DiffusionUNet([...]` with `torch.export.export(..., strict=False)`... ✅
[torch.onnx] Run decomposition...
[torch.onnx] Run decomposition... ✅
[torch.onnx] Translate the graph into ONNX...
[torch.onnx] Translate the graph into ONNX... ✅
ONNX saved to /home/vd0034/shallow_learning/scripts/output_genmodel/diffusion/diffusion_epoch770.onnx
Epoch [771/1000]  Loss: 0.0321
Epoch [772/1000]  Loss: 0.0324
Epoch [773/1000]  Loss: 0.0345
Epoch [774/1000]  Loss: 0.0346
Epoch [775/1000]  Loss: 0.0347
Epoch [776/1000]  Loss: 0.0317
Epoch [777/1000]  Loss: 0.0301
Epoch [778/1000]  Loss: 0.0304
Epoch [779/1000]  Loss: 0.0331
/home/vd0034/shallow_learning/src/shallow_learning/deepl/gen_model.py:406: UserWarning: # 'dynamic_axes' is not recommended when dynamo=True, and may lead to 'torch._dynamo.exc.UserError: Constraints violated.' Supply the 'dynamic_shapes' argument instead if export is unsuccessful.
  torch.onnx.export(self.model.unet, (dummy_x, dummy_t), filename,
W0417 17:11:57.370000 2976908 torch/onnx/_internal/exporter/_schemas.py:455] Missing annotation for parameter 'input' from (input, boxes, output_size: 'Sequence[int]', spatial_scale: 'float' = 1.0, sampling_ratio: 'int' = -1, aligned: 'bool' = False). Treating as an Input.
W0417 17:11:57.371000 2976908 torch/onnx/_internal/exporter/_schemas.py:455] Missing annotation for parameter 'boxes' from (input, boxes, output_size: 'Sequence[int]', spatial_scale: 'float' = 1.0, sampling_ratio: 'int' = -1, aligned: 'bool' = False). Treating as an Input.
W0417 17:11:57.372000 2976908 torch/onnx/_internal/exporter/_schemas.py:455] Missing annotation for parameter 'input' from (input, boxes, output_size: 'Sequence[int]', spatial_scale: 'float' = 1.0). Treating as an Input.
W0417 17:11:57.372000 2976908 torch/onnx/_internal/exporter/_schemas.py:455] Missing annotation for parameter 'boxes' from (input, boxes, output_size: 'Sequence[int]', spatial_scale: 'float' = 1.0). Treating as an Input.
/home/vd0034/.local/share/uv/python/cpython-3.12.12-linux-x86_64-gnu/lib/python3.12/copyreg.py:99: FutureWarning: `isinstance(treespec, LeafSpec)` is deprecated, use `isinstance(treespec, TreeSpec) and treespec.is_leaf()` instead.
  return cls.__new__(cls, *args)
Epoch [780/1000]  Loss: 0.0307
[torch.onnx] Obtain model graph for `DiffusionUNet([...]` with `torch.export.export(..., strict=False)`...
[torch.onnx] Obtain model graph for `DiffusionUNet([...]` with `torch.export.export(..., strict=False)`... ✅
[torch.onnx] Run decomposition...
[torch.onnx] Run decomposition... ✅
[torch.onnx] Translate the graph into ONNX...
[torch.onnx] Translate the graph into ONNX... ✅
ONNX saved to /home/vd0034/shallow_learning/scripts/output_genmodel/diffusion/diffusion_epoch780.onnx
Epoch [781/1000]  Loss: 0.0297
Epoch [782/1000]  Loss: 0.0327
Epoch [783/1000]  Loss: 0.0303
Epoch [784/1000]  Loss: 0.0322
Epoch [785/1000]  Loss: 0.0305
Epoch [786/1000]  Loss: 0.0305
Epoch [787/1000]  Loss: 0.0322
Epoch [788/1000]  Loss: 0.0302
Epoch [789/1000]  Loss: 0.0334
/home/vd0034/shallow_learning/src/shallow_learning/deepl/gen_model.py:406: UserWarning: # 'dynamic_axes' is not recommended when dynamo=True, and may lead to 'torch._dynamo.exc.UserError: Constraints violated.' Supply the 'dynamic_shapes' argument instead if export is unsuccessful.
  torch.onnx.export(self.model.unet, (dummy_x, dummy_t), filename,
W0417 17:12:19.179000 2976908 torch/onnx/_internal/exporter/_schemas.py:455] Missing annotation for parameter 'input' from (input, boxes, output_size: 'Sequence[int]', spatial_scale: 'float' = 1.0, sampling_ratio: 'int' = -1, aligned: 'bool' = False). Treating as an Input.
W0417 17:12:19.180000 2976908 torch/onnx/_internal/exporter/_schemas.py:455] Missing annotation for parameter 'boxes' from (input, boxes, output_size: 'Sequence[int]', spatial_scale: 'float' = 1.0, sampling_ratio: 'int' = -1, aligned: 'bool' = False). Treating as an Input.
W0417 17:12:19.180000 2976908 torch/onnx/_internal/exporter/_schemas.py:455] Missing annotation for parameter 'input' from (input, boxes, output_size: 'Sequence[int]', spatial_scale: 'float' = 1.0). Treating as an Input.
W0417 17:12:19.181000 2976908 torch/onnx/_internal/exporter/_schemas.py:455] Missing annotation for parameter 'boxes' from (input, boxes, output_size: 'Sequence[int]', spatial_scale: 'float' = 1.0). Treating as an Input.
/home/vd0034/.local/share/uv/python/cpython-3.12.12-linux-x86_64-gnu/lib/python3.12/copyreg.py:99: FutureWarning: `isinstance(treespec, LeafSpec)` is deprecated, use `isinstance(treespec, TreeSpec) and treespec.is_leaf()` instead.
  return cls.__new__(cls, *args)
Epoch [790/1000]  Loss: 0.0327
[torch.onnx] Obtain model graph for `DiffusionUNet([...]` with `torch.export.export(..., strict=False)`...
[torch.onnx] Obtain model graph for `DiffusionUNet([...]` with `torch.export.export(..., strict=False)`... ✅
[torch.onnx] Run decomposition...
[torch.onnx] Run decomposition... ✅
[torch.onnx] Translate the graph into ONNX...
[torch.onnx] Translate the graph into ONNX... ✅
ONNX saved to /home/vd0034/shallow_learning/scripts/output_genmodel/diffusion/diffusion_epoch790.onnx
Epoch [791/1000]  Loss: 0.0311
Epoch [792/1000]  Loss: 0.0325
Epoch [793/1000]  Loss: 0.0309
Epoch [794/1000]  Loss: 0.0339
Epoch [795/1000]  Loss: 0.0320
Epoch [796/1000]  Loss: 0.0306
Epoch [797/1000]  Loss: 0.0315
Epoch [798/1000]  Loss: 0.0321
Epoch [799/1000]  Loss: 0.0321
/home/vd0034/shallow_learning/src/shallow_learning/deepl/gen_model.py:406: UserWarning: # 'dynamic_axes' is not recommended when dynamo=True, and may lead to 'torch._dynamo.exc.UserError: Constraints violated.' Supply the 'dynamic_shapes' argument instead if export is unsuccessful.
  torch.onnx.export(self.model.unet, (dummy_x, dummy_t), filename,
W0417 17:12:41.778000 2976908 torch/onnx/_internal/exporter/_schemas.py:455] Missing annotation for parameter 'input' from (input, boxes, output_size: 'Sequence[int]', spatial_scale: 'float' = 1.0, sampling_ratio: 'int' = -1, aligned: 'bool' = False). Treating as an Input.
W0417 17:12:41.779000 2976908 torch/onnx/_internal/exporter/_schemas.py:455] Missing annotation for parameter 'boxes' from (input, boxes, output_size: 'Sequence[int]', spatial_scale: 'float' = 1.0, sampling_ratio: 'int' = -1, aligned: 'bool' = False). Treating as an Input.
W0417 17:12:41.779000 2976908 torch/onnx/_internal/exporter/_schemas.py:455] Missing annotation for parameter 'input' from (input, boxes, output_size: 'Sequence[int]', spatial_scale: 'float' = 1.0). Treating as an Input.
W0417 17:12:41.780000 2976908 torch/onnx/_internal/exporter/_schemas.py:455] Missing annotation for parameter 'boxes' from (input, boxes, output_size: 'Sequence[int]', spatial_scale: 'float' = 1.0). Treating as an Input.
/home/vd0034/.local/share/uv/python/cpython-3.12.12-linux-x86_64-gnu/lib/python3.12/copyreg.py:99: FutureWarning: `isinstance(treespec, LeafSpec)` is deprecated, use `isinstance(treespec, TreeSpec) and treespec.is_leaf()` instead.
  return cls.__new__(cls, *args)
Epoch [800/1000]  Loss: 0.0322
[torch.onnx] Obtain model graph for `DiffusionUNet([...]` with `torch.export.export(..., strict=False)`...
[torch.onnx] Obtain model graph for `DiffusionUNet([...]` with `torch.export.export(..., strict=False)`... ✅
[torch.onnx] Run decomposition...
[torch.onnx] Run decomposition... ✅
[torch.onnx] Translate the graph into ONNX...
[torch.onnx] Translate the graph into ONNX... ✅
ONNX saved to /home/vd0034/shallow_learning/scripts/output_genmodel/diffusion/diffusion_epoch800.onnx
Epoch [801/1000]  Loss: 0.0332
Epoch [802/1000]  Loss: 0.0317
Epoch [803/1000]  Loss: 0.0320
Epoch [804/1000]  Loss: 0.0327
Epoch [805/1000]  Loss: 0.0308
Epoch [806/1000]  Loss: 0.0329
Epoch [807/1000]  Loss: 0.0313
Epoch [808/1000]  Loss: 0.0329
Epoch [809/1000]  Loss: 0.0318
/home/vd0034/shallow_learning/src/shallow_learning/deepl/gen_model.py:406: UserWarning: # 'dynamic_axes' is not recommended when dynamo=True, and may lead to 'torch._dynamo.exc.UserError: Constraints violated.' Supply the 'dynamic_shapes' argument instead if export is unsuccessful.
  torch.onnx.export(self.model.unet, (dummy_x, dummy_t), filename,
W0417 17:13:03.107000 2976908 torch/onnx/_internal/exporter/_schemas.py:455] Missing annotation for parameter 'input' from (input, boxes, output_size: 'Sequence[int]', spatial_scale: 'float' = 1.0, sampling_ratio: 'int' = -1, aligned: 'bool' = False). Treating as an Input.
W0417 17:13:03.108000 2976908 torch/onnx/_internal/exporter/_schemas.py:455] Missing annotation for parameter 'boxes' from (input, boxes, output_size: 'Sequence[int]', spatial_scale: 'float' = 1.0, sampling_ratio: 'int' = -1, aligned: 'bool' = False). Treating as an Input.
W0417 17:13:03.109000 2976908 torch/onnx/_internal/exporter/_schemas.py:455] Missing annotation for parameter 'input' from (input, boxes, output_size: 'Sequence[int]', spatial_scale: 'float' = 1.0). Treating as an Input.
W0417 17:13:03.109000 2976908 torch/onnx/_internal/exporter/_schemas.py:455] Missing annotation for parameter 'boxes' from (input, boxes, output_size: 'Sequence[int]', spatial_scale: 'float' = 1.0). Treating as an Input.
/home/vd0034/.local/share/uv/python/cpython-3.12.12-linux-x86_64-gnu/lib/python3.12/copyreg.py:99: FutureWarning: `isinstance(treespec, LeafSpec)` is deprecated, use `isinstance(treespec, TreeSpec) and treespec.is_leaf()` instead.
  return cls.__new__(cls, *args)
Epoch [810/1000]  Loss: 0.0319
[torch.onnx] Obtain model graph for `DiffusionUNet([...]` with `torch.export.export(..., strict=False)`...
[torch.onnx] Obtain model graph for `DiffusionUNet([...]` with `torch.export.export(..., strict=False)`... ✅
[torch.onnx] Run decomposition...
[torch.onnx] Run decomposition... ✅
[torch.onnx] Translate the graph into ONNX...
[torch.onnx] Translate the graph into ONNX... ✅
ONNX saved to /home/vd0034/shallow_learning/scripts/output_genmodel/diffusion/diffusion_epoch810.onnx
Epoch [811/1000]  Loss: 0.0324
Epoch [812/1000]  Loss: 0.0299
Epoch [813/1000]  Loss: 0.0327
Epoch [814/1000]  Loss: 0.0313
Epoch [815/1000]  Loss: 0.0330
Epoch [816/1000]  Loss: 0.0302
Epoch [817/1000]  Loss: 0.0320
Epoch [818/1000]  Loss: 0.0308
Epoch [819/1000]  Loss: 0.0335
/home/vd0034/shallow_learning/src/shallow_learning/deepl/gen_model.py:406: UserWarning: # 'dynamic_axes' is not recommended when dynamo=True, and may lead to 'torch._dynamo.exc.UserError: Constraints violated.' Supply the 'dynamic_shapes' argument instead if export is unsuccessful.
  torch.onnx.export(self.model.unet, (dummy_x, dummy_t), filename,
W0417 17:13:28.120000 2976908 torch/onnx/_internal/exporter/_schemas.py:455] Missing annotation for parameter 'input' from (input, boxes, output_size: 'Sequence[int]', spatial_scale: 'float' = 1.0, sampling_ratio: 'int' = -1, aligned: 'bool' = False). Treating as an Input.
W0417 17:13:28.121000 2976908 torch/onnx/_internal/exporter/_schemas.py:455] Missing annotation for parameter 'boxes' from (input, boxes, output_size: 'Sequence[int]', spatial_scale: 'float' = 1.0, sampling_ratio: 'int' = -1, aligned: 'bool' = False). Treating as an Input.
W0417 17:13:28.121000 2976908 torch/onnx/_internal/exporter/_schemas.py:455] Missing annotation for parameter 'input' from (input, boxes, output_size: 'Sequence[int]', spatial_scale: 'float' = 1.0). Treating as an Input.
W0417 17:13:28.122000 2976908 torch/onnx/_internal/exporter/_schemas.py:455] Missing annotation for parameter 'boxes' from (input, boxes, output_size: 'Sequence[int]', spatial_scale: 'float' = 1.0). Treating as an Input.
/home/vd0034/.local/share/uv/python/cpython-3.12.12-linux-x86_64-gnu/lib/python3.12/copyreg.py:99: FutureWarning: `isinstance(treespec, LeafSpec)` is deprecated, use `isinstance(treespec, TreeSpec) and treespec.is_leaf()` instead.
  return cls.__new__(cls, *args)
Epoch [820/1000]  Loss: 0.0315
[torch.onnx] Obtain model graph for `DiffusionUNet([...]` with `torch.export.export(..., strict=False)`...
[torch.onnx] Obtain model graph for `DiffusionUNet([...]` with `torch.export.export(..., strict=False)`... ✅
[torch.onnx] Run decomposition...
[torch.onnx] Run decomposition... ✅
[torch.onnx] Translate the graph into ONNX...
[torch.onnx] Translate the graph into ONNX... ✅
ONNX saved to /home/vd0034/shallow_learning/scripts/output_genmodel/diffusion/diffusion_epoch820.onnx
Epoch [821/1000]  Loss: 0.0309
Epoch [822/1000]  Loss: 0.0331
Epoch [823/1000]  Loss: 0.0318
Epoch [824/1000]  Loss: 0.0313
Epoch [825/1000]  Loss: 0.0315
Epoch [826/1000]  Loss: 0.0306
Epoch [827/1000]  Loss: 0.0321
Epoch [828/1000]  Loss: 0.0297
Epoch [829/1000]  Loss: 0.0312
/home/vd0034/shallow_learning/src/shallow_learning/deepl/gen_model.py:406: UserWarning: # 'dynamic_axes' is not recommended when dynamo=True, and may lead to 'torch._dynamo.exc.UserError: Constraints violated.' Supply the 'dynamic_shapes' argument instead if export is unsuccessful.
  torch.onnx.export(self.model.unet, (dummy_x, dummy_t), filename,
W0417 17:13:50.634000 2976908 torch/onnx/_internal/exporter/_schemas.py:455] Missing annotation for parameter 'input' from (input, boxes, output_size: 'Sequence[int]', spatial_scale: 'float' = 1.0, sampling_ratio: 'int' = -1, aligned: 'bool' = False). Treating as an Input.
W0417 17:13:50.635000 2976908 torch/onnx/_internal/exporter/_schemas.py:455] Missing annotation for parameter 'boxes' from (input, boxes, output_size: 'Sequence[int]', spatial_scale: 'float' = 1.0, sampling_ratio: 'int' = -1, aligned: 'bool' = False). Treating as an Input.
W0417 17:13:50.635000 2976908 torch/onnx/_internal/exporter/_schemas.py:455] Missing annotation for parameter 'input' from (input, boxes, output_size: 'Sequence[int]', spatial_scale: 'float' = 1.0). Treating as an Input.
W0417 17:13:50.635000 2976908 torch/onnx/_internal/exporter/_schemas.py:455] Missing annotation for parameter 'boxes' from (input, boxes, output_size: 'Sequence[int]', spatial_scale: 'float' = 1.0). Treating as an Input.
/home/vd0034/.local/share/uv/python/cpython-3.12.12-linux-x86_64-gnu/lib/python3.12/copyreg.py:99: FutureWarning: `isinstance(treespec, LeafSpec)` is deprecated, use `isinstance(treespec, TreeSpec) and treespec.is_leaf()` instead.
  return cls.__new__(cls, *args)
Epoch [830/1000]  Loss: 0.0312
[torch.onnx] Obtain model graph for `DiffusionUNet([...]` with `torch.export.export(..., strict=False)`...
[torch.onnx] Obtain model graph for `DiffusionUNet([...]` with `torch.export.export(..., strict=False)`... ✅
[torch.onnx] Run decomposition...
[torch.onnx] Run decomposition... ✅
[torch.onnx] Translate the graph into ONNX...
[torch.onnx] Translate the graph into ONNX... ✅
ONNX saved to /home/vd0034/shallow_learning/scripts/output_genmodel/diffusion/diffusion_epoch830.onnx
Epoch [831/1000]  Loss: 0.0315
Epoch [832/1000]  Loss: 0.0332
Epoch [833/1000]  Loss: 0.0322
Epoch [834/1000]  Loss: 0.0326
Epoch [835/1000]  Loss: 0.0318
Epoch [836/1000]  Loss: 0.0320
Epoch [837/1000]  Loss: 0.0327
Epoch [838/1000]  Loss: 0.0331
Epoch [839/1000]  Loss: 0.0325
/home/vd0034/shallow_learning/src/shallow_learning/deepl/gen_model.py:406: UserWarning: # 'dynamic_axes' is not recommended when dynamo=True, and may lead to 'torch._dynamo.exc.UserError: Constraints violated.' Supply the 'dynamic_shapes' argument instead if export is unsuccessful.
  torch.onnx.export(self.model.unet, (dummy_x, dummy_t), filename,
W0417 17:14:12.072000 2976908 torch/onnx/_internal/exporter/_schemas.py:455] Missing annotation for parameter 'input' from (input, boxes, output_size: 'Sequence[int]', spatial_scale: 'float' = 1.0, sampling_ratio: 'int' = -1, aligned: 'bool' = False). Treating as an Input.
W0417 17:14:12.073000 2976908 torch/onnx/_internal/exporter/_schemas.py:455] Missing annotation for parameter 'boxes' from (input, boxes, output_size: 'Sequence[int]', spatial_scale: 'float' = 1.0, sampling_ratio: 'int' = -1, aligned: 'bool' = False). Treating as an Input.
W0417 17:14:12.073000 2976908 torch/onnx/_internal/exporter/_schemas.py:455] Missing annotation for parameter 'input' from (input, boxes, output_size: 'Sequence[int]', spatial_scale: 'float' = 1.0). Treating as an Input.
W0417 17:14:12.074000 2976908 torch/onnx/_internal/exporter/_schemas.py:455] Missing annotation for parameter 'boxes' from (input, boxes, output_size: 'Sequence[int]', spatial_scale: 'float' = 1.0). Treating as an Input.
/home/vd0034/.local/share/uv/python/cpython-3.12.12-linux-x86_64-gnu/lib/python3.12/copyreg.py:99: FutureWarning: `isinstance(treespec, LeafSpec)` is deprecated, use `isinstance(treespec, TreeSpec) and treespec.is_leaf()` instead.
  return cls.__new__(cls, *args)
Epoch [840/1000]  Loss: 0.0312
[torch.onnx] Obtain model graph for `DiffusionUNet([...]` with `torch.export.export(..., strict=False)`...
[torch.onnx] Obtain model graph for `DiffusionUNet([...]` with `torch.export.export(..., strict=False)`... ✅
[torch.onnx] Run decomposition...
[torch.onnx] Run decomposition... ✅
[torch.onnx] Translate the graph into ONNX...
[torch.onnx] Translate the graph into ONNX... ✅
ONNX saved to /home/vd0034/shallow_learning/scripts/output_genmodel/diffusion/diffusion_epoch840.onnx
Epoch [841/1000]  Loss: 0.0318
Epoch [842/1000]  Loss: 0.0318
Epoch [843/1000]  Loss: 0.0326
Epoch [844/1000]  Loss: 0.0306
Epoch [845/1000]  Loss: 0.0321
Epoch [846/1000]  Loss: 0.0313
Epoch [847/1000]  Loss: 0.0308
Epoch [848/1000]  Loss: 0.0317
Epoch [849/1000]  Loss: 0.0305
/home/vd0034/shallow_learning/src/shallow_learning/deepl/gen_model.py:406: UserWarning: # 'dynamic_axes' is not recommended when dynamo=True, and may lead to 'torch._dynamo.exc.UserError: Constraints violated.' Supply the 'dynamic_shapes' argument instead if export is unsuccessful.
  torch.onnx.export(self.model.unet, (dummy_x, dummy_t), filename,
W0417 17:14:38.690000 2976908 torch/onnx/_internal/exporter/_schemas.py:455] Missing annotation for parameter 'input' from (input, boxes, output_size: 'Sequence[int]', spatial_scale: 'float' = 1.0, sampling_ratio: 'int' = -1, aligned: 'bool' = False). Treating as an Input.
W0417 17:14:38.691000 2976908 torch/onnx/_internal/exporter/_schemas.py:455] Missing annotation for parameter 'boxes' from (input, boxes, output_size: 'Sequence[int]', spatial_scale: 'float' = 1.0, sampling_ratio: 'int' = -1, aligned: 'bool' = False). Treating as an Input.
W0417 17:14:38.691000 2976908 torch/onnx/_internal/exporter/_schemas.py:455] Missing annotation for parameter 'input' from (input, boxes, output_size: 'Sequence[int]', spatial_scale: 'float' = 1.0). Treating as an Input.
W0417 17:14:38.692000 2976908 torch/onnx/_internal/exporter/_schemas.py:455] Missing annotation for parameter 'boxes' from (input, boxes, output_size: 'Sequence[int]', spatial_scale: 'float' = 1.0). Treating as an Input.
/home/vd0034/.local/share/uv/python/cpython-3.12.12-linux-x86_64-gnu/lib/python3.12/copyreg.py:99: FutureWarning: `isinstance(treespec, LeafSpec)` is deprecated, use `isinstance(treespec, TreeSpec) and treespec.is_leaf()` instead.
  return cls.__new__(cls, *args)
Epoch [850/1000]  Loss: 0.0321
[torch.onnx] Obtain model graph for `DiffusionUNet([...]` with `torch.export.export(..., strict=False)`...
[torch.onnx] Obtain model graph for `DiffusionUNet([...]` with `torch.export.export(..., strict=False)`... ✅
[torch.onnx] Run decomposition...
[torch.onnx] Run decomposition... ✅
[torch.onnx] Translate the graph into ONNX...
[torch.onnx] Translate the graph into ONNX... ✅
ONNX saved to /home/vd0034/shallow_learning/scripts/output_genmodel/diffusion/diffusion_epoch850.onnx
Epoch [851/1000]  Loss: 0.0326
Epoch [852/1000]  Loss: 0.0323
Epoch [853/1000]  Loss: 0.0317
Epoch [854/1000]  Loss: 0.0308
Epoch [855/1000]  Loss: 0.0301
Epoch [856/1000]  Loss: 0.0331
Epoch [857/1000]  Loss: 0.0326
Epoch [858/1000]  Loss: 0.0325
Epoch [859/1000]  Loss: 0.0321
/home/vd0034/shallow_learning/src/shallow_learning/deepl/gen_model.py:406: UserWarning: # 'dynamic_axes' is not recommended when dynamo=True, and may lead to 'torch._dynamo.exc.UserError: Constraints violated.' Supply the 'dynamic_shapes' argument instead if export is unsuccessful.
  torch.onnx.export(self.model.unet, (dummy_x, dummy_t), filename,
W0417 17:15:00.288000 2976908 torch/onnx/_internal/exporter/_schemas.py:455] Missing annotation for parameter 'input' from (input, boxes, output_size: 'Sequence[int]', spatial_scale: 'float' = 1.0, sampling_ratio: 'int' = -1, aligned: 'bool' = False). Treating as an Input.
W0417 17:15:00.289000 2976908 torch/onnx/_internal/exporter/_schemas.py:455] Missing annotation for parameter 'boxes' from (input, boxes, output_size: 'Sequence[int]', spatial_scale: 'float' = 1.0, sampling_ratio: 'int' = -1, aligned: 'bool' = False). Treating as an Input.
W0417 17:15:00.290000 2976908 torch/onnx/_internal/exporter/_schemas.py:455] Missing annotation for parameter 'input' from (input, boxes, output_size: 'Sequence[int]', spatial_scale: 'float' = 1.0). Treating as an Input.
W0417 17:15:00.290000 2976908 torch/onnx/_internal/exporter/_schemas.py:455] Missing annotation for parameter 'boxes' from (input, boxes, output_size: 'Sequence[int]', spatial_scale: 'float' = 1.0). Treating as an Input.
/home/vd0034/.local/share/uv/python/cpython-3.12.12-linux-x86_64-gnu/lib/python3.12/copyreg.py:99: FutureWarning: `isinstance(treespec, LeafSpec)` is deprecated, use `isinstance(treespec, TreeSpec) and treespec.is_leaf()` instead.
  return cls.__new__(cls, *args)
Epoch [860/1000]  Loss: 0.0324
[torch.onnx] Obtain model graph for `DiffusionUNet([...]` with `torch.export.export(..., strict=False)`...
[torch.onnx] Obtain model graph for `DiffusionUNet([...]` with `torch.export.export(..., strict=False)`... ✅
[torch.onnx] Run decomposition...
[torch.onnx] Run decomposition... ✅
[torch.onnx] Translate the graph into ONNX...
[torch.onnx] Translate the graph into ONNX... ✅
ONNX saved to /home/vd0034/shallow_learning/scripts/output_genmodel/diffusion/diffusion_epoch860.onnx
Epoch [861/1000]  Loss: 0.0329
Epoch [862/1000]  Loss: 0.0303
Epoch [863/1000]  Loss: 0.0322
Epoch [864/1000]  Loss: 0.0328
Epoch [865/1000]  Loss: 0.0324
Epoch [866/1000]  Loss: 0.0326
Epoch [867/1000]  Loss: 0.0314
Epoch [868/1000]  Loss: 0.0307
Epoch [869/1000]  Loss: 0.0318
/home/vd0034/shallow_learning/src/shallow_learning/deepl/gen_model.py:406: UserWarning: # 'dynamic_axes' is not recommended when dynamo=True, and may lead to 'torch._dynamo.exc.UserError: Constraints violated.' Supply the 'dynamic_shapes' argument instead if export is unsuccessful.
  torch.onnx.export(self.model.unet, (dummy_x, dummy_t), filename,
W0417 17:15:21.778000 2976908 torch/onnx/_internal/exporter/_schemas.py:455] Missing annotation for parameter 'input' from (input, boxes, output_size: 'Sequence[int]', spatial_scale: 'float' = 1.0, sampling_ratio: 'int' = -1, aligned: 'bool' = False). Treating as an Input.
W0417 17:15:21.779000 2976908 torch/onnx/_internal/exporter/_schemas.py:455] Missing annotation for parameter 'boxes' from (input, boxes, output_size: 'Sequence[int]', spatial_scale: 'float' = 1.0, sampling_ratio: 'int' = -1, aligned: 'bool' = False). Treating as an Input.
W0417 17:15:21.779000 2976908 torch/onnx/_internal/exporter/_schemas.py:455] Missing annotation for parameter 'input' from (input, boxes, output_size: 'Sequence[int]', spatial_scale: 'float' = 1.0). Treating as an Input.
W0417 17:15:21.780000 2976908 torch/onnx/_internal/exporter/_schemas.py:455] Missing annotation for parameter 'boxes' from (input, boxes, output_size: 'Sequence[int]', spatial_scale: 'float' = 1.0). Treating as an Input.
/home/vd0034/.local/share/uv/python/cpython-3.12.12-linux-x86_64-gnu/lib/python3.12/copyreg.py:99: FutureWarning: `isinstance(treespec, LeafSpec)` is deprecated, use `isinstance(treespec, TreeSpec) and treespec.is_leaf()` instead.
  return cls.__new__(cls, *args)
Epoch [870/1000]  Loss: 0.0334
[torch.onnx] Obtain model graph for `DiffusionUNet([...]` with `torch.export.export(..., strict=False)`...
[torch.onnx] Obtain model graph for `DiffusionUNet([...]` with `torch.export.export(..., strict=False)`... ✅
[torch.onnx] Run decomposition...
[torch.onnx] Run decomposition... ✅
[torch.onnx] Translate the graph into ONNX...
[torch.onnx] Translate the graph into ONNX... ✅
ONNX saved to /home/vd0034/shallow_learning/scripts/output_genmodel/diffusion/diffusion_epoch870.onnx
Epoch [871/1000]  Loss: 0.0315
Epoch [872/1000]  Loss: 0.0306
Epoch [873/1000]  Loss: 0.0307
Epoch [874/1000]  Loss: 0.0317
Epoch [875/1000]  Loss: 0.0326
Epoch [876/1000]  Loss: 0.0320
Epoch [877/1000]  Loss: 0.0309
Epoch [878/1000]  Loss: 0.0325
Epoch [879/1000]  Loss: 0.0306
/home/vd0034/shallow_learning/src/shallow_learning/deepl/gen_model.py:406: UserWarning: # 'dynamic_axes' is not recommended when dynamo=True, and may lead to 'torch._dynamo.exc.UserError: Constraints violated.' Supply the 'dynamic_shapes' argument instead if export is unsuccessful.
  torch.onnx.export(self.model.unet, (dummy_x, dummy_t), filename,
W0417 17:15:44.104000 2976908 torch/onnx/_internal/exporter/_schemas.py:455] Missing annotation for parameter 'input' from (input, boxes, output_size: 'Sequence[int]', spatial_scale: 'float' = 1.0, sampling_ratio: 'int' = -1, aligned: 'bool' = False). Treating as an Input.
W0417 17:15:44.105000 2976908 torch/onnx/_internal/exporter/_schemas.py:455] Missing annotation for parameter 'boxes' from (input, boxes, output_size: 'Sequence[int]', spatial_scale: 'float' = 1.0, sampling_ratio: 'int' = -1, aligned: 'bool' = False). Treating as an Input.
W0417 17:15:44.105000 2976908 torch/onnx/_internal/exporter/_schemas.py:455] Missing annotation for parameter 'input' from (input, boxes, output_size: 'Sequence[int]', spatial_scale: 'float' = 1.0). Treating as an Input.
W0417 17:15:44.106000 2976908 torch/onnx/_internal/exporter/_schemas.py:455] Missing annotation for parameter 'boxes' from (input, boxes, output_size: 'Sequence[int]', spatial_scale: 'float' = 1.0). Treating as an Input.
/home/vd0034/.local/share/uv/python/cpython-3.12.12-linux-x86_64-gnu/lib/python3.12/copyreg.py:99: FutureWarning: `isinstance(treespec, LeafSpec)` is deprecated, use `isinstance(treespec, TreeSpec) and treespec.is_leaf()` instead.
  return cls.__new__(cls, *args)
Epoch [880/1000]  Loss: 0.0308
[torch.onnx] Obtain model graph for `DiffusionUNet([...]` with `torch.export.export(..., strict=False)`...
[torch.onnx] Obtain model graph for `DiffusionUNet([...]` with `torch.export.export(..., strict=False)`... ✅
[torch.onnx] Run decomposition...
[torch.onnx] Run decomposition... ✅
[torch.onnx] Translate the graph into ONNX...
[torch.onnx] Translate the graph into ONNX... ✅
ONNX saved to /home/vd0034/shallow_learning/scripts/output_genmodel/diffusion/diffusion_epoch880.onnx
Epoch [881/1000]  Loss: 0.0295
Epoch [882/1000]  Loss: 0.0309
Epoch [883/1000]  Loss: 0.0334
Epoch [884/1000]  Loss: 0.0320
Epoch [885/1000]  Loss: 0.0315
Epoch [886/1000]  Loss: 0.0314
Epoch [887/1000]  Loss: 0.0310
Epoch [888/1000]  Loss: 0.0300
Epoch [889/1000]  Loss: 0.0312
/home/vd0034/shallow_learning/src/shallow_learning/deepl/gen_model.py:406: UserWarning: # 'dynamic_axes' is not recommended when dynamo=True, and may lead to 'torch._dynamo.exc.UserError: Constraints violated.' Supply the 'dynamic_shapes' argument instead if export is unsuccessful.
  torch.onnx.export(self.model.unet, (dummy_x, dummy_t), filename,
W0417 17:16:05.962000 2976908 torch/onnx/_internal/exporter/_schemas.py:455] Missing annotation for parameter 'input' from (input, boxes, output_size: 'Sequence[int]', spatial_scale: 'float' = 1.0, sampling_ratio: 'int' = -1, aligned: 'bool' = False). Treating as an Input.
W0417 17:16:05.963000 2976908 torch/onnx/_internal/exporter/_schemas.py:455] Missing annotation for parameter 'boxes' from (input, boxes, output_size: 'Sequence[int]', spatial_scale: 'float' = 1.0, sampling_ratio: 'int' = -1, aligned: 'bool' = False). Treating as an Input.
W0417 17:16:05.963000 2976908 torch/onnx/_internal/exporter/_schemas.py:455] Missing annotation for parameter 'input' from (input, boxes, output_size: 'Sequence[int]', spatial_scale: 'float' = 1.0). Treating as an Input.
W0417 17:16:05.963000 2976908 torch/onnx/_internal/exporter/_schemas.py:455] Missing annotation for parameter 'boxes' from (input, boxes, output_size: 'Sequence[int]', spatial_scale: 'float' = 1.0). Treating as an Input.
/home/vd0034/.local/share/uv/python/cpython-3.12.12-linux-x86_64-gnu/lib/python3.12/copyreg.py:99: FutureWarning: `isinstance(treespec, LeafSpec)` is deprecated, use `isinstance(treespec, TreeSpec) and treespec.is_leaf()` instead.
  return cls.__new__(cls, *args)
Epoch [890/1000]  Loss: 0.0305
[torch.onnx] Obtain model graph for `DiffusionUNet([...]` with `torch.export.export(..., strict=False)`...
[torch.onnx] Obtain model graph for `DiffusionUNet([...]` with `torch.export.export(..., strict=False)`... ✅
[torch.onnx] Run decomposition...
[torch.onnx] Run decomposition... ✅
[torch.onnx] Translate the graph into ONNX...
[torch.onnx] Translate the graph into ONNX... ✅
ONNX saved to /home/vd0034/shallow_learning/scripts/output_genmodel/diffusion/diffusion_epoch890.onnx
Epoch [891/1000]  Loss: 0.0318
Epoch [892/1000]  Loss: 0.0321
Epoch [893/1000]  Loss: 0.0310
Epoch [894/1000]  Loss: 0.0327
Epoch [895/1000]  Loss: 0.0316
Epoch [896/1000]  Loss: 0.0317
Epoch [897/1000]  Loss: 0.0317
Epoch [898/1000]  Loss: 0.0300
Epoch [899/1000]  Loss: 0.0298
/home/vd0034/shallow_learning/src/shallow_learning/deepl/gen_model.py:406: UserWarning: # 'dynamic_axes' is not recommended when dynamo=True, and may lead to 'torch._dynamo.exc.UserError: Constraints violated.' Supply the 'dynamic_shapes' argument instead if export is unsuccessful.
  torch.onnx.export(self.model.unet, (dummy_x, dummy_t), filename,
W0417 17:16:27.456000 2976908 torch/onnx/_internal/exporter/_schemas.py:455] Missing annotation for parameter 'input' from (input, boxes, output_size: 'Sequence[int]', spatial_scale: 'float' = 1.0, sampling_ratio: 'int' = -1, aligned: 'bool' = False). Treating as an Input.
W0417 17:16:27.458000 2976908 torch/onnx/_internal/exporter/_schemas.py:455] Missing annotation for parameter 'boxes' from (input, boxes, output_size: 'Sequence[int]', spatial_scale: 'float' = 1.0, sampling_ratio: 'int' = -1, aligned: 'bool' = False). Treating as an Input.
W0417 17:16:27.459000 2976908 torch/onnx/_internal/exporter/_schemas.py:455] Missing annotation for parameter 'input' from (input, boxes, output_size: 'Sequence[int]', spatial_scale: 'float' = 1.0). Treating as an Input.
W0417 17:16:27.459000 2976908 torch/onnx/_internal/exporter/_schemas.py:455] Missing annotation for parameter 'boxes' from (input, boxes, output_size: 'Sequence[int]', spatial_scale: 'float' = 1.0). Treating as an Input.
/home/vd0034/.local/share/uv/python/cpython-3.12.12-linux-x86_64-gnu/lib/python3.12/copyreg.py:99: FutureWarning: `isinstance(treespec, LeafSpec)` is deprecated, use `isinstance(treespec, TreeSpec) and treespec.is_leaf()` instead.
  return cls.__new__(cls, *args)
Epoch [900/1000]  Loss: 0.0310
[torch.onnx] Obtain model graph for `DiffusionUNet([...]` with `torch.export.export(..., strict=False)`...
[torch.onnx] Obtain model graph for `DiffusionUNet([...]` with `torch.export.export(..., strict=False)`... ✅
[torch.onnx] Run decomposition...
[torch.onnx] Run decomposition... ✅
[torch.onnx] Translate the graph into ONNX...
[torch.onnx] Translate the graph into ONNX... ✅
ONNX saved to /home/vd0034/shallow_learning/scripts/output_genmodel/diffusion/diffusion_epoch900.onnx
Epoch [901/1000]  Loss: 0.0309
Epoch [902/1000]  Loss: 0.0316
Epoch [903/1000]  Loss: 0.0319
Epoch [904/1000]  Loss: 0.0305
Epoch [905/1000]  Loss: 0.0316
Epoch [906/1000]  Loss: 0.0311
Epoch [907/1000]  Loss: 0.0316
Epoch [908/1000]  Loss: 0.0306
Epoch [909/1000]  Loss: 0.0315
/home/vd0034/shallow_learning/src/shallow_learning/deepl/gen_model.py:406: UserWarning: # 'dynamic_axes' is not recommended when dynamo=True, and may lead to 'torch._dynamo.exc.UserError: Constraints violated.' Supply the 'dynamic_shapes' argument instead if export is unsuccessful.
  torch.onnx.export(self.model.unet, (dummy_x, dummy_t), filename,
W0417 17:16:50.535000 2976908 torch/onnx/_internal/exporter/_schemas.py:455] Missing annotation for parameter 'input' from (input, boxes, output_size: 'Sequence[int]', spatial_scale: 'float' = 1.0, sampling_ratio: 'int' = -1, aligned: 'bool' = False). Treating as an Input.
W0417 17:16:50.536000 2976908 torch/onnx/_internal/exporter/_schemas.py:455] Missing annotation for parameter 'boxes' from (input, boxes, output_size: 'Sequence[int]', spatial_scale: 'float' = 1.0, sampling_ratio: 'int' = -1, aligned: 'bool' = False). Treating as an Input.
W0417 17:16:50.536000 2976908 torch/onnx/_internal/exporter/_schemas.py:455] Missing annotation for parameter 'input' from (input, boxes, output_size: 'Sequence[int]', spatial_scale: 'float' = 1.0). Treating as an Input.
W0417 17:16:50.537000 2976908 torch/onnx/_internal/exporter/_schemas.py:455] Missing annotation for parameter 'boxes' from (input, boxes, output_size: 'Sequence[int]', spatial_scale: 'float' = 1.0). Treating as an Input.
/home/vd0034/.local/share/uv/python/cpython-3.12.12-linux-x86_64-gnu/lib/python3.12/copyreg.py:99: FutureWarning: `isinstance(treespec, LeafSpec)` is deprecated, use `isinstance(treespec, TreeSpec) and treespec.is_leaf()` instead.
  return cls.__new__(cls, *args)
Epoch [910/1000]  Loss: 0.0317
[torch.onnx] Obtain model graph for `DiffusionUNet([...]` with `torch.export.export(..., strict=False)`...
[torch.onnx] Obtain model graph for `DiffusionUNet([...]` with `torch.export.export(..., strict=False)`... ✅
[torch.onnx] Run decomposition...
[torch.onnx] Run decomposition... ✅
[torch.onnx] Translate the graph into ONNX...
[torch.onnx] Translate the graph into ONNX... ✅
ONNX saved to /home/vd0034/shallow_learning/scripts/output_genmodel/diffusion/diffusion_epoch910.onnx
Epoch [911/1000]  Loss: 0.0313
Epoch [912/1000]  Loss: 0.0309
Epoch [913/1000]  Loss: 0.0292
Epoch [914/1000]  Loss: 0.0314
Epoch [915/1000]  Loss: 0.0318
Epoch [916/1000]  Loss: 0.0302
Epoch [917/1000]  Loss: 0.0329
Epoch [918/1000]  Loss: 0.0324
Epoch [919/1000]  Loss: 0.0325
/home/vd0034/shallow_learning/src/shallow_learning/deepl/gen_model.py:406: UserWarning: # 'dynamic_axes' is not recommended when dynamo=True, and may lead to 'torch._dynamo.exc.UserError: Constraints violated.' Supply the 'dynamic_shapes' argument instead if export is unsuccessful.
  torch.onnx.export(self.model.unet, (dummy_x, dummy_t), filename,
W0417 17:17:12.347000 2976908 torch/onnx/_internal/exporter/_schemas.py:455] Missing annotation for parameter 'input' from (input, boxes, output_size: 'Sequence[int]', spatial_scale: 'float' = 1.0, sampling_ratio: 'int' = -1, aligned: 'bool' = False). Treating as an Input.
W0417 17:17:12.348000 2976908 torch/onnx/_internal/exporter/_schemas.py:455] Missing annotation for parameter 'boxes' from (input, boxes, output_size: 'Sequence[int]', spatial_scale: 'float' = 1.0, sampling_ratio: 'int' = -1, aligned: 'bool' = False). Treating as an Input.
W0417 17:17:12.348000 2976908 torch/onnx/_internal/exporter/_schemas.py:455] Missing annotation for parameter 'input' from (input, boxes, output_size: 'Sequence[int]', spatial_scale: 'float' = 1.0). Treating as an Input.
W0417 17:17:12.349000 2976908 torch/onnx/_internal/exporter/_schemas.py:455] Missing annotation for parameter 'boxes' from (input, boxes, output_size: 'Sequence[int]', spatial_scale: 'float' = 1.0). Treating as an Input.
/home/vd0034/.local/share/uv/python/cpython-3.12.12-linux-x86_64-gnu/lib/python3.12/copyreg.py:99: FutureWarning: `isinstance(treespec, LeafSpec)` is deprecated, use `isinstance(treespec, TreeSpec) and treespec.is_leaf()` instead.
  return cls.__new__(cls, *args)
Epoch [920/1000]  Loss: 0.0316
[torch.onnx] Obtain model graph for `DiffusionUNet([...]` with `torch.export.export(..., strict=False)`...
[torch.onnx] Obtain model graph for `DiffusionUNet([...]` with `torch.export.export(..., strict=False)`... ✅
[torch.onnx] Run decomposition...
[torch.onnx] Run decomposition... ✅
[torch.onnx] Translate the graph into ONNX...
[torch.onnx] Translate the graph into ONNX... ✅
ONNX saved to /home/vd0034/shallow_learning/scripts/output_genmodel/diffusion/diffusion_epoch920.onnx
Epoch [921/1000]  Loss: 0.0311
Epoch [922/1000]  Loss: 0.0315
Epoch [923/1000]  Loss: 0.0318
Epoch [924/1000]  Loss: 0.0311
Epoch [925/1000]  Loss: 0.0308
Epoch [926/1000]  Loss: 0.0330
Epoch [927/1000]  Loss: 0.0297
Epoch [928/1000]  Loss: 0.0314
Epoch [929/1000]  Loss: 0.0299
/home/vd0034/shallow_learning/src/shallow_learning/deepl/gen_model.py:406: UserWarning: # 'dynamic_axes' is not recommended when dynamo=True, and may lead to 'torch._dynamo.exc.UserError: Constraints violated.' Supply the 'dynamic_shapes' argument instead if export is unsuccessful.
  torch.onnx.export(self.model.unet, (dummy_x, dummy_t), filename,
W0417 17:17:33.530000 2976908 torch/onnx/_internal/exporter/_schemas.py:455] Missing annotation for parameter 'input' from (input, boxes, output_size: 'Sequence[int]', spatial_scale: 'float' = 1.0, sampling_ratio: 'int' = -1, aligned: 'bool' = False). Treating as an Input.
W0417 17:17:33.531000 2976908 torch/onnx/_internal/exporter/_schemas.py:455] Missing annotation for parameter 'boxes' from (input, boxes, output_size: 'Sequence[int]', spatial_scale: 'float' = 1.0, sampling_ratio: 'int' = -1, aligned: 'bool' = False). Treating as an Input.
W0417 17:17:33.532000 2976908 torch/onnx/_internal/exporter/_schemas.py:455] Missing annotation for parameter 'input' from (input, boxes, output_size: 'Sequence[int]', spatial_scale: 'float' = 1.0). Treating as an Input.
W0417 17:17:33.532000 2976908 torch/onnx/_internal/exporter/_schemas.py:455] Missing annotation for parameter 'boxes' from (input, boxes, output_size: 'Sequence[int]', spatial_scale: 'float' = 1.0). Treating as an Input.
/home/vd0034/.local/share/uv/python/cpython-3.12.12-linux-x86_64-gnu/lib/python3.12/copyreg.py:99: FutureWarning: `isinstance(treespec, LeafSpec)` is deprecated, use `isinstance(treespec, TreeSpec) and treespec.is_leaf()` instead.
  return cls.__new__(cls, *args)
Epoch [930/1000]  Loss: 0.0312
[torch.onnx] Obtain model graph for `DiffusionUNet([...]` with `torch.export.export(..., strict=False)`...
[torch.onnx] Obtain model graph for `DiffusionUNet([...]` with `torch.export.export(..., strict=False)`... ✅
[torch.onnx] Run decomposition...
[torch.onnx] Run decomposition... ✅
[torch.onnx] Translate the graph into ONNX...
[torch.onnx] Translate the graph into ONNX... ✅
ONNX saved to /home/vd0034/shallow_learning/scripts/output_genmodel/diffusion/diffusion_epoch930.onnx
Epoch [931/1000]  Loss: 0.0309
Epoch [932/1000]  Loss: 0.0324
Epoch [933/1000]  Loss: 0.0315
Epoch [934/1000]  Loss: 0.0301
Epoch [935/1000]  Loss: 0.0327
Epoch [936/1000]  Loss: 0.0307
Epoch [937/1000]  Loss: 0.0310
Epoch [938/1000]  Loss: 0.0304
Epoch [939/1000]  Loss: 0.0310
/home/vd0034/shallow_learning/src/shallow_learning/deepl/gen_model.py:406: UserWarning: # 'dynamic_axes' is not recommended when dynamo=True, and may lead to 'torch._dynamo.exc.UserError: Constraints violated.' Supply the 'dynamic_shapes' argument instead if export is unsuccessful.
  torch.onnx.export(self.model.unet, (dummy_x, dummy_t), filename,
W0417 17:17:55.765000 2976908 torch/onnx/_internal/exporter/_schemas.py:455] Missing annotation for parameter 'input' from (input, boxes, output_size: 'Sequence[int]', spatial_scale: 'float' = 1.0, sampling_ratio: 'int' = -1, aligned: 'bool' = False). Treating as an Input.
W0417 17:17:55.766000 2976908 torch/onnx/_internal/exporter/_schemas.py:455] Missing annotation for parameter 'boxes' from (input, boxes, output_size: 'Sequence[int]', spatial_scale: 'float' = 1.0, sampling_ratio: 'int' = -1, aligned: 'bool' = False). Treating as an Input.
W0417 17:17:55.766000 2976908 torch/onnx/_internal/exporter/_schemas.py:455] Missing annotation for parameter 'input' from (input, boxes, output_size: 'Sequence[int]', spatial_scale: 'float' = 1.0). Treating as an Input.
W0417 17:17:55.766000 2976908 torch/onnx/_internal/exporter/_schemas.py:455] Missing annotation for parameter 'boxes' from (input, boxes, output_size: 'Sequence[int]', spatial_scale: 'float' = 1.0). Treating as an Input.
/home/vd0034/.local/share/uv/python/cpython-3.12.12-linux-x86_64-gnu/lib/python3.12/copyreg.py:99: FutureWarning: `isinstance(treespec, LeafSpec)` is deprecated, use `isinstance(treespec, TreeSpec) and treespec.is_leaf()` instead.
  return cls.__new__(cls, *args)
Epoch [940/1000]  Loss: 0.0309
[torch.onnx] Obtain model graph for `DiffusionUNet([...]` with `torch.export.export(..., strict=False)`...
[torch.onnx] Obtain model graph for `DiffusionUNet([...]` with `torch.export.export(..., strict=False)`... ✅
[torch.onnx] Run decomposition...
[torch.onnx] Run decomposition... ✅
[torch.onnx] Translate the graph into ONNX...
[torch.onnx] Translate the graph into ONNX... ✅
ONNX saved to /home/vd0034/shallow_learning/scripts/output_genmodel/diffusion/diffusion_epoch940.onnx
Epoch [941/1000]  Loss: 0.0323
Epoch [942/1000]  Loss: 0.0302
Epoch [943/1000]  Loss: 0.0320
Epoch [944/1000]  Loss: 0.0331
Epoch [945/1000]  Loss: 0.0309
Epoch [946/1000]  Loss: 0.0304
Epoch [947/1000]  Loss: 0.0311
Epoch [948/1000]  Loss: 0.0299
Epoch [949/1000]  Loss: 0.0323
/home/vd0034/shallow_learning/src/shallow_learning/deepl/gen_model.py:406: UserWarning: # 'dynamic_axes' is not recommended when dynamo=True, and may lead to 'torch._dynamo.exc.UserError: Constraints violated.' Supply the 'dynamic_shapes' argument instead if export is unsuccessful.
  torch.onnx.export(self.model.unet, (dummy_x, dummy_t), filename,
W0417 17:18:17.248000 2976908 torch/onnx/_internal/exporter/_schemas.py:455] Missing annotation for parameter 'input' from (input, boxes, output_size: 'Sequence[int]', spatial_scale: 'float' = 1.0, sampling_ratio: 'int' = -1, aligned: 'bool' = False). Treating as an Input.
W0417 17:18:17.249000 2976908 torch/onnx/_internal/exporter/_schemas.py:455] Missing annotation for parameter 'boxes' from (input, boxes, output_size: 'Sequence[int]', spatial_scale: 'float' = 1.0, sampling_ratio: 'int' = -1, aligned: 'bool' = False). Treating as an Input.
W0417 17:18:17.250000 2976908 torch/onnx/_internal/exporter/_schemas.py:455] Missing annotation for parameter 'input' from (input, boxes, output_size: 'Sequence[int]', spatial_scale: 'float' = 1.0). Treating as an Input.
W0417 17:18:17.250000 2976908 torch/onnx/_internal/exporter/_schemas.py:455] Missing annotation for parameter 'boxes' from (input, boxes, output_size: 'Sequence[int]', spatial_scale: 'float' = 1.0). Treating as an Input.
/home/vd0034/.local/share/uv/python/cpython-3.12.12-linux-x86_64-gnu/lib/python3.12/copyreg.py:99: FutureWarning: `isinstance(treespec, LeafSpec)` is deprecated, use `isinstance(treespec, TreeSpec) and treespec.is_leaf()` instead.
  return cls.__new__(cls, *args)
Epoch [950/1000]  Loss: 0.0314
[torch.onnx] Obtain model graph for `DiffusionUNet([...]` with `torch.export.export(..., strict=False)`...
[torch.onnx] Obtain model graph for `DiffusionUNet([...]` with `torch.export.export(..., strict=False)`... ✅
[torch.onnx] Run decomposition...
[torch.onnx] Run decomposition... ✅
[torch.onnx] Translate the graph into ONNX...
[torch.onnx] Translate the graph into ONNX... ✅
ONNX saved to /home/vd0034/shallow_learning/scripts/output_genmodel/diffusion/diffusion_epoch950.onnx
Epoch [951/1000]  Loss: 0.0312
Epoch [952/1000]  Loss: 0.0308
Epoch [953/1000]  Loss: 0.0301
Epoch [954/1000]  Loss: 0.0297
Epoch [955/1000]  Loss: 0.0305
Epoch [956/1000]  Loss: 0.0299
Epoch [957/1000]  Loss: 0.0313
Epoch [958/1000]  Loss: 0.0313
Epoch [959/1000]  Loss: 0.0303
/home/vd0034/shallow_learning/src/shallow_learning/deepl/gen_model.py:406: UserWarning: # 'dynamic_axes' is not recommended when dynamo=True, and may lead to 'torch._dynamo.exc.UserError: Constraints violated.' Supply the 'dynamic_shapes' argument instead if export is unsuccessful.
  torch.onnx.export(self.model.unet, (dummy_x, dummy_t), filename,
W0417 17:18:38.707000 2976908 torch/onnx/_internal/exporter/_schemas.py:455] Missing annotation for parameter 'input' from (input, boxes, output_size: 'Sequence[int]', spatial_scale: 'float' = 1.0, sampling_ratio: 'int' = -1, aligned: 'bool' = False). Treating as an Input.
W0417 17:18:38.708000 2976908 torch/onnx/_internal/exporter/_schemas.py:455] Missing annotation for parameter 'boxes' from (input, boxes, output_size: 'Sequence[int]', spatial_scale: 'float' = 1.0, sampling_ratio: 'int' = -1, aligned: 'bool' = False). Treating as an Input.
W0417 17:18:38.709000 2976908 torch/onnx/_internal/exporter/_schemas.py:455] Missing annotation for parameter 'input' from (input, boxes, output_size: 'Sequence[int]', spatial_scale: 'float' = 1.0). Treating as an Input.
W0417 17:18:38.709000 2976908 torch/onnx/_internal/exporter/_schemas.py:455] Missing annotation for parameter 'boxes' from (input, boxes, output_size: 'Sequence[int]', spatial_scale: 'float' = 1.0). Treating as an Input.
/home/vd0034/.local/share/uv/python/cpython-3.12.12-linux-x86_64-gnu/lib/python3.12/copyreg.py:99: FutureWarning: `isinstance(treespec, LeafSpec)` is deprecated, use `isinstance(treespec, TreeSpec) and treespec.is_leaf()` instead.
  return cls.__new__(cls, *args)
Epoch [960/1000]  Loss: 0.0320
[torch.onnx] Obtain model graph for `DiffusionUNet([...]` with `torch.export.export(..., strict=False)`...
[torch.onnx] Obtain model graph for `DiffusionUNet([...]` with `torch.export.export(..., strict=False)`... ✅
[torch.onnx] Run decomposition...
[torch.onnx] Run decomposition... ✅
[torch.onnx] Translate the graph into ONNX...
[torch.onnx] Translate the graph into ONNX... ✅
ONNX saved to /home/vd0034/shallow_learning/scripts/output_genmodel/diffusion/diffusion_epoch960.onnx
Epoch [961/1000]  Loss: 0.0302
Epoch [962/1000]  Loss: 0.0303
Epoch [963/1000]  Loss: 0.0313
Epoch [964/1000]  Loss: 0.0317
Epoch [965/1000]  Loss: 0.0288
Epoch [966/1000]  Loss: 0.0297
Epoch [967/1000]  Loss: 0.0296
Epoch [968/1000]  Loss: 0.0302
Epoch [969/1000]  Loss: 0.0314
/home/vd0034/shallow_learning/src/shallow_learning/deepl/gen_model.py:406: UserWarning: # 'dynamic_axes' is not recommended when dynamo=True, and may lead to 'torch._dynamo.exc.UserError: Constraints violated.' Supply the 'dynamic_shapes' argument instead if export is unsuccessful.
  torch.onnx.export(self.model.unet, (dummy_x, dummy_t), filename,
W0417 17:19:01.481000 2976908 torch/onnx/_internal/exporter/_schemas.py:455] Missing annotation for parameter 'input' from (input, boxes, output_size: 'Sequence[int]', spatial_scale: 'float' = 1.0, sampling_ratio: 'int' = -1, aligned: 'bool' = False). Treating as an Input.
W0417 17:19:01.482000 2976908 torch/onnx/_internal/exporter/_schemas.py:455] Missing annotation for parameter 'boxes' from (input, boxes, output_size: 'Sequence[int]', spatial_scale: 'float' = 1.0, sampling_ratio: 'int' = -1, aligned: 'bool' = False). Treating as an Input.
W0417 17:19:01.482000 2976908 torch/onnx/_internal/exporter/_schemas.py:455] Missing annotation for parameter 'input' from (input, boxes, output_size: 'Sequence[int]', spatial_scale: 'float' = 1.0). Treating as an Input.
W0417 17:19:01.483000 2976908 torch/onnx/_internal/exporter/_schemas.py:455] Missing annotation for parameter 'boxes' from (input, boxes, output_size: 'Sequence[int]', spatial_scale: 'float' = 1.0). Treating as an Input.
/home/vd0034/.local/share/uv/python/cpython-3.12.12-linux-x86_64-gnu/lib/python3.12/copyreg.py:99: FutureWarning: `isinstance(treespec, LeafSpec)` is deprecated, use `isinstance(treespec, TreeSpec) and treespec.is_leaf()` instead.
  return cls.__new__(cls, *args)
Epoch [970/1000]  Loss: 0.0312
[torch.onnx] Obtain model graph for `DiffusionUNet([...]` with `torch.export.export(..., strict=False)`...
[torch.onnx] Obtain model graph for `DiffusionUNet([...]` with `torch.export.export(..., strict=False)`... ✅
[torch.onnx] Run decomposition...
[torch.onnx] Run decomposition... ✅
[torch.onnx] Translate the graph into ONNX...
[torch.onnx] Translate the graph into ONNX... ✅
ONNX saved to /home/vd0034/shallow_learning/scripts/output_genmodel/diffusion/diffusion_epoch970.onnx
Epoch [971/1000]  Loss: 0.0310
Epoch [972/1000]  Loss: 0.0297
Epoch [973/1000]  Loss: 0.0308
Epoch [974/1000]  Loss: 0.0319
Epoch [975/1000]  Loss: 0.0310
Epoch [976/1000]  Loss: 0.0310
Epoch [977/1000]  Loss: 0.0313
Epoch [978/1000]  Loss: 0.0298
Epoch [979/1000]  Loss: 0.0303
/home/vd0034/shallow_learning/src/shallow_learning/deepl/gen_model.py:406: UserWarning: # 'dynamic_axes' is not recommended when dynamo=True, and may lead to 'torch._dynamo.exc.UserError: Constraints violated.' Supply the 'dynamic_shapes' argument instead if export is unsuccessful.
  torch.onnx.export(self.model.unet, (dummy_x, dummy_t), filename,
W0417 17:19:23.753000 2976908 torch/onnx/_internal/exporter/_schemas.py:455] Missing annotation for parameter 'input' from (input, boxes, output_size: 'Sequence[int]', spatial_scale: 'float' = 1.0, sampling_ratio: 'int' = -1, aligned: 'bool' = False). Treating as an Input.
W0417 17:19:23.754000 2976908 torch/onnx/_internal/exporter/_schemas.py:455] Missing annotation for parameter 'boxes' from (input, boxes, output_size: 'Sequence[int]', spatial_scale: 'float' = 1.0, sampling_ratio: 'int' = -1, aligned: 'bool' = False). Treating as an Input.
W0417 17:19:23.755000 2976908 torch/onnx/_internal/exporter/_schemas.py:455] Missing annotation for parameter 'input' from (input, boxes, output_size: 'Sequence[int]', spatial_scale: 'float' = 1.0). Treating as an Input.
W0417 17:19:23.755000 2976908 torch/onnx/_internal/exporter/_schemas.py:455] Missing annotation for parameter 'boxes' from (input, boxes, output_size: 'Sequence[int]', spatial_scale: 'float' = 1.0). Treating as an Input.
/home/vd0034/.local/share/uv/python/cpython-3.12.12-linux-x86_64-gnu/lib/python3.12/copyreg.py:99: FutureWarning: `isinstance(treespec, LeafSpec)` is deprecated, use `isinstance(treespec, TreeSpec) and treespec.is_leaf()` instead.
  return cls.__new__(cls, *args)
Epoch [980/1000]  Loss: 0.0319
[torch.onnx] Obtain model graph for `DiffusionUNet([...]` with `torch.export.export(..., strict=False)`...
[torch.onnx] Obtain model graph for `DiffusionUNet([...]` with `torch.export.export(..., strict=False)`... ✅
[torch.onnx] Run decomposition...
[torch.onnx] Run decomposition... ✅
[torch.onnx] Translate the graph into ONNX...
[torch.onnx] Translate the graph into ONNX... ✅
ONNX saved to /home/vd0034/shallow_learning/scripts/output_genmodel/diffusion/diffusion_epoch980.onnx
Epoch [981/1000]  Loss: 0.0310
Epoch [982/1000]  Loss: 0.0312
Epoch [983/1000]  Loss: 0.0318
Epoch [984/1000]  Loss: 0.0299
Epoch [985/1000]  Loss: 0.0324
Epoch [986/1000]  Loss: 0.0320
Epoch [987/1000]  Loss: 0.0306
Epoch [988/1000]  Loss: 0.0323
Epoch [989/1000]  Loss: 0.0321
/home/vd0034/shallow_learning/src/shallow_learning/deepl/gen_model.py:406: UserWarning: # 'dynamic_axes' is not recommended when dynamo=True, and may lead to 'torch._dynamo.exc.UserError: Constraints violated.' Supply the 'dynamic_shapes' argument instead if export is unsuccessful.
  torch.onnx.export(self.model.unet, (dummy_x, dummy_t), filename,
W0417 17:19:45.966000 2976908 torch/onnx/_internal/exporter/_schemas.py:455] Missing annotation for parameter 'input' from (input, boxes, output_size: 'Sequence[int]', spatial_scale: 'float' = 1.0, sampling_ratio: 'int' = -1, aligned: 'bool' = False). Treating as an Input.
W0417 17:19:45.967000 2976908 torch/onnx/_internal/exporter/_schemas.py:455] Missing annotation for parameter 'boxes' from (input, boxes, output_size: 'Sequence[int]', spatial_scale: 'float' = 1.0, sampling_ratio: 'int' = -1, aligned: 'bool' = False). Treating as an Input.
W0417 17:19:45.968000 2976908 torch/onnx/_internal/exporter/_schemas.py:455] Missing annotation for parameter 'input' from (input, boxes, output_size: 'Sequence[int]', spatial_scale: 'float' = 1.0). Treating as an Input.
W0417 17:19:45.968000 2976908 torch/onnx/_internal/exporter/_schemas.py:455] Missing annotation for parameter 'boxes' from (input, boxes, output_size: 'Sequence[int]', spatial_scale: 'float' = 1.0). Treating as an Input.
/home/vd0034/.local/share/uv/python/cpython-3.12.12-linux-x86_64-gnu/lib/python3.12/copyreg.py:99: FutureWarning: `isinstance(treespec, LeafSpec)` is deprecated, use `isinstance(treespec, TreeSpec) and treespec.is_leaf()` instead.
  return cls.__new__(cls, *args)
Epoch [990/1000]  Loss: 0.0288
[torch.onnx] Obtain model graph for `DiffusionUNet([...]` with `torch.export.export(..., strict=False)`...
[torch.onnx] Obtain model graph for `DiffusionUNet([...]` with `torch.export.export(..., strict=False)`... ✅
[torch.onnx] Run decomposition...
[torch.onnx] Run decomposition... ✅
[torch.onnx] Translate the graph into ONNX...
[torch.onnx] Translate the graph into ONNX... ✅
ONNX saved to /home/vd0034/shallow_learning/scripts/output_genmodel/diffusion/diffusion_epoch990.onnx
Epoch [991/1000]  Loss: 0.0309
Epoch [992/1000]  Loss: 0.0322
Epoch [993/1000]  Loss: 0.0297
Epoch [994/1000]  Loss: 0.0300
Epoch [995/1000]  Loss: 0.0301
Epoch [996/1000]  Loss: 0.0298
Epoch [997/1000]  Loss: 0.0322
Epoch [998/1000]  Loss: 0.0302
Epoch [999/1000]  Loss: 0.0302
/home/vd0034/shallow_learning/src/shallow_learning/deepl/gen_model.py:406: UserWarning: # 'dynamic_axes' is not recommended when dynamo=True, and may lead to 'torch._dynamo.exc.UserError: Constraints violated.' Supply the 'dynamic_shapes' argument instead if export is unsuccessful.
  torch.onnx.export(self.model.unet, (dummy_x, dummy_t), filename,
W0417 17:20:08.446000 2976908 torch/onnx/_internal/exporter/_schemas.py:455] Missing annotation for parameter 'input' from (input, boxes, output_size: 'Sequence[int]', spatial_scale: 'float' = 1.0, sampling_ratio: 'int' = -1, aligned: 'bool' = False). Treating as an Input.
W0417 17:20:08.447000 2976908 torch/onnx/_internal/exporter/_schemas.py:455] Missing annotation for parameter 'boxes' from (input, boxes, output_size: 'Sequence[int]', spatial_scale: 'float' = 1.0, sampling_ratio: 'int' = -1, aligned: 'bool' = False). Treating as an Input.
W0417 17:20:08.447000 2976908 torch/onnx/_internal/exporter/_schemas.py:455] Missing annotation for parameter 'input' from (input, boxes, output_size: 'Sequence[int]', spatial_scale: 'float' = 1.0). Treating as an Input.
W0417 17:20:08.448000 2976908 torch/onnx/_internal/exporter/_schemas.py:455] Missing annotation for parameter 'boxes' from (input, boxes, output_size: 'Sequence[int]', spatial_scale: 'float' = 1.0). Treating as an Input.
/home/vd0034/.local/share/uv/python/cpython-3.12.12-linux-x86_64-gnu/lib/python3.12/copyreg.py:99: FutureWarning: `isinstance(treespec, LeafSpec)` is deprecated, use `isinstance(treespec, TreeSpec) and treespec.is_leaf()` instead.
  return cls.__new__(cls, *args)
/home/vd0034/shallow_learning/src/shallow_learning/deepl/gen_model.py:406: UserWarning: # 'dynamic_axes' is not recommended when dynamo=True, and may lead to 'torch._dynamo.exc.UserError: Constraints violated.' Supply the 'dynamic_shapes' argument instead if export is unsuccessful.
  torch.onnx.export(self.model.unet, (dummy_x, dummy_t), filename,
W0417 17:20:09.174000 2976908 torch/onnx/_internal/exporter/_schemas.py:455] Missing annotation for parameter 'input' from (input, boxes, output_size: 'Sequence[int]', spatial_scale: 'float' = 1.0, sampling_ratio: 'int' = -1, aligned: 'bool' = False). Treating as an Input.
W0417 17:20:09.175000 2976908 torch/onnx/_internal/exporter/_schemas.py:455] Missing annotation for parameter 'boxes' from (input, boxes, output_size: 'Sequence[int]', spatial_scale: 'float' = 1.0, sampling_ratio: 'int' = -1, aligned: 'bool' = False). Treating as an Input.
W0417 17:20:09.175000 2976908 torch/onnx/_internal/exporter/_schemas.py:455] Missing annotation for parameter 'input' from (input, boxes, output_size: 'Sequence[int]', spatial_scale: 'float' = 1.0). Treating as an Input.
W0417 17:20:09.176000 2976908 torch/onnx/_internal/exporter/_schemas.py:455] Missing annotation for parameter 'boxes' from (input, boxes, output_size: 'Sequence[int]', spatial_scale: 'float' = 1.0). Treating as an Input.
/home/vd0034/.local/share/uv/python/cpython-3.12.12-linux-x86_64-gnu/lib/python3.12/copyreg.py:99: FutureWarning: `isinstance(treespec, LeafSpec)` is deprecated, use `isinstance(treespec, TreeSpec) and treespec.is_leaf()` instead.
  return cls.__new__(cls, *args)
Epoch [1000/1000]  Loss: 0.0308
[torch.onnx] Obtain model graph for `DiffusionUNet([...]` with `torch.export.export(..., strict=False)`...
[torch.onnx] Obtain model graph for `DiffusionUNet([...]` with `torch.export.export(..., strict=False)`... ✅
[torch.onnx] Run decomposition...
[torch.onnx] Run decomposition... ✅
[torch.onnx] Translate the graph into ONNX...
[torch.onnx] Translate the graph into ONNX... ✅
ONNX saved to /home/vd0034/shallow_learning/scripts/output_genmodel/diffusion/diffusion_epoch1000.onnx
[torch.onnx] Obtain model graph for `DiffusionUNet([...]` with `torch.export.export(..., strict=False)`...
[torch.onnx] Obtain model graph for `DiffusionUNet([...]` with `torch.export.export(..., strict=False)`... ✅
[torch.onnx] Run decomposition...
[torch.onnx] Run decomposition... ✅
[torch.onnx] Translate the graph into ONNX...
[torch.onnx] Translate the graph into ONNX... ✅
ONNX saved to /home/vd0034/shallow_learning/scripts/output_genmodel/diffusion/diffusion_model.onnx
PT weights saved to /home/vd0034/shallow_learning/scripts/output_genmodel/diffusion/diffusion_best.pt
Plot saved to /home/vd0034/shallow_learning/scripts/output_genmodel/diffusion/diffusion_loss.png

Done! Outputs saved to /home/vd0034/shallow_learning/scripts/output_genmodel/diffusion
