Selected GPU: cuda:0
Loading CelebA dataset from /data/CPE_487-587/img_align_celeba.zip...
Total images: 202599  Using: 4051 (2.0%)

Model: GAN
Epochs: 1000  Batch size: 128  LR: 0.0001  Save every: 10 epochs
Trainer initialized for: GAN
Epoch [1/1000]  Loss: 1.2950
Epoch [2/1000]  Loss: 2.0154
Epoch [3/1000]  Loss: 2.5202
Epoch [4/1000]  Loss: 3.0057
Epoch [5/1000]  Loss: 3.2691
Epoch [6/1000]  Loss: 3.4708
Epoch [7/1000]  Loss: 3.6019
Epoch [8/1000]  Loss: 3.9852
Epoch [9/1000]  Loss: 4.1028
/home/vd0034/shallow_learning/src/shallow_learning/deepl/gen_model.py:399: UserWarning: # 'dynamic_axes' is not recommended when dynamo=True, and may lead to 'torch._dynamo.exc.UserError: Constraints violated.' Supply the 'dynamic_shapes' argument instead if export is unsuccessful.
  torch.onnx.export(self.model.generator, dummy, filename,
W0417 16:11:04.368000 2921105 torch/onnx/_internal/exporter/_schemas.py:455] Missing annotation for parameter 'input' from (input, boxes, output_size: 'Sequence[int]', spatial_scale: 'float' = 1.0, sampling_ratio: 'int' = -1, aligned: 'bool' = False). Treating as an Input.
W0417 16:11:04.368000 2921105 torch/onnx/_internal/exporter/_schemas.py:455] Missing annotation for parameter 'boxes' from (input, boxes, output_size: 'Sequence[int]', spatial_scale: 'float' = 1.0, sampling_ratio: 'int' = -1, aligned: 'bool' = False). Treating as an Input.
W0417 16:11:04.369000 2921105 torch/onnx/_internal/exporter/_schemas.py:455] Missing annotation for parameter 'input' from (input, boxes, output_size: 'Sequence[int]', spatial_scale: 'float' = 1.0). Treating as an Input.
W0417 16:11:04.369000 2921105 torch/onnx/_internal/exporter/_schemas.py:455] Missing annotation for parameter 'boxes' from (input, boxes, output_size: 'Sequence[int]', spatial_scale: 'float' = 1.0). Treating as an Input.
/home/vd0034/.local/share/uv/python/cpython-3.12.12-linux-x86_64-gnu/lib/python3.12/copyreg.py:99: FutureWarning: `isinstance(treespec, LeafSpec)` is deprecated, use `isinstance(treespec, TreeSpec) and treespec.is_leaf()` instead.
  return cls.__new__(cls, *args)
Epoch [10/1000]  Loss: 3.2639
[torch.onnx] Obtain model graph for `GANGenerator([...]` with `torch.export.export(..., strict=False)`...
[torch.onnx] Obtain model graph for `GANGenerator([...]` with `torch.export.export(..., strict=False)`... ✅
[torch.onnx] Run decomposition...
[torch.onnx] Run decomposition... ✅
[torch.onnx] Translate the graph into ONNX...
[torch.onnx] Translate the graph into ONNX... ✅
Applied 3 of general pattern rewrite rules.
ONNX saved to /home/vd0034/shallow_learning/scripts/output_genmodel/gan/gan_epoch10.onnx
Epoch [11/1000]  Loss: 3.0662
Epoch [12/1000]  Loss: 2.4719
Epoch [13/1000]  Loss: 3.1202
Epoch [14/1000]  Loss: 2.5891
Epoch [15/1000]  Loss: 2.1713
Epoch [16/1000]  Loss: 1.9893
Epoch [17/1000]  Loss: 1.7843
Epoch [18/1000]  Loss: 1.9288
Epoch [19/1000]  Loss: 1.9854
/home/vd0034/shallow_learning/src/shallow_learning/deepl/gen_model.py:399: UserWarning: # 'dynamic_axes' is not recommended when dynamo=True, and may lead to 'torch._dynamo.exc.UserError: Constraints violated.' Supply the 'dynamic_shapes' argument instead if export is unsuccessful.
  torch.onnx.export(self.model.generator, dummy, filename,
W0417 16:11:24.674000 2921105 torch/onnx/_internal/exporter/_schemas.py:455] Missing annotation for parameter 'input' from (input, boxes, output_size: 'Sequence[int]', spatial_scale: 'float' = 1.0, sampling_ratio: 'int' = -1, aligned: 'bool' = False). Treating as an Input.
W0417 16:11:24.675000 2921105 torch/onnx/_internal/exporter/_schemas.py:455] Missing annotation for parameter 'boxes' from (input, boxes, output_size: 'Sequence[int]', spatial_scale: 'float' = 1.0, sampling_ratio: 'int' = -1, aligned: 'bool' = False). Treating as an Input.
W0417 16:11:24.675000 2921105 torch/onnx/_internal/exporter/_schemas.py:455] Missing annotation for parameter 'input' from (input, boxes, output_size: 'Sequence[int]', spatial_scale: 'float' = 1.0). Treating as an Input.
W0417 16:11:24.676000 2921105 torch/onnx/_internal/exporter/_schemas.py:455] Missing annotation for parameter 'boxes' from (input, boxes, output_size: 'Sequence[int]', spatial_scale: 'float' = 1.0). Treating as an Input.
/home/vd0034/.local/share/uv/python/cpython-3.12.12-linux-x86_64-gnu/lib/python3.12/copyreg.py:99: FutureWarning: `isinstance(treespec, LeafSpec)` is deprecated, use `isinstance(treespec, TreeSpec) and treespec.is_leaf()` instead.
  return cls.__new__(cls, *args)
Epoch [20/1000]  Loss: 1.9669
[torch.onnx] Obtain model graph for `GANGenerator([...]` with `torch.export.export(..., strict=False)`...
[torch.onnx] Obtain model graph for `GANGenerator([...]` with `torch.export.export(..., strict=False)`... ✅
[torch.onnx] Run decomposition...
[torch.onnx] Run decomposition... ✅
[torch.onnx] Translate the graph into ONNX...
[torch.onnx] Translate the graph into ONNX... ✅
Applied 3 of general pattern rewrite rules.
ONNX saved to /home/vd0034/shallow_learning/scripts/output_genmodel/gan/gan_epoch20.onnx
Epoch [21/1000]  Loss: 1.8485
Epoch [22/1000]  Loss: 1.8330
Epoch [23/1000]  Loss: 1.7764
Epoch [24/1000]  Loss: 1.9116
Epoch [25/1000]  Loss: 1.7432
Epoch [26/1000]  Loss: 1.8406
Epoch [27/1000]  Loss: 1.7362
Epoch [28/1000]  Loss: 1.8665
Epoch [29/1000]  Loss: 1.6670
/home/vd0034/shallow_learning/src/shallow_learning/deepl/gen_model.py:399: UserWarning: # 'dynamic_axes' is not recommended when dynamo=True, and may lead to 'torch._dynamo.exc.UserError: Constraints violated.' Supply the 'dynamic_shapes' argument instead if export is unsuccessful.
  torch.onnx.export(self.model.generator, dummy, filename,
W0417 16:11:42.793000 2921105 torch/onnx/_internal/exporter/_schemas.py:455] Missing annotation for parameter 'input' from (input, boxes, output_size: 'Sequence[int]', spatial_scale: 'float' = 1.0, sampling_ratio: 'int' = -1, aligned: 'bool' = False). Treating as an Input.
W0417 16:11:42.794000 2921105 torch/onnx/_internal/exporter/_schemas.py:455] Missing annotation for parameter 'boxes' from (input, boxes, output_size: 'Sequence[int]', spatial_scale: 'float' = 1.0, sampling_ratio: 'int' = -1, aligned: 'bool' = False). Treating as an Input.
W0417 16:11:42.795000 2921105 torch/onnx/_internal/exporter/_schemas.py:455] Missing annotation for parameter 'input' from (input, boxes, output_size: 'Sequence[int]', spatial_scale: 'float' = 1.0). Treating as an Input.
W0417 16:11:42.795000 2921105 torch/onnx/_internal/exporter/_schemas.py:455] Missing annotation for parameter 'boxes' from (input, boxes, output_size: 'Sequence[int]', spatial_scale: 'float' = 1.0). Treating as an Input.
/home/vd0034/.local/share/uv/python/cpython-3.12.12-linux-x86_64-gnu/lib/python3.12/copyreg.py:99: FutureWarning: `isinstance(treespec, LeafSpec)` is deprecated, use `isinstance(treespec, TreeSpec) and treespec.is_leaf()` instead.
  return cls.__new__(cls, *args)
Epoch [30/1000]  Loss: 1.5842
[torch.onnx] Obtain model graph for `GANGenerator([...]` with `torch.export.export(..., strict=False)`...
[torch.onnx] Obtain model graph for `GANGenerator([...]` with `torch.export.export(..., strict=False)`... ✅
[torch.onnx] Run decomposition...
[torch.onnx] Run decomposition... ✅
[torch.onnx] Translate the graph into ONNX...
[torch.onnx] Translate the graph into ONNX... ✅
Applied 3 of general pattern rewrite rules.
ONNX saved to /home/vd0034/shallow_learning/scripts/output_genmodel/gan/gan_epoch30.onnx
Epoch [31/1000]  Loss: 1.6902
Epoch [32/1000]  Loss: 1.6345
Epoch [33/1000]  Loss: 1.5395
Epoch [34/1000]  Loss: 1.7510
Epoch [35/1000]  Loss: 1.5222
Epoch [36/1000]  Loss: 1.5021
Epoch [37/1000]  Loss: 1.4678
Epoch [38/1000]  Loss: 1.6492
Epoch [39/1000]  Loss: 1.4284
/home/vd0034/shallow_learning/src/shallow_learning/deepl/gen_model.py:399: UserWarning: # 'dynamic_axes' is not recommended when dynamo=True, and may lead to 'torch._dynamo.exc.UserError: Constraints violated.' Supply the 'dynamic_shapes' argument instead if export is unsuccessful.
  torch.onnx.export(self.model.generator, dummy, filename,
W0417 16:12:00.804000 2921105 torch/onnx/_internal/exporter/_schemas.py:455] Missing annotation for parameter 'input' from (input, boxes, output_size: 'Sequence[int]', spatial_scale: 'float' = 1.0, sampling_ratio: 'int' = -1, aligned: 'bool' = False). Treating as an Input.
W0417 16:12:00.805000 2921105 torch/onnx/_internal/exporter/_schemas.py:455] Missing annotation for parameter 'boxes' from (input, boxes, output_size: 'Sequence[int]', spatial_scale: 'float' = 1.0, sampling_ratio: 'int' = -1, aligned: 'bool' = False). Treating as an Input.
W0417 16:12:00.805000 2921105 torch/onnx/_internal/exporter/_schemas.py:455] Missing annotation for parameter 'input' from (input, boxes, output_size: 'Sequence[int]', spatial_scale: 'float' = 1.0). Treating as an Input.
W0417 16:12:00.806000 2921105 torch/onnx/_internal/exporter/_schemas.py:455] Missing annotation for parameter 'boxes' from (input, boxes, output_size: 'Sequence[int]', spatial_scale: 'float' = 1.0). Treating as an Input.
/home/vd0034/.local/share/uv/python/cpython-3.12.12-linux-x86_64-gnu/lib/python3.12/copyreg.py:99: FutureWarning: `isinstance(treespec, LeafSpec)` is deprecated, use `isinstance(treespec, TreeSpec) and treespec.is_leaf()` instead.
  return cls.__new__(cls, *args)
Epoch [40/1000]  Loss: 1.5114
[torch.onnx] Obtain model graph for `GANGenerator([...]` with `torch.export.export(..., strict=False)`...
[torch.onnx] Obtain model graph for `GANGenerator([...]` with `torch.export.export(..., strict=False)`... ✅
[torch.onnx] Run decomposition...
[torch.onnx] Run decomposition... ✅
[torch.onnx] Translate the graph into ONNX...
[torch.onnx] Translate the graph into ONNX... ✅
Applied 3 of general pattern rewrite rules.
ONNX saved to /home/vd0034/shallow_learning/scripts/output_genmodel/gan/gan_epoch40.onnx
Epoch [41/1000]  Loss: 1.4281
Epoch [42/1000]  Loss: 1.3741
Epoch [43/1000]  Loss: 1.5592
Epoch [44/1000]  Loss: 1.3535
Epoch [45/1000]  Loss: 1.3602
Epoch [46/1000]  Loss: 1.4527
Epoch [47/1000]  Loss: 1.3774
Epoch [48/1000]  Loss: 1.3399
Epoch [49/1000]  Loss: 1.5277
/home/vd0034/shallow_learning/src/shallow_learning/deepl/gen_model.py:399: UserWarning: # 'dynamic_axes' is not recommended when dynamo=True, and may lead to 'torch._dynamo.exc.UserError: Constraints violated.' Supply the 'dynamic_shapes' argument instead if export is unsuccessful.
  torch.onnx.export(self.model.generator, dummy, filename,
W0417 16:12:20.996000 2921105 torch/onnx/_internal/exporter/_schemas.py:455] Missing annotation for parameter 'input' from (input, boxes, output_size: 'Sequence[int]', spatial_scale: 'float' = 1.0, sampling_ratio: 'int' = -1, aligned: 'bool' = False). Treating as an Input.
W0417 16:12:20.997000 2921105 torch/onnx/_internal/exporter/_schemas.py:455] Missing annotation for parameter 'boxes' from (input, boxes, output_size: 'Sequence[int]', spatial_scale: 'float' = 1.0, sampling_ratio: 'int' = -1, aligned: 'bool' = False). Treating as an Input.
W0417 16:12:20.998000 2921105 torch/onnx/_internal/exporter/_schemas.py:455] Missing annotation for parameter 'input' from (input, boxes, output_size: 'Sequence[int]', spatial_scale: 'float' = 1.0). Treating as an Input.
W0417 16:12:20.998000 2921105 torch/onnx/_internal/exporter/_schemas.py:455] Missing annotation for parameter 'boxes' from (input, boxes, output_size: 'Sequence[int]', spatial_scale: 'float' = 1.0). Treating as an Input.
/home/vd0034/.local/share/uv/python/cpython-3.12.12-linux-x86_64-gnu/lib/python3.12/copyreg.py:99: FutureWarning: `isinstance(treespec, LeafSpec)` is deprecated, use `isinstance(treespec, TreeSpec) and treespec.is_leaf()` instead.
  return cls.__new__(cls, *args)
Epoch [50/1000]  Loss: 1.2425
[torch.onnx] Obtain model graph for `GANGenerator([...]` with `torch.export.export(..., strict=False)`...
[torch.onnx] Obtain model graph for `GANGenerator([...]` with `torch.export.export(..., strict=False)`... ✅
[torch.onnx] Run decomposition...
[torch.onnx] Run decomposition... ✅
[torch.onnx] Translate the graph into ONNX...
[torch.onnx] Translate the graph into ONNX... ✅
Applied 3 of general pattern rewrite rules.
ONNX saved to /home/vd0034/shallow_learning/scripts/output_genmodel/gan/gan_epoch50.onnx
Epoch [51/1000]  Loss: 1.2271
Epoch [52/1000]  Loss: 1.2826
Epoch [53/1000]  Loss: 1.3311
Epoch [54/1000]  Loss: 1.2984
Epoch [55/1000]  Loss: 1.2872
Epoch [56/1000]  Loss: 1.3288
Epoch [57/1000]  Loss: 1.3260
Epoch [58/1000]  Loss: 1.2978
Epoch [59/1000]  Loss: 1.4549
/home/vd0034/shallow_learning/src/shallow_learning/deepl/gen_model.py:399: UserWarning: # 'dynamic_axes' is not recommended when dynamo=True, and may lead to 'torch._dynamo.exc.UserError: Constraints violated.' Supply the 'dynamic_shapes' argument instead if export is unsuccessful.
  torch.onnx.export(self.model.generator, dummy, filename,
W0417 16:12:39.184000 2921105 torch/onnx/_internal/exporter/_schemas.py:455] Missing annotation for parameter 'input' from (input, boxes, output_size: 'Sequence[int]', spatial_scale: 'float' = 1.0, sampling_ratio: 'int' = -1, aligned: 'bool' = False). Treating as an Input.
W0417 16:12:39.185000 2921105 torch/onnx/_internal/exporter/_schemas.py:455] Missing annotation for parameter 'boxes' from (input, boxes, output_size: 'Sequence[int]', spatial_scale: 'float' = 1.0, sampling_ratio: 'int' = -1, aligned: 'bool' = False). Treating as an Input.
W0417 16:12:39.185000 2921105 torch/onnx/_internal/exporter/_schemas.py:455] Missing annotation for parameter 'input' from (input, boxes, output_size: 'Sequence[int]', spatial_scale: 'float' = 1.0). Treating as an Input.
W0417 16:12:39.186000 2921105 torch/onnx/_internal/exporter/_schemas.py:455] Missing annotation for parameter 'boxes' from (input, boxes, output_size: 'Sequence[int]', spatial_scale: 'float' = 1.0). Treating as an Input.
/home/vd0034/.local/share/uv/python/cpython-3.12.12-linux-x86_64-gnu/lib/python3.12/copyreg.py:99: FutureWarning: `isinstance(treespec, LeafSpec)` is deprecated, use `isinstance(treespec, TreeSpec) and treespec.is_leaf()` instead.
  return cls.__new__(cls, *args)
Epoch [60/1000]  Loss: 1.2191
[torch.onnx] Obtain model graph for `GANGenerator([...]` with `torch.export.export(..., strict=False)`...
[torch.onnx] Obtain model graph for `GANGenerator([...]` with `torch.export.export(..., strict=False)`... ✅
[torch.onnx] Run decomposition...
[torch.onnx] Run decomposition... ✅
[torch.onnx] Translate the graph into ONNX...
[torch.onnx] Translate the graph into ONNX... ✅
Applied 3 of general pattern rewrite rules.
ONNX saved to /home/vd0034/shallow_learning/scripts/output_genmodel/gan/gan_epoch60.onnx
Epoch [61/1000]  Loss: 1.2742
Epoch [62/1000]  Loss: 1.2572
Epoch [63/1000]  Loss: 1.3180
Epoch [64/1000]  Loss: 1.3158
Epoch [65/1000]  Loss: 1.2798
Epoch [66/1000]  Loss: 1.3823
Epoch [67/1000]  Loss: 1.2550
Epoch [68/1000]  Loss: 1.2692
Epoch [69/1000]  Loss: 1.2753
/home/vd0034/shallow_learning/src/shallow_learning/deepl/gen_model.py:399: UserWarning: # 'dynamic_axes' is not recommended when dynamo=True, and may lead to 'torch._dynamo.exc.UserError: Constraints violated.' Supply the 'dynamic_shapes' argument instead if export is unsuccessful.
  torch.onnx.export(self.model.generator, dummy, filename,
W0417 16:12:59.880000 2921105 torch/onnx/_internal/exporter/_schemas.py:455] Missing annotation for parameter 'input' from (input, boxes, output_size: 'Sequence[int]', spatial_scale: 'float' = 1.0, sampling_ratio: 'int' = -1, aligned: 'bool' = False). Treating as an Input.
W0417 16:12:59.881000 2921105 torch/onnx/_internal/exporter/_schemas.py:455] Missing annotation for parameter 'boxes' from (input, boxes, output_size: 'Sequence[int]', spatial_scale: 'float' = 1.0, sampling_ratio: 'int' = -1, aligned: 'bool' = False). Treating as an Input.
W0417 16:12:59.882000 2921105 torch/onnx/_internal/exporter/_schemas.py:455] Missing annotation for parameter 'input' from (input, boxes, output_size: 'Sequence[int]', spatial_scale: 'float' = 1.0). Treating as an Input.
W0417 16:12:59.882000 2921105 torch/onnx/_internal/exporter/_schemas.py:455] Missing annotation for parameter 'boxes' from (input, boxes, output_size: 'Sequence[int]', spatial_scale: 'float' = 1.0). Treating as an Input.
/home/vd0034/.local/share/uv/python/cpython-3.12.12-linux-x86_64-gnu/lib/python3.12/copyreg.py:99: FutureWarning: `isinstance(treespec, LeafSpec)` is deprecated, use `isinstance(treespec, TreeSpec) and treespec.is_leaf()` instead.
  return cls.__new__(cls, *args)
Epoch [70/1000]  Loss: 1.3036
[torch.onnx] Obtain model graph for `GANGenerator([...]` with `torch.export.export(..., strict=False)`...
[torch.onnx] Obtain model graph for `GANGenerator([...]` with `torch.export.export(..., strict=False)`... ✅
[torch.onnx] Run decomposition...
[torch.onnx] Run decomposition... ✅
[torch.onnx] Translate the graph into ONNX...
[torch.onnx] Translate the graph into ONNX... ✅
Applied 3 of general pattern rewrite rules.
ONNX saved to /home/vd0034/shallow_learning/scripts/output_genmodel/gan/gan_epoch70.onnx
Epoch [71/1000]  Loss: 1.2561
Epoch [72/1000]  Loss: 1.2803
Epoch [73/1000]  Loss: 1.3376
Epoch [74/1000]  Loss: 1.2772
Epoch [75/1000]  Loss: 1.3840
Epoch [76/1000]  Loss: 1.1816
Epoch [77/1000]  Loss: 1.2104
Epoch [78/1000]  Loss: 1.2796
Epoch [79/1000]  Loss: 1.2641
/home/vd0034/shallow_learning/src/shallow_learning/deepl/gen_model.py:399: UserWarning: # 'dynamic_axes' is not recommended when dynamo=True, and may lead to 'torch._dynamo.exc.UserError: Constraints violated.' Supply the 'dynamic_shapes' argument instead if export is unsuccessful.
  torch.onnx.export(self.model.generator, dummy, filename,
W0417 16:13:18.364000 2921105 torch/onnx/_internal/exporter/_schemas.py:455] Missing annotation for parameter 'input' from (input, boxes, output_size: 'Sequence[int]', spatial_scale: 'float' = 1.0, sampling_ratio: 'int' = -1, aligned: 'bool' = False). Treating as an Input.
W0417 16:13:18.365000 2921105 torch/onnx/_internal/exporter/_schemas.py:455] Missing annotation for parameter 'boxes' from (input, boxes, output_size: 'Sequence[int]', spatial_scale: 'float' = 1.0, sampling_ratio: 'int' = -1, aligned: 'bool' = False). Treating as an Input.
W0417 16:13:18.365000 2921105 torch/onnx/_internal/exporter/_schemas.py:455] Missing annotation for parameter 'input' from (input, boxes, output_size: 'Sequence[int]', spatial_scale: 'float' = 1.0). Treating as an Input.
W0417 16:13:18.366000 2921105 torch/onnx/_internal/exporter/_schemas.py:455] Missing annotation for parameter 'boxes' from (input, boxes, output_size: 'Sequence[int]', spatial_scale: 'float' = 1.0). Treating as an Input.
/home/vd0034/.local/share/uv/python/cpython-3.12.12-linux-x86_64-gnu/lib/python3.12/copyreg.py:99: FutureWarning: `isinstance(treespec, LeafSpec)` is deprecated, use `isinstance(treespec, TreeSpec) and treespec.is_leaf()` instead.
  return cls.__new__(cls, *args)
Epoch [80/1000]  Loss: 1.2578
[torch.onnx] Obtain model graph for `GANGenerator([...]` with `torch.export.export(..., strict=False)`...
[torch.onnx] Obtain model graph for `GANGenerator([...]` with `torch.export.export(..., strict=False)`... ✅
[torch.onnx] Run decomposition...
[torch.onnx] Run decomposition... ✅
[torch.onnx] Translate the graph into ONNX...
[torch.onnx] Translate the graph into ONNX... ✅
Applied 3 of general pattern rewrite rules.
ONNX saved to /home/vd0034/shallow_learning/scripts/output_genmodel/gan/gan_epoch80.onnx
Epoch [81/1000]  Loss: 1.2832
Epoch [82/1000]  Loss: 1.2246
Epoch [83/1000]  Loss: 1.2015
Epoch [84/1000]  Loss: 1.2649
Epoch [85/1000]  Loss: 1.2668
Epoch [86/1000]  Loss: 1.2729
Epoch [87/1000]  Loss: 1.2978
Epoch [88/1000]  Loss: 1.2505
Epoch [89/1000]  Loss: 1.2807
/home/vd0034/shallow_learning/src/shallow_learning/deepl/gen_model.py:399: UserWarning: # 'dynamic_axes' is not recommended when dynamo=True, and may lead to 'torch._dynamo.exc.UserError: Constraints violated.' Supply the 'dynamic_shapes' argument instead if export is unsuccessful.
  torch.onnx.export(self.model.generator, dummy, filename,
W0417 16:13:39.468000 2921105 torch/onnx/_internal/exporter/_schemas.py:455] Missing annotation for parameter 'input' from (input, boxes, output_size: 'Sequence[int]', spatial_scale: 'float' = 1.0, sampling_ratio: 'int' = -1, aligned: 'bool' = False). Treating as an Input.
W0417 16:13:39.469000 2921105 torch/onnx/_internal/exporter/_schemas.py:455] Missing annotation for parameter 'boxes' from (input, boxes, output_size: 'Sequence[int]', spatial_scale: 'float' = 1.0, sampling_ratio: 'int' = -1, aligned: 'bool' = False). Treating as an Input.
W0417 16:13:39.469000 2921105 torch/onnx/_internal/exporter/_schemas.py:455] Missing annotation for parameter 'input' from (input, boxes, output_size: 'Sequence[int]', spatial_scale: 'float' = 1.0). Treating as an Input.
W0417 16:13:39.470000 2921105 torch/onnx/_internal/exporter/_schemas.py:455] Missing annotation for parameter 'boxes' from (input, boxes, output_size: 'Sequence[int]', spatial_scale: 'float' = 1.0). Treating as an Input.
/home/vd0034/.local/share/uv/python/cpython-3.12.12-linux-x86_64-gnu/lib/python3.12/copyreg.py:99: FutureWarning: `isinstance(treespec, LeafSpec)` is deprecated, use `isinstance(treespec, TreeSpec) and treespec.is_leaf()` instead.
  return cls.__new__(cls, *args)
Epoch [90/1000]  Loss: 1.3077
[torch.onnx] Obtain model graph for `GANGenerator([...]` with `torch.export.export(..., strict=False)`...
[torch.onnx] Obtain model graph for `GANGenerator([...]` with `torch.export.export(..., strict=False)`... ✅
[torch.onnx] Run decomposition...
[torch.onnx] Run decomposition... ✅
[torch.onnx] Translate the graph into ONNX...
[torch.onnx] Translate the graph into ONNX... ✅
Applied 3 of general pattern rewrite rules.
ONNX saved to /home/vd0034/shallow_learning/scripts/output_genmodel/gan/gan_epoch90.onnx
Epoch [91/1000]  Loss: 1.2821
Epoch [92/1000]  Loss: 1.4089
Epoch [93/1000]  Loss: 1.2544
Epoch [94/1000]  Loss: 1.2869
Epoch [95/1000]  Loss: 1.2886
Epoch [96/1000]  Loss: 1.2870
Epoch [97/1000]  Loss: 1.5130
Epoch [98/1000]  Loss: 1.2515
Epoch [99/1000]  Loss: 1.2887
/home/vd0034/shallow_learning/src/shallow_learning/deepl/gen_model.py:399: UserWarning: # 'dynamic_axes' is not recommended when dynamo=True, and may lead to 'torch._dynamo.exc.UserError: Constraints violated.' Supply the 'dynamic_shapes' argument instead if export is unsuccessful.
  torch.onnx.export(self.model.generator, dummy, filename,
W0417 16:13:57.941000 2921105 torch/onnx/_internal/exporter/_schemas.py:455] Missing annotation for parameter 'input' from (input, boxes, output_size: 'Sequence[int]', spatial_scale: 'float' = 1.0, sampling_ratio: 'int' = -1, aligned: 'bool' = False). Treating as an Input.
W0417 16:13:57.942000 2921105 torch/onnx/_internal/exporter/_schemas.py:455] Missing annotation for parameter 'boxes' from (input, boxes, output_size: 'Sequence[int]', spatial_scale: 'float' = 1.0, sampling_ratio: 'int' = -1, aligned: 'bool' = False). Treating as an Input.
W0417 16:13:57.943000 2921105 torch/onnx/_internal/exporter/_schemas.py:455] Missing annotation for parameter 'input' from (input, boxes, output_size: 'Sequence[int]', spatial_scale: 'float' = 1.0). Treating as an Input.
W0417 16:13:57.943000 2921105 torch/onnx/_internal/exporter/_schemas.py:455] Missing annotation for parameter 'boxes' from (input, boxes, output_size: 'Sequence[int]', spatial_scale: 'float' = 1.0). Treating as an Input.
/home/vd0034/.local/share/uv/python/cpython-3.12.12-linux-x86_64-gnu/lib/python3.12/copyreg.py:99: FutureWarning: `isinstance(treespec, LeafSpec)` is deprecated, use `isinstance(treespec, TreeSpec) and treespec.is_leaf()` instead.
  return cls.__new__(cls, *args)
Epoch [100/1000]  Loss: 1.3193
[torch.onnx] Obtain model graph for `GANGenerator([...]` with `torch.export.export(..., strict=False)`...
[torch.onnx] Obtain model graph for `GANGenerator([...]` with `torch.export.export(..., strict=False)`... ✅
[torch.onnx] Run decomposition...
[torch.onnx] Run decomposition... ✅
[torch.onnx] Translate the graph into ONNX...
[torch.onnx] Translate the graph into ONNX... ✅
Applied 3 of general pattern rewrite rules.
ONNX saved to /home/vd0034/shallow_learning/scripts/output_genmodel/gan/gan_epoch100.onnx
Epoch [101/1000]  Loss: 1.3209
Epoch [102/1000]  Loss: 1.3417
Epoch [103/1000]  Loss: 1.3250
Epoch [104/1000]  Loss: 1.4453
Epoch [105/1000]  Loss: 1.2998
Epoch [106/1000]  Loss: 1.3535
Epoch [107/1000]  Loss: 1.3843
Epoch [108/1000]  Loss: 1.4307
Epoch [109/1000]  Loss: 1.3743
/home/vd0034/shallow_learning/src/shallow_learning/deepl/gen_model.py:399: UserWarning: # 'dynamic_axes' is not recommended when dynamo=True, and may lead to 'torch._dynamo.exc.UserError: Constraints violated.' Supply the 'dynamic_shapes' argument instead if export is unsuccessful.
  torch.onnx.export(self.model.generator, dummy, filename,
W0417 16:14:16.391000 2921105 torch/onnx/_internal/exporter/_schemas.py:455] Missing annotation for parameter 'input' from (input, boxes, output_size: 'Sequence[int]', spatial_scale: 'float' = 1.0, sampling_ratio: 'int' = -1, aligned: 'bool' = False). Treating as an Input.
W0417 16:14:16.392000 2921105 torch/onnx/_internal/exporter/_schemas.py:455] Missing annotation for parameter 'boxes' from (input, boxes, output_size: 'Sequence[int]', spatial_scale: 'float' = 1.0, sampling_ratio: 'int' = -1, aligned: 'bool' = False). Treating as an Input.
W0417 16:14:16.393000 2921105 torch/onnx/_internal/exporter/_schemas.py:455] Missing annotation for parameter 'input' from (input, boxes, output_size: 'Sequence[int]', spatial_scale: 'float' = 1.0). Treating as an Input.
W0417 16:14:16.393000 2921105 torch/onnx/_internal/exporter/_schemas.py:455] Missing annotation for parameter 'boxes' from (input, boxes, output_size: 'Sequence[int]', spatial_scale: 'float' = 1.0). Treating as an Input.
/home/vd0034/.local/share/uv/python/cpython-3.12.12-linux-x86_64-gnu/lib/python3.12/copyreg.py:99: FutureWarning: `isinstance(treespec, LeafSpec)` is deprecated, use `isinstance(treespec, TreeSpec) and treespec.is_leaf()` instead.
  return cls.__new__(cls, *args)
Epoch [110/1000]  Loss: 1.5900
[torch.onnx] Obtain model graph for `GANGenerator([...]` with `torch.export.export(..., strict=False)`...
[torch.onnx] Obtain model graph for `GANGenerator([...]` with `torch.export.export(..., strict=False)`... ✅
[torch.onnx] Run decomposition...
[torch.onnx] Run decomposition... ✅
[torch.onnx] Translate the graph into ONNX...
[torch.onnx] Translate the graph into ONNX... ✅
Applied 3 of general pattern rewrite rules.
ONNX saved to /home/vd0034/shallow_learning/scripts/output_genmodel/gan/gan_epoch110.onnx
Epoch [111/1000]  Loss: 1.2842
Epoch [112/1000]  Loss: 1.3582
Epoch [113/1000]  Loss: 1.4002
Epoch [114/1000]  Loss: 1.3963
Epoch [115/1000]  Loss: 1.4199
Epoch [116/1000]  Loss: 1.4290
Epoch [117/1000]  Loss: 1.3921
Epoch [118/1000]  Loss: 1.4599
Epoch [119/1000]  Loss: 1.4315
/home/vd0034/shallow_learning/src/shallow_learning/deepl/gen_model.py:399: UserWarning: # 'dynamic_axes' is not recommended when dynamo=True, and may lead to 'torch._dynamo.exc.UserError: Constraints violated.' Supply the 'dynamic_shapes' argument instead if export is unsuccessful.
  torch.onnx.export(self.model.generator, dummy, filename,
W0417 16:14:37.319000 2921105 torch/onnx/_internal/exporter/_schemas.py:455] Missing annotation for parameter 'input' from (input, boxes, output_size: 'Sequence[int]', spatial_scale: 'float' = 1.0, sampling_ratio: 'int' = -1, aligned: 'bool' = False). Treating as an Input.
W0417 16:14:37.319000 2921105 torch/onnx/_internal/exporter/_schemas.py:455] Missing annotation for parameter 'boxes' from (input, boxes, output_size: 'Sequence[int]', spatial_scale: 'float' = 1.0, sampling_ratio: 'int' = -1, aligned: 'bool' = False). Treating as an Input.
W0417 16:14:37.320000 2921105 torch/onnx/_internal/exporter/_schemas.py:455] Missing annotation for parameter 'input' from (input, boxes, output_size: 'Sequence[int]', spatial_scale: 'float' = 1.0). Treating as an Input.
W0417 16:14:37.320000 2921105 torch/onnx/_internal/exporter/_schemas.py:455] Missing annotation for parameter 'boxes' from (input, boxes, output_size: 'Sequence[int]', spatial_scale: 'float' = 1.0). Treating as an Input.
/home/vd0034/.local/share/uv/python/cpython-3.12.12-linux-x86_64-gnu/lib/python3.12/copyreg.py:99: FutureWarning: `isinstance(treespec, LeafSpec)` is deprecated, use `isinstance(treespec, TreeSpec) and treespec.is_leaf()` instead.
  return cls.__new__(cls, *args)
Epoch [120/1000]  Loss: 1.5897
[torch.onnx] Obtain model graph for `GANGenerator([...]` with `torch.export.export(..., strict=False)`...
[torch.onnx] Obtain model graph for `GANGenerator([...]` with `torch.export.export(..., strict=False)`... ✅
[torch.onnx] Run decomposition...
[torch.onnx] Run decomposition... ✅
[torch.onnx] Translate the graph into ONNX...
[torch.onnx] Translate the graph into ONNX... ✅
Applied 3 of general pattern rewrite rules.
ONNX saved to /home/vd0034/shallow_learning/scripts/output_genmodel/gan/gan_epoch120.onnx
Epoch [121/1000]  Loss: 1.4431
Epoch [122/1000]  Loss: 1.4533
Epoch [123/1000]  Loss: 1.4839
Epoch [124/1000]  Loss: 1.4537
Epoch [125/1000]  Loss: 1.4535
Epoch [126/1000]  Loss: 1.5687
Epoch [127/1000]  Loss: 1.4481
Epoch [128/1000]  Loss: 1.4316
Epoch [129/1000]  Loss: 1.5612
/home/vd0034/shallow_learning/src/shallow_learning/deepl/gen_model.py:399: UserWarning: # 'dynamic_axes' is not recommended when dynamo=True, and may lead to 'torch._dynamo.exc.UserError: Constraints violated.' Supply the 'dynamic_shapes' argument instead if export is unsuccessful.
  torch.onnx.export(self.model.generator, dummy, filename,
W0417 16:14:55.683000 2921105 torch/onnx/_internal/exporter/_schemas.py:455] Missing annotation for parameter 'input' from (input, boxes, output_size: 'Sequence[int]', spatial_scale: 'float' = 1.0, sampling_ratio: 'int' = -1, aligned: 'bool' = False). Treating as an Input.
W0417 16:14:55.684000 2921105 torch/onnx/_internal/exporter/_schemas.py:455] Missing annotation for parameter 'boxes' from (input, boxes, output_size: 'Sequence[int]', spatial_scale: 'float' = 1.0, sampling_ratio: 'int' = -1, aligned: 'bool' = False). Treating as an Input.
W0417 16:14:55.684000 2921105 torch/onnx/_internal/exporter/_schemas.py:455] Missing annotation for parameter 'input' from (input, boxes, output_size: 'Sequence[int]', spatial_scale: 'float' = 1.0). Treating as an Input.
W0417 16:14:55.685000 2921105 torch/onnx/_internal/exporter/_schemas.py:455] Missing annotation for parameter 'boxes' from (input, boxes, output_size: 'Sequence[int]', spatial_scale: 'float' = 1.0). Treating as an Input.
/home/vd0034/.local/share/uv/python/cpython-3.12.12-linux-x86_64-gnu/lib/python3.12/copyreg.py:99: FutureWarning: `isinstance(treespec, LeafSpec)` is deprecated, use `isinstance(treespec, TreeSpec) and treespec.is_leaf()` instead.
  return cls.__new__(cls, *args)
Epoch [130/1000]  Loss: 1.4979
[torch.onnx] Obtain model graph for `GANGenerator([...]` with `torch.export.export(..., strict=False)`...
[torch.onnx] Obtain model graph for `GANGenerator([...]` with `torch.export.export(..., strict=False)`... ✅
[torch.onnx] Run decomposition...
[torch.onnx] Run decomposition... ✅
[torch.onnx] Translate the graph into ONNX...
[torch.onnx] Translate the graph into ONNX... ✅
Applied 3 of general pattern rewrite rules.
ONNX saved to /home/vd0034/shallow_learning/scripts/output_genmodel/gan/gan_epoch130.onnx
Epoch [131/1000]  Loss: 1.4940
Epoch [132/1000]  Loss: 1.5039
Epoch [133/1000]  Loss: 1.5134
Epoch [134/1000]  Loss: 1.5403
Epoch [135/1000]  Loss: 1.5768
Epoch [136/1000]  Loss: 1.4012
Epoch [137/1000]  Loss: 1.4940
Epoch [138/1000]  Loss: 1.5286
Epoch [139/1000]  Loss: 1.5684
/home/vd0034/shallow_learning/src/shallow_learning/deepl/gen_model.py:399: UserWarning: # 'dynamic_axes' is not recommended when dynamo=True, and may lead to 'torch._dynamo.exc.UserError: Constraints violated.' Supply the 'dynamic_shapes' argument instead if export is unsuccessful.
  torch.onnx.export(self.model.generator, dummy, filename,
W0417 16:15:17.729000 2921105 torch/onnx/_internal/exporter/_schemas.py:455] Missing annotation for parameter 'input' from (input, boxes, output_size: 'Sequence[int]', spatial_scale: 'float' = 1.0, sampling_ratio: 'int' = -1, aligned: 'bool' = False). Treating as an Input.
W0417 16:15:17.730000 2921105 torch/onnx/_internal/exporter/_schemas.py:455] Missing annotation for parameter 'boxes' from (input, boxes, output_size: 'Sequence[int]', spatial_scale: 'float' = 1.0, sampling_ratio: 'int' = -1, aligned: 'bool' = False). Treating as an Input.
W0417 16:15:17.730000 2921105 torch/onnx/_internal/exporter/_schemas.py:455] Missing annotation for parameter 'input' from (input, boxes, output_size: 'Sequence[int]', spatial_scale: 'float' = 1.0). Treating as an Input.
W0417 16:15:17.731000 2921105 torch/onnx/_internal/exporter/_schemas.py:455] Missing annotation for parameter 'boxes' from (input, boxes, output_size: 'Sequence[int]', spatial_scale: 'float' = 1.0). Treating as an Input.
/home/vd0034/.local/share/uv/python/cpython-3.12.12-linux-x86_64-gnu/lib/python3.12/copyreg.py:99: FutureWarning: `isinstance(treespec, LeafSpec)` is deprecated, use `isinstance(treespec, TreeSpec) and treespec.is_leaf()` instead.
  return cls.__new__(cls, *args)
Epoch [140/1000]  Loss: 1.5880
[torch.onnx] Obtain model graph for `GANGenerator([...]` with `torch.export.export(..., strict=False)`...
[torch.onnx] Obtain model graph for `GANGenerator([...]` with `torch.export.export(..., strict=False)`... ✅
[torch.onnx] Run decomposition...
[torch.onnx] Run decomposition... ✅
[torch.onnx] Translate the graph into ONNX...
[torch.onnx] Translate the graph into ONNX... ✅
Applied 3 of general pattern rewrite rules.
ONNX saved to /home/vd0034/shallow_learning/scripts/output_genmodel/gan/gan_epoch140.onnx
Epoch [141/1000]  Loss: 1.5409
Epoch [142/1000]  Loss: 1.5876
Epoch [143/1000]  Loss: 1.5815
Epoch [144/1000]  Loss: 1.5815
Epoch [145/1000]  Loss: 1.6067
Epoch [146/1000]  Loss: 1.5266
Epoch [147/1000]  Loss: 1.5520
Epoch [148/1000]  Loss: 1.5653
Epoch [149/1000]  Loss: 1.5995
/home/vd0034/shallow_learning/src/shallow_learning/deepl/gen_model.py:399: UserWarning: # 'dynamic_axes' is not recommended when dynamo=True, and may lead to 'torch._dynamo.exc.UserError: Constraints violated.' Supply the 'dynamic_shapes' argument instead if export is unsuccessful.
  torch.onnx.export(self.model.generator, dummy, filename,
W0417 16:15:36.333000 2921105 torch/onnx/_internal/exporter/_schemas.py:455] Missing annotation for parameter 'input' from (input, boxes, output_size: 'Sequence[int]', spatial_scale: 'float' = 1.0, sampling_ratio: 'int' = -1, aligned: 'bool' = False). Treating as an Input.
W0417 16:15:36.333000 2921105 torch/onnx/_internal/exporter/_schemas.py:455] Missing annotation for parameter 'boxes' from (input, boxes, output_size: 'Sequence[int]', spatial_scale: 'float' = 1.0, sampling_ratio: 'int' = -1, aligned: 'bool' = False). Treating as an Input.
W0417 16:15:36.334000 2921105 torch/onnx/_internal/exporter/_schemas.py:455] Missing annotation for parameter 'input' from (input, boxes, output_size: 'Sequence[int]', spatial_scale: 'float' = 1.0). Treating as an Input.
W0417 16:15:36.334000 2921105 torch/onnx/_internal/exporter/_schemas.py:455] Missing annotation for parameter 'boxes' from (input, boxes, output_size: 'Sequence[int]', spatial_scale: 'float' = 1.0). Treating as an Input.
/home/vd0034/.local/share/uv/python/cpython-3.12.12-linux-x86_64-gnu/lib/python3.12/copyreg.py:99: FutureWarning: `isinstance(treespec, LeafSpec)` is deprecated, use `isinstance(treespec, TreeSpec) and treespec.is_leaf()` instead.
  return cls.__new__(cls, *args)
Epoch [150/1000]  Loss: 1.6577
[torch.onnx] Obtain model graph for `GANGenerator([...]` with `torch.export.export(..., strict=False)`...
[torch.onnx] Obtain model graph for `GANGenerator([...]` with `torch.export.export(..., strict=False)`... ✅
[torch.onnx] Run decomposition...
[torch.onnx] Run decomposition... ✅
[torch.onnx] Translate the graph into ONNX...
[torch.onnx] Translate the graph into ONNX... ✅
Applied 3 of general pattern rewrite rules.
ONNX saved to /home/vd0034/shallow_learning/scripts/output_genmodel/gan/gan_epoch150.onnx
Epoch [151/1000]  Loss: 1.6636
Epoch [152/1000]  Loss: 1.6344
Epoch [153/1000]  Loss: 1.7574
Epoch [154/1000]  Loss: 1.6069
Epoch [155/1000]  Loss: 1.5734
Epoch [156/1000]  Loss: 1.5901
Epoch [157/1000]  Loss: 1.6416
Epoch [158/1000]  Loss: 1.6925
Epoch [159/1000]  Loss: 1.6715
/home/vd0034/shallow_learning/src/shallow_learning/deepl/gen_model.py:399: UserWarning: # 'dynamic_axes' is not recommended when dynamo=True, and may lead to 'torch._dynamo.exc.UserError: Constraints violated.' Supply the 'dynamic_shapes' argument instead if export is unsuccessful.
  torch.onnx.export(self.model.generator, dummy, filename,
W0417 16:15:54.366000 2921105 torch/onnx/_internal/exporter/_schemas.py:455] Missing annotation for parameter 'input' from (input, boxes, output_size: 'Sequence[int]', spatial_scale: 'float' = 1.0, sampling_ratio: 'int' = -1, aligned: 'bool' = False). Treating as an Input.
W0417 16:15:54.367000 2921105 torch/onnx/_internal/exporter/_schemas.py:455] Missing annotation for parameter 'boxes' from (input, boxes, output_size: 'Sequence[int]', spatial_scale: 'float' = 1.0, sampling_ratio: 'int' = -1, aligned: 'bool' = False). Treating as an Input.
W0417 16:15:54.368000 2921105 torch/onnx/_internal/exporter/_schemas.py:455] Missing annotation for parameter 'input' from (input, boxes, output_size: 'Sequence[int]', spatial_scale: 'float' = 1.0). Treating as an Input.
W0417 16:15:54.368000 2921105 torch/onnx/_internal/exporter/_schemas.py:455] Missing annotation for parameter 'boxes' from (input, boxes, output_size: 'Sequence[int]', spatial_scale: 'float' = 1.0). Treating as an Input.
/home/vd0034/.local/share/uv/python/cpython-3.12.12-linux-x86_64-gnu/lib/python3.12/copyreg.py:99: FutureWarning: `isinstance(treespec, LeafSpec)` is deprecated, use `isinstance(treespec, TreeSpec) and treespec.is_leaf()` instead.
  return cls.__new__(cls, *args)
Epoch [160/1000]  Loss: 1.6426
[torch.onnx] Obtain model graph for `GANGenerator([...]` with `torch.export.export(..., strict=False)`...
[torch.onnx] Obtain model graph for `GANGenerator([...]` with `torch.export.export(..., strict=False)`... ✅
[torch.onnx] Run decomposition...
[torch.onnx] Run decomposition... ✅
[torch.onnx] Translate the graph into ONNX...
[torch.onnx] Translate the graph into ONNX... ✅
Applied 3 of general pattern rewrite rules.
ONNX saved to /home/vd0034/shallow_learning/scripts/output_genmodel/gan/gan_epoch160.onnx
Epoch [161/1000]  Loss: 1.6987
Epoch [162/1000]  Loss: 1.6612
Epoch [163/1000]  Loss: 1.8336
Epoch [164/1000]  Loss: 1.5972
Epoch [165/1000]  Loss: 1.6311
Epoch [166/1000]  Loss: 1.6952
Epoch [167/1000]  Loss: 1.7398
Epoch [168/1000]  Loss: 1.7244
Epoch [169/1000]  Loss: 1.7054
/home/vd0034/shallow_learning/src/shallow_learning/deepl/gen_model.py:399: UserWarning: # 'dynamic_axes' is not recommended when dynamo=True, and may lead to 'torch._dynamo.exc.UserError: Constraints violated.' Supply the 'dynamic_shapes' argument instead if export is unsuccessful.
  torch.onnx.export(self.model.generator, dummy, filename,
W0417 16:16:14.539000 2921105 torch/onnx/_internal/exporter/_schemas.py:455] Missing annotation for parameter 'input' from (input, boxes, output_size: 'Sequence[int]', spatial_scale: 'float' = 1.0, sampling_ratio: 'int' = -1, aligned: 'bool' = False). Treating as an Input.
W0417 16:16:14.540000 2921105 torch/onnx/_internal/exporter/_schemas.py:455] Missing annotation for parameter 'boxes' from (input, boxes, output_size: 'Sequence[int]', spatial_scale: 'float' = 1.0, sampling_ratio: 'int' = -1, aligned: 'bool' = False). Treating as an Input.
W0417 16:16:14.540000 2921105 torch/onnx/_internal/exporter/_schemas.py:455] Missing annotation for parameter 'input' from (input, boxes, output_size: 'Sequence[int]', spatial_scale: 'float' = 1.0). Treating as an Input.
W0417 16:16:14.540000 2921105 torch/onnx/_internal/exporter/_schemas.py:455] Missing annotation for parameter 'boxes' from (input, boxes, output_size: 'Sequence[int]', spatial_scale: 'float' = 1.0). Treating as an Input.
/home/vd0034/.local/share/uv/python/cpython-3.12.12-linux-x86_64-gnu/lib/python3.12/copyreg.py:99: FutureWarning: `isinstance(treespec, LeafSpec)` is deprecated, use `isinstance(treespec, TreeSpec) and treespec.is_leaf()` instead.
  return cls.__new__(cls, *args)
Epoch [170/1000]  Loss: 1.7499
[torch.onnx] Obtain model graph for `GANGenerator([...]` with `torch.export.export(..., strict=False)`...
[torch.onnx] Obtain model graph for `GANGenerator([...]` with `torch.export.export(..., strict=False)`... ✅
[torch.onnx] Run decomposition...
[torch.onnx] Run decomposition... ✅
[torch.onnx] Translate the graph into ONNX...
[torch.onnx] Translate the graph into ONNX... ✅
Applied 3 of general pattern rewrite rules.
ONNX saved to /home/vd0034/shallow_learning/scripts/output_genmodel/gan/gan_epoch170.onnx
Epoch [171/1000]  Loss: 1.5190
Epoch [172/1000]  Loss: 1.5783
Epoch [173/1000]  Loss: 1.6083
Epoch [174/1000]  Loss: 1.6854
Epoch [175/1000]  Loss: 1.6908
Epoch [176/1000]  Loss: 1.7293
Epoch [177/1000]  Loss: 1.7446
Epoch [178/1000]  Loss: 1.7469
Epoch [179/1000]  Loss: 1.7548
/home/vd0034/shallow_learning/src/shallow_learning/deepl/gen_model.py:399: UserWarning: # 'dynamic_axes' is not recommended when dynamo=True, and may lead to 'torch._dynamo.exc.UserError: Constraints violated.' Supply the 'dynamic_shapes' argument instead if export is unsuccessful.
  torch.onnx.export(self.model.generator, dummy, filename,
W0417 16:16:33.029000 2921105 torch/onnx/_internal/exporter/_schemas.py:455] Missing annotation for parameter 'input' from (input, boxes, output_size: 'Sequence[int]', spatial_scale: 'float' = 1.0, sampling_ratio: 'int' = -1, aligned: 'bool' = False). Treating as an Input.
W0417 16:16:33.030000 2921105 torch/onnx/_internal/exporter/_schemas.py:455] Missing annotation for parameter 'boxes' from (input, boxes, output_size: 'Sequence[int]', spatial_scale: 'float' = 1.0, sampling_ratio: 'int' = -1, aligned: 'bool' = False). Treating as an Input.
W0417 16:16:33.031000 2921105 torch/onnx/_internal/exporter/_schemas.py:455] Missing annotation for parameter 'input' from (input, boxes, output_size: 'Sequence[int]', spatial_scale: 'float' = 1.0). Treating as an Input.
W0417 16:16:33.031000 2921105 torch/onnx/_internal/exporter/_schemas.py:455] Missing annotation for parameter 'boxes' from (input, boxes, output_size: 'Sequence[int]', spatial_scale: 'float' = 1.0). Treating as an Input.
/home/vd0034/.local/share/uv/python/cpython-3.12.12-linux-x86_64-gnu/lib/python3.12/copyreg.py:99: FutureWarning: `isinstance(treespec, LeafSpec)` is deprecated, use `isinstance(treespec, TreeSpec) and treespec.is_leaf()` instead.
  return cls.__new__(cls, *args)
Epoch [180/1000]  Loss: 1.7870
[torch.onnx] Obtain model graph for `GANGenerator([...]` with `torch.export.export(..., strict=False)`...
[torch.onnx] Obtain model graph for `GANGenerator([...]` with `torch.export.export(..., strict=False)`... ✅
[torch.onnx] Run decomposition...
[torch.onnx] Run decomposition... ✅
[torch.onnx] Translate the graph into ONNX...
[torch.onnx] Translate the graph into ONNX... ✅
Applied 3 of general pattern rewrite rules.
ONNX saved to /home/vd0034/shallow_learning/scripts/output_genmodel/gan/gan_epoch180.onnx
Epoch [181/1000]  Loss: 1.9807
Epoch [182/1000]  Loss: 1.5634
Epoch [183/1000]  Loss: 1.6005
Epoch [184/1000]  Loss: 1.6568
Epoch [185/1000]  Loss: 1.6896
Epoch [186/1000]  Loss: 1.7152
Epoch [187/1000]  Loss: 1.7404
Epoch [188/1000]  Loss: 1.7492
Epoch [189/1000]  Loss: 1.5568
/home/vd0034/shallow_learning/src/shallow_learning/deepl/gen_model.py:399: UserWarning: # 'dynamic_axes' is not recommended when dynamo=True, and may lead to 'torch._dynamo.exc.UserError: Constraints violated.' Supply the 'dynamic_shapes' argument instead if export is unsuccessful.
  torch.onnx.export(self.model.generator, dummy, filename,
W0417 16:16:53.943000 2921105 torch/onnx/_internal/exporter/_schemas.py:455] Missing annotation for parameter 'input' from (input, boxes, output_size: 'Sequence[int]', spatial_scale: 'float' = 1.0, sampling_ratio: 'int' = -1, aligned: 'bool' = False). Treating as an Input.
W0417 16:16:53.943000 2921105 torch/onnx/_internal/exporter/_schemas.py:455] Missing annotation for parameter 'boxes' from (input, boxes, output_size: 'Sequence[int]', spatial_scale: 'float' = 1.0, sampling_ratio: 'int' = -1, aligned: 'bool' = False). Treating as an Input.
W0417 16:16:53.944000 2921105 torch/onnx/_internal/exporter/_schemas.py:455] Missing annotation for parameter 'input' from (input, boxes, output_size: 'Sequence[int]', spatial_scale: 'float' = 1.0). Treating as an Input.
W0417 16:16:53.944000 2921105 torch/onnx/_internal/exporter/_schemas.py:455] Missing annotation for parameter 'boxes' from (input, boxes, output_size: 'Sequence[int]', spatial_scale: 'float' = 1.0). Treating as an Input.
/home/vd0034/.local/share/uv/python/cpython-3.12.12-linux-x86_64-gnu/lib/python3.12/copyreg.py:99: FutureWarning: `isinstance(treespec, LeafSpec)` is deprecated, use `isinstance(treespec, TreeSpec) and treespec.is_leaf()` instead.
  return cls.__new__(cls, *args)
Epoch [190/1000]  Loss: 1.5024
[torch.onnx] Obtain model graph for `GANGenerator([...]` with `torch.export.export(..., strict=False)`...
[torch.onnx] Obtain model graph for `GANGenerator([...]` with `torch.export.export(..., strict=False)`... ✅
[torch.onnx] Run decomposition...
[torch.onnx] Run decomposition... ✅
[torch.onnx] Translate the graph into ONNX...
[torch.onnx] Translate the graph into ONNX... ✅
Applied 3 of general pattern rewrite rules.
ONNX saved to /home/vd0034/shallow_learning/scripts/output_genmodel/gan/gan_epoch190.onnx
Epoch [191/1000]  Loss: 1.6480
Epoch [192/1000]  Loss: 1.6950
Epoch [193/1000]  Loss: 1.7719
Epoch [194/1000]  Loss: 1.7483
Epoch [195/1000]  Loss: 1.8167
Epoch [196/1000]  Loss: 1.7511
Epoch [197/1000]  Loss: 1.7990
Epoch [198/1000]  Loss: 1.8069
Epoch [199/1000]  Loss: 1.8743
/home/vd0034/shallow_learning/src/shallow_learning/deepl/gen_model.py:399: UserWarning: # 'dynamic_axes' is not recommended when dynamo=True, and may lead to 'torch._dynamo.exc.UserError: Constraints violated.' Supply the 'dynamic_shapes' argument instead if export is unsuccessful.
  torch.onnx.export(self.model.generator, dummy, filename,
W0417 16:17:12.401000 2921105 torch/onnx/_internal/exporter/_schemas.py:455] Missing annotation for parameter 'input' from (input, boxes, output_size: 'Sequence[int]', spatial_scale: 'float' = 1.0, sampling_ratio: 'int' = -1, aligned: 'bool' = False). Treating as an Input.
W0417 16:17:12.401000 2921105 torch/onnx/_internal/exporter/_schemas.py:455] Missing annotation for parameter 'boxes' from (input, boxes, output_size: 'Sequence[int]', spatial_scale: 'float' = 1.0, sampling_ratio: 'int' = -1, aligned: 'bool' = False). Treating as an Input.
W0417 16:17:12.402000 2921105 torch/onnx/_internal/exporter/_schemas.py:455] Missing annotation for parameter 'input' from (input, boxes, output_size: 'Sequence[int]', spatial_scale: 'float' = 1.0). Treating as an Input.
W0417 16:17:12.402000 2921105 torch/onnx/_internal/exporter/_schemas.py:455] Missing annotation for parameter 'boxes' from (input, boxes, output_size: 'Sequence[int]', spatial_scale: 'float' = 1.0). Treating as an Input.
/home/vd0034/.local/share/uv/python/cpython-3.12.12-linux-x86_64-gnu/lib/python3.12/copyreg.py:99: FutureWarning: `isinstance(treespec, LeafSpec)` is deprecated, use `isinstance(treespec, TreeSpec) and treespec.is_leaf()` instead.
  return cls.__new__(cls, *args)
Epoch [200/1000]  Loss: 1.8219
[torch.onnx] Obtain model graph for `GANGenerator([...]` with `torch.export.export(..., strict=False)`...
[torch.onnx] Obtain model graph for `GANGenerator([...]` with `torch.export.export(..., strict=False)`... ✅
[torch.onnx] Run decomposition...
[torch.onnx] Run decomposition... ✅
[torch.onnx] Translate the graph into ONNX...
[torch.onnx] Translate the graph into ONNX... ✅
Applied 3 of general pattern rewrite rules.
ONNX saved to /home/vd0034/shallow_learning/scripts/output_genmodel/gan/gan_epoch200.onnx
Epoch [201/1000]  Loss: 1.7792
Epoch [202/1000]  Loss: 1.9147
Epoch [203/1000]  Loss: 1.4170
Epoch [204/1000]  Loss: 1.5934
Epoch [205/1000]  Loss: 1.6948
Epoch [206/1000]  Loss: 1.6850
Epoch [207/1000]  Loss: 1.7841
Epoch [208/1000]  Loss: 1.7832
Epoch [209/1000]  Loss: 1.8875
/home/vd0034/shallow_learning/src/shallow_learning/deepl/gen_model.py:399: UserWarning: # 'dynamic_axes' is not recommended when dynamo=True, and may lead to 'torch._dynamo.exc.UserError: Constraints violated.' Supply the 'dynamic_shapes' argument instead if export is unsuccessful.
  torch.onnx.export(self.model.generator, dummy, filename,
W0417 16:17:34.016000 2921105 torch/onnx/_internal/exporter/_schemas.py:455] Missing annotation for parameter 'input' from (input, boxes, output_size: 'Sequence[int]', spatial_scale: 'float' = 1.0, sampling_ratio: 'int' = -1, aligned: 'bool' = False). Treating as an Input.
W0417 16:17:34.018000 2921105 torch/onnx/_internal/exporter/_schemas.py:455] Missing annotation for parameter 'boxes' from (input, boxes, output_size: 'Sequence[int]', spatial_scale: 'float' = 1.0, sampling_ratio: 'int' = -1, aligned: 'bool' = False). Treating as an Input.
W0417 16:17:34.018000 2921105 torch/onnx/_internal/exporter/_schemas.py:455] Missing annotation for parameter 'input' from (input, boxes, output_size: 'Sequence[int]', spatial_scale: 'float' = 1.0). Treating as an Input.
W0417 16:17:34.018000 2921105 torch/onnx/_internal/exporter/_schemas.py:455] Missing annotation for parameter 'boxes' from (input, boxes, output_size: 'Sequence[int]', spatial_scale: 'float' = 1.0). Treating as an Input.
/home/vd0034/.local/share/uv/python/cpython-3.12.12-linux-x86_64-gnu/lib/python3.12/copyreg.py:99: FutureWarning: `isinstance(treespec, LeafSpec)` is deprecated, use `isinstance(treespec, TreeSpec) and treespec.is_leaf()` instead.
  return cls.__new__(cls, *args)
Epoch [210/1000]  Loss: 1.8075
[torch.onnx] Obtain model graph for `GANGenerator([...]` with `torch.export.export(..., strict=False)`...
[torch.onnx] Obtain model graph for `GANGenerator([...]` with `torch.export.export(..., strict=False)`... ✅
[torch.onnx] Run decomposition...
[torch.onnx] Run decomposition... ✅
[torch.onnx] Translate the graph into ONNX...
[torch.onnx] Translate the graph into ONNX... ✅
Applied 3 of general pattern rewrite rules.
ONNX saved to /home/vd0034/shallow_learning/scripts/output_genmodel/gan/gan_epoch210.onnx
Epoch [211/1000]  Loss: 1.8543
Epoch [212/1000]  Loss: 1.8301
Epoch [213/1000]  Loss: 1.8772
Epoch [214/1000]  Loss: 1.9001
Epoch [215/1000]  Loss: 1.8565
Epoch [216/1000]  Loss: 1.8925
Epoch [217/1000]  Loss: 1.8843
Epoch [218/1000]  Loss: 1.8675
Epoch [219/1000]  Loss: 1.3992
/home/vd0034/shallow_learning/src/shallow_learning/deepl/gen_model.py:399: UserWarning: # 'dynamic_axes' is not recommended when dynamo=True, and may lead to 'torch._dynamo.exc.UserError: Constraints violated.' Supply the 'dynamic_shapes' argument instead if export is unsuccessful.
  torch.onnx.export(self.model.generator, dummy, filename,
W0417 16:17:53.241000 2921105 torch/onnx/_internal/exporter/_schemas.py:455] Missing annotation for parameter 'input' from (input, boxes, output_size: 'Sequence[int]', spatial_scale: 'float' = 1.0, sampling_ratio: 'int' = -1, aligned: 'bool' = False). Treating as an Input.
W0417 16:17:53.241000 2921105 torch/onnx/_internal/exporter/_schemas.py:455] Missing annotation for parameter 'boxes' from (input, boxes, output_size: 'Sequence[int]', spatial_scale: 'float' = 1.0, sampling_ratio: 'int' = -1, aligned: 'bool' = False). Treating as an Input.
W0417 16:17:53.242000 2921105 torch/onnx/_internal/exporter/_schemas.py:455] Missing annotation for parameter 'input' from (input, boxes, output_size: 'Sequence[int]', spatial_scale: 'float' = 1.0). Treating as an Input.
W0417 16:17:53.242000 2921105 torch/onnx/_internal/exporter/_schemas.py:455] Missing annotation for parameter 'boxes' from (input, boxes, output_size: 'Sequence[int]', spatial_scale: 'float' = 1.0). Treating as an Input.
/home/vd0034/.local/share/uv/python/cpython-3.12.12-linux-x86_64-gnu/lib/python3.12/copyreg.py:99: FutureWarning: `isinstance(treespec, LeafSpec)` is deprecated, use `isinstance(treespec, TreeSpec) and treespec.is_leaf()` instead.
  return cls.__new__(cls, *args)
Epoch [220/1000]  Loss: 1.5922
[torch.onnx] Obtain model graph for `GANGenerator([...]` with `torch.export.export(..., strict=False)`...
[torch.onnx] Obtain model graph for `GANGenerator([...]` with `torch.export.export(..., strict=False)`... ✅
[torch.onnx] Run decomposition...
[torch.onnx] Run decomposition... ✅
[torch.onnx] Translate the graph into ONNX...
[torch.onnx] Translate the graph into ONNX... ✅
Applied 3 of general pattern rewrite rules.
ONNX saved to /home/vd0034/shallow_learning/scripts/output_genmodel/gan/gan_epoch220.onnx
Epoch [221/1000]  Loss: 1.6635
Epoch [222/1000]  Loss: 1.7251
Epoch [223/1000]  Loss: 1.7789
Epoch [224/1000]  Loss: 1.7746
Epoch [225/1000]  Loss: 1.8616
Epoch [226/1000]  Loss: 1.8566
Epoch [227/1000]  Loss: 1.8901
Epoch [228/1000]  Loss: 1.8659
Epoch [229/1000]  Loss: 1.9042
/home/vd0034/shallow_learning/src/shallow_learning/deepl/gen_model.py:399: UserWarning: # 'dynamic_axes' is not recommended when dynamo=True, and may lead to 'torch._dynamo.exc.UserError: Constraints violated.' Supply the 'dynamic_shapes' argument instead if export is unsuccessful.
  torch.onnx.export(self.model.generator, dummy, filename,
W0417 16:18:11.488000 2921105 torch/onnx/_internal/exporter/_schemas.py:455] Missing annotation for parameter 'input' from (input, boxes, output_size: 'Sequence[int]', spatial_scale: 'float' = 1.0, sampling_ratio: 'int' = -1, aligned: 'bool' = False). Treating as an Input.
W0417 16:18:11.488000 2921105 torch/onnx/_internal/exporter/_schemas.py:455] Missing annotation for parameter 'boxes' from (input, boxes, output_size: 'Sequence[int]', spatial_scale: 'float' = 1.0, sampling_ratio: 'int' = -1, aligned: 'bool' = False). Treating as an Input.
W0417 16:18:11.489000 2921105 torch/onnx/_internal/exporter/_schemas.py:455] Missing annotation for parameter 'input' from (input, boxes, output_size: 'Sequence[int]', spatial_scale: 'float' = 1.0). Treating as an Input.
W0417 16:18:11.489000 2921105 torch/onnx/_internal/exporter/_schemas.py:455] Missing annotation for parameter 'boxes' from (input, boxes, output_size: 'Sequence[int]', spatial_scale: 'float' = 1.0). Treating as an Input.
/home/vd0034/.local/share/uv/python/cpython-3.12.12-linux-x86_64-gnu/lib/python3.12/copyreg.py:99: FutureWarning: `isinstance(treespec, LeafSpec)` is deprecated, use `isinstance(treespec, TreeSpec) and treespec.is_leaf()` instead.
  return cls.__new__(cls, *args)
Epoch [230/1000]  Loss: 1.5902
[torch.onnx] Obtain model graph for `GANGenerator([...]` with `torch.export.export(..., strict=False)`...
[torch.onnx] Obtain model graph for `GANGenerator([...]` with `torch.export.export(..., strict=False)`... ✅
[torch.onnx] Run decomposition...
[torch.onnx] Run decomposition... ✅
[torch.onnx] Translate the graph into ONNX...
[torch.onnx] Translate the graph into ONNX... ✅
Applied 3 of general pattern rewrite rules.
ONNX saved to /home/vd0034/shallow_learning/scripts/output_genmodel/gan/gan_epoch230.onnx
Epoch [231/1000]  Loss: 1.6530
Epoch [232/1000]  Loss: 1.8416
Epoch [233/1000]  Loss: 1.8594
Epoch [234/1000]  Loss: 1.9402
Epoch [235/1000]  Loss: 1.8907
Epoch [236/1000]  Loss: 1.9736
Epoch [237/1000]  Loss: 1.6858
Epoch [238/1000]  Loss: 1.8389
Epoch [239/1000]  Loss: 1.8114
/home/vd0034/shallow_learning/src/shallow_learning/deepl/gen_model.py:399: UserWarning: # 'dynamic_axes' is not recommended when dynamo=True, and may lead to 'torch._dynamo.exc.UserError: Constraints violated.' Supply the 'dynamic_shapes' argument instead if export is unsuccessful.
  torch.onnx.export(self.model.generator, dummy, filename,
W0417 16:18:32.770000 2921105 torch/onnx/_internal/exporter/_schemas.py:455] Missing annotation for parameter 'input' from (input, boxes, output_size: 'Sequence[int]', spatial_scale: 'float' = 1.0, sampling_ratio: 'int' = -1, aligned: 'bool' = False). Treating as an Input.
W0417 16:18:32.771000 2921105 torch/onnx/_internal/exporter/_schemas.py:455] Missing annotation for parameter 'boxes' from (input, boxes, output_size: 'Sequence[int]', spatial_scale: 'float' = 1.0, sampling_ratio: 'int' = -1, aligned: 'bool' = False). Treating as an Input.
W0417 16:18:32.771000 2921105 torch/onnx/_internal/exporter/_schemas.py:455] Missing annotation for parameter 'input' from (input, boxes, output_size: 'Sequence[int]', spatial_scale: 'float' = 1.0). Treating as an Input.
W0417 16:18:32.772000 2921105 torch/onnx/_internal/exporter/_schemas.py:455] Missing annotation for parameter 'boxes' from (input, boxes, output_size: 'Sequence[int]', spatial_scale: 'float' = 1.0). Treating as an Input.
/home/vd0034/.local/share/uv/python/cpython-3.12.12-linux-x86_64-gnu/lib/python3.12/copyreg.py:99: FutureWarning: `isinstance(treespec, LeafSpec)` is deprecated, use `isinstance(treespec, TreeSpec) and treespec.is_leaf()` instead.
  return cls.__new__(cls, *args)
Epoch [240/1000]  Loss: 1.9175
[torch.onnx] Obtain model graph for `GANGenerator([...]` with `torch.export.export(..., strict=False)`...
[torch.onnx] Obtain model graph for `GANGenerator([...]` with `torch.export.export(..., strict=False)`... ✅
[torch.onnx] Run decomposition...
[torch.onnx] Run decomposition... ✅
[torch.onnx] Translate the graph into ONNX...
[torch.onnx] Translate the graph into ONNX... ✅
Applied 3 of general pattern rewrite rules.
ONNX saved to /home/vd0034/shallow_learning/scripts/output_genmodel/gan/gan_epoch240.onnx
Epoch [241/1000]  Loss: 1.8970
Epoch [242/1000]  Loss: 1.9265
Epoch [243/1000]  Loss: 1.8971
Epoch [244/1000]  Loss: 1.9184
Epoch [245/1000]  Loss: 1.9110
Epoch [246/1000]  Loss: 1.9103
Epoch [247/1000]  Loss: 1.9375
Epoch [248/1000]  Loss: 1.9373
Epoch [249/1000]  Loss: 1.9052
/home/vd0034/shallow_learning/src/shallow_learning/deepl/gen_model.py:399: UserWarning: # 'dynamic_axes' is not recommended when dynamo=True, and may lead to 'torch._dynamo.exc.UserError: Constraints violated.' Supply the 'dynamic_shapes' argument instead if export is unsuccessful.
  torch.onnx.export(self.model.generator, dummy, filename,
W0417 16:18:51.436000 2921105 torch/onnx/_internal/exporter/_schemas.py:455] Missing annotation for parameter 'input' from (input, boxes, output_size: 'Sequence[int]', spatial_scale: 'float' = 1.0, sampling_ratio: 'int' = -1, aligned: 'bool' = False). Treating as an Input.
W0417 16:18:51.438000 2921105 torch/onnx/_internal/exporter/_schemas.py:455] Missing annotation for parameter 'boxes' from (input, boxes, output_size: 'Sequence[int]', spatial_scale: 'float' = 1.0, sampling_ratio: 'int' = -1, aligned: 'bool' = False). Treating as an Input.
W0417 16:18:51.438000 2921105 torch/onnx/_internal/exporter/_schemas.py:455] Missing annotation for parameter 'input' from (input, boxes, output_size: 'Sequence[int]', spatial_scale: 'float' = 1.0). Treating as an Input.
W0417 16:18:51.438000 2921105 torch/onnx/_internal/exporter/_schemas.py:455] Missing annotation for parameter 'boxes' from (input, boxes, output_size: 'Sequence[int]', spatial_scale: 'float' = 1.0). Treating as an Input.
/home/vd0034/.local/share/uv/python/cpython-3.12.12-linux-x86_64-gnu/lib/python3.12/copyreg.py:99: FutureWarning: `isinstance(treespec, LeafSpec)` is deprecated, use `isinstance(treespec, TreeSpec) and treespec.is_leaf()` instead.
  return cls.__new__(cls, *args)
Epoch [250/1000]  Loss: 1.3347
[torch.onnx] Obtain model graph for `GANGenerator([...]` with `torch.export.export(..., strict=False)`...
[torch.onnx] Obtain model graph for `GANGenerator([...]` with `torch.export.export(..., strict=False)`... ✅
[torch.onnx] Run decomposition...
[torch.onnx] Run decomposition... ✅
[torch.onnx] Translate the graph into ONNX...
[torch.onnx] Translate the graph into ONNX... ✅
Applied 3 of general pattern rewrite rules.
ONNX saved to /home/vd0034/shallow_learning/scripts/output_genmodel/gan/gan_epoch250.onnx
Epoch [251/1000]  Loss: 1.8128
Epoch [252/1000]  Loss: 1.8054
Epoch [253/1000]  Loss: 1.8451
Epoch [254/1000]  Loss: 1.8721
Epoch [255/1000]  Loss: 1.8665
Epoch [256/1000]  Loss: 1.9044
Epoch [257/1000]  Loss: 1.7660
Epoch [258/1000]  Loss: 1.8510
Epoch [259/1000]  Loss: 1.9446
/home/vd0034/shallow_learning/src/shallow_learning/deepl/gen_model.py:399: UserWarning: # 'dynamic_axes' is not recommended when dynamo=True, and may lead to 'torch._dynamo.exc.UserError: Constraints violated.' Supply the 'dynamic_shapes' argument instead if export is unsuccessful.
  torch.onnx.export(self.model.generator, dummy, filename,
W0417 16:19:12.821000 2921105 torch/onnx/_internal/exporter/_schemas.py:455] Missing annotation for parameter 'input' from (input, boxes, output_size: 'Sequence[int]', spatial_scale: 'float' = 1.0, sampling_ratio: 'int' = -1, aligned: 'bool' = False). Treating as an Input.
W0417 16:19:12.821000 2921105 torch/onnx/_internal/exporter/_schemas.py:455] Missing annotation for parameter 'boxes' from (input, boxes, output_size: 'Sequence[int]', spatial_scale: 'float' = 1.0, sampling_ratio: 'int' = -1, aligned: 'bool' = False). Treating as an Input.
W0417 16:19:12.822000 2921105 torch/onnx/_internal/exporter/_schemas.py:455] Missing annotation for parameter 'input' from (input, boxes, output_size: 'Sequence[int]', spatial_scale: 'float' = 1.0). Treating as an Input.
W0417 16:19:12.822000 2921105 torch/onnx/_internal/exporter/_schemas.py:455] Missing annotation for parameter 'boxes' from (input, boxes, output_size: 'Sequence[int]', spatial_scale: 'float' = 1.0). Treating as an Input.
/home/vd0034/.local/share/uv/python/cpython-3.12.12-linux-x86_64-gnu/lib/python3.12/copyreg.py:99: FutureWarning: `isinstance(treespec, LeafSpec)` is deprecated, use `isinstance(treespec, TreeSpec) and treespec.is_leaf()` instead.
  return cls.__new__(cls, *args)
Epoch [260/1000]  Loss: 1.9309
[torch.onnx] Obtain model graph for `GANGenerator([...]` with `torch.export.export(..., strict=False)`...
[torch.onnx] Obtain model graph for `GANGenerator([...]` with `torch.export.export(..., strict=False)`... ✅
[torch.onnx] Run decomposition...
[torch.onnx] Run decomposition... ✅
[torch.onnx] Translate the graph into ONNX...
[torch.onnx] Translate the graph into ONNX... ✅
Applied 3 of general pattern rewrite rules.
ONNX saved to /home/vd0034/shallow_learning/scripts/output_genmodel/gan/gan_epoch260.onnx
Epoch [261/1000]  Loss: 1.9078
Epoch [262/1000]  Loss: 1.9511
Epoch [263/1000]  Loss: 1.9608
Epoch [264/1000]  Loss: 1.9234
Epoch [265/1000]  Loss: 1.9554
Epoch [266/1000]  Loss: 1.9438
Epoch [267/1000]  Loss: 1.9402
Epoch [268/1000]  Loss: 2.1975
Epoch [269/1000]  Loss: 1.6361
/home/vd0034/shallow_learning/src/shallow_learning/deepl/gen_model.py:399: UserWarning: # 'dynamic_axes' is not recommended when dynamo=True, and may lead to 'torch._dynamo.exc.UserError: Constraints violated.' Supply the 'dynamic_shapes' argument instead if export is unsuccessful.
  torch.onnx.export(self.model.generator, dummy, filename,
W0417 16:19:31.767000 2921105 torch/onnx/_internal/exporter/_schemas.py:455] Missing annotation for parameter 'input' from (input, boxes, output_size: 'Sequence[int]', spatial_scale: 'float' = 1.0, sampling_ratio: 'int' = -1, aligned: 'bool' = False). Treating as an Input.
W0417 16:19:31.768000 2921105 torch/onnx/_internal/exporter/_schemas.py:455] Missing annotation for parameter 'boxes' from (input, boxes, output_size: 'Sequence[int]', spatial_scale: 'float' = 1.0, sampling_ratio: 'int' = -1, aligned: 'bool' = False). Treating as an Input.
W0417 16:19:31.768000 2921105 torch/onnx/_internal/exporter/_schemas.py:455] Missing annotation for parameter 'input' from (input, boxes, output_size: 'Sequence[int]', spatial_scale: 'float' = 1.0). Treating as an Input.
W0417 16:19:31.768000 2921105 torch/onnx/_internal/exporter/_schemas.py:455] Missing annotation for parameter 'boxes' from (input, boxes, output_size: 'Sequence[int]', spatial_scale: 'float' = 1.0). Treating as an Input.
/home/vd0034/.local/share/uv/python/cpython-3.12.12-linux-x86_64-gnu/lib/python3.12/copyreg.py:99: FutureWarning: `isinstance(treespec, LeafSpec)` is deprecated, use `isinstance(treespec, TreeSpec) and treespec.is_leaf()` instead.
  return cls.__new__(cls, *args)
Epoch [270/1000]  Loss: 1.7909
[torch.onnx] Obtain model graph for `GANGenerator([...]` with `torch.export.export(..., strict=False)`...
[torch.onnx] Obtain model graph for `GANGenerator([...]` with `torch.export.export(..., strict=False)`... ✅
[torch.onnx] Run decomposition...
[torch.onnx] Run decomposition... ✅
[torch.onnx] Translate the graph into ONNX...
[torch.onnx] Translate the graph into ONNX... ✅
Applied 3 of general pattern rewrite rules.
ONNX saved to /home/vd0034/shallow_learning/scripts/output_genmodel/gan/gan_epoch270.onnx
Epoch [271/1000]  Loss: 1.8321
Epoch [272/1000]  Loss: 1.9349
Epoch [273/1000]  Loss: 1.9337
Epoch [274/1000]  Loss: 1.7056
Epoch [275/1000]  Loss: 1.8275
Epoch [276/1000]  Loss: 1.8791
Epoch [277/1000]  Loss: 1.9227
Epoch [278/1000]  Loss: 1.9211
Epoch [279/1000]  Loss: 1.9682
/home/vd0034/shallow_learning/src/shallow_learning/deepl/gen_model.py:399: UserWarning: # 'dynamic_axes' is not recommended when dynamo=True, and may lead to 'torch._dynamo.exc.UserError: Constraints violated.' Supply the 'dynamic_shapes' argument instead if export is unsuccessful.
  torch.onnx.export(self.model.generator, dummy, filename,
W0417 16:19:50.362000 2921105 torch/onnx/_internal/exporter/_schemas.py:455] Missing annotation for parameter 'input' from (input, boxes, output_size: 'Sequence[int]', spatial_scale: 'float' = 1.0, sampling_ratio: 'int' = -1, aligned: 'bool' = False). Treating as an Input.
W0417 16:19:50.363000 2921105 torch/onnx/_internal/exporter/_schemas.py:455] Missing annotation for parameter 'boxes' from (input, boxes, output_size: 'Sequence[int]', spatial_scale: 'float' = 1.0, sampling_ratio: 'int' = -1, aligned: 'bool' = False). Treating as an Input.
W0417 16:19:50.363000 2921105 torch/onnx/_internal/exporter/_schemas.py:455] Missing annotation for parameter 'input' from (input, boxes, output_size: 'Sequence[int]', spatial_scale: 'float' = 1.0). Treating as an Input.
W0417 16:19:50.363000 2921105 torch/onnx/_internal/exporter/_schemas.py:455] Missing annotation for parameter 'boxes' from (input, boxes, output_size: 'Sequence[int]', spatial_scale: 'float' = 1.0). Treating as an Input.
/home/vd0034/.local/share/uv/python/cpython-3.12.12-linux-x86_64-gnu/lib/python3.12/copyreg.py:99: FutureWarning: `isinstance(treespec, LeafSpec)` is deprecated, use `isinstance(treespec, TreeSpec) and treespec.is_leaf()` instead.
  return cls.__new__(cls, *args)
Epoch [280/1000]  Loss: 1.9772
[torch.onnx] Obtain model graph for `GANGenerator([...]` with `torch.export.export(..., strict=False)`...
[torch.onnx] Obtain model graph for `GANGenerator([...]` with `torch.export.export(..., strict=False)`... ✅
[torch.onnx] Run decomposition...
[torch.onnx] Run decomposition... ✅
[torch.onnx] Translate the graph into ONNX...
[torch.onnx] Translate the graph into ONNX... ✅
Applied 3 of general pattern rewrite rules.
ONNX saved to /home/vd0034/shallow_learning/scripts/output_genmodel/gan/gan_epoch280.onnx
Epoch [281/1000]  Loss: 1.9578
Epoch [282/1000]  Loss: 1.9952
Epoch [283/1000]  Loss: 1.7853
Epoch [284/1000]  Loss: 1.8982
Epoch [285/1000]  Loss: 1.9047
Epoch [286/1000]  Loss: 1.9596
Epoch [287/1000]  Loss: 2.0331
Epoch [288/1000]  Loss: 2.0317
Epoch [289/1000]  Loss: 2.0444
/home/vd0034/shallow_learning/src/shallow_learning/deepl/gen_model.py:399: UserWarning: # 'dynamic_axes' is not recommended when dynamo=True, and may lead to 'torch._dynamo.exc.UserError: Constraints violated.' Supply the 'dynamic_shapes' argument instead if export is unsuccessful.
  torch.onnx.export(self.model.generator, dummy, filename,
W0417 16:20:11.233000 2921105 torch/onnx/_internal/exporter/_schemas.py:455] Missing annotation for parameter 'input' from (input, boxes, output_size: 'Sequence[int]', spatial_scale: 'float' = 1.0, sampling_ratio: 'int' = -1, aligned: 'bool' = False). Treating as an Input.
W0417 16:20:11.235000 2921105 torch/onnx/_internal/exporter/_schemas.py:455] Missing annotation for parameter 'boxes' from (input, boxes, output_size: 'Sequence[int]', spatial_scale: 'float' = 1.0, sampling_ratio: 'int' = -1, aligned: 'bool' = False). Treating as an Input.
W0417 16:20:11.235000 2921105 torch/onnx/_internal/exporter/_schemas.py:455] Missing annotation for parameter 'input' from (input, boxes, output_size: 'Sequence[int]', spatial_scale: 'float' = 1.0). Treating as an Input.
W0417 16:20:11.235000 2921105 torch/onnx/_internal/exporter/_schemas.py:455] Missing annotation for parameter 'boxes' from (input, boxes, output_size: 'Sequence[int]', spatial_scale: 'float' = 1.0). Treating as an Input.
/home/vd0034/.local/share/uv/python/cpython-3.12.12-linux-x86_64-gnu/lib/python3.12/copyreg.py:99: FutureWarning: `isinstance(treespec, LeafSpec)` is deprecated, use `isinstance(treespec, TreeSpec) and treespec.is_leaf()` instead.
  return cls.__new__(cls, *args)
Epoch [290/1000]  Loss: 2.0645
[torch.onnx] Obtain model graph for `GANGenerator([...]` with `torch.export.export(..., strict=False)`...
[torch.onnx] Obtain model graph for `GANGenerator([...]` with `torch.export.export(..., strict=False)`... ✅
[torch.onnx] Run decomposition...
[torch.onnx] Run decomposition... ✅
[torch.onnx] Translate the graph into ONNX...
[torch.onnx] Translate the graph into ONNX... ✅
Applied 3 of general pattern rewrite rules.
ONNX saved to /home/vd0034/shallow_learning/scripts/output_genmodel/gan/gan_epoch290.onnx
Epoch [291/1000]  Loss: 2.0310
Epoch [292/1000]  Loss: 2.0138
Epoch [293/1000]  Loss: 2.1195
Epoch [294/1000]  Loss: 2.0072
Epoch [295/1000]  Loss: 2.0307
Epoch [296/1000]  Loss: 1.9735
Epoch [297/1000]  Loss: 1.5957
Epoch [298/1000]  Loss: 1.7549
Epoch [299/1000]  Loss: 1.8678
/home/vd0034/shallow_learning/src/shallow_learning/deepl/gen_model.py:399: UserWarning: # 'dynamic_axes' is not recommended when dynamo=True, and may lead to 'torch._dynamo.exc.UserError: Constraints violated.' Supply the 'dynamic_shapes' argument instead if export is unsuccessful.
  torch.onnx.export(self.model.generator, dummy, filename,
W0417 16:20:30.161000 2921105 torch/onnx/_internal/exporter/_schemas.py:455] Missing annotation for parameter 'input' from (input, boxes, output_size: 'Sequence[int]', spatial_scale: 'float' = 1.0, sampling_ratio: 'int' = -1, aligned: 'bool' = False). Treating as an Input.
W0417 16:20:30.162000 2921105 torch/onnx/_internal/exporter/_schemas.py:455] Missing annotation for parameter 'boxes' from (input, boxes, output_size: 'Sequence[int]', spatial_scale: 'float' = 1.0, sampling_ratio: 'int' = -1, aligned: 'bool' = False). Treating as an Input.
W0417 16:20:30.162000 2921105 torch/onnx/_internal/exporter/_schemas.py:455] Missing annotation for parameter 'input' from (input, boxes, output_size: 'Sequence[int]', spatial_scale: 'float' = 1.0). Treating as an Input.
W0417 16:20:30.163000 2921105 torch/onnx/_internal/exporter/_schemas.py:455] Missing annotation for parameter 'boxes' from (input, boxes, output_size: 'Sequence[int]', spatial_scale: 'float' = 1.0). Treating as an Input.
/home/vd0034/.local/share/uv/python/cpython-3.12.12-linux-x86_64-gnu/lib/python3.12/copyreg.py:99: FutureWarning: `isinstance(treespec, LeafSpec)` is deprecated, use `isinstance(treespec, TreeSpec) and treespec.is_leaf()` instead.
  return cls.__new__(cls, *args)
Epoch [300/1000]  Loss: 1.9248
[torch.onnx] Obtain model graph for `GANGenerator([...]` with `torch.export.export(..., strict=False)`...
[torch.onnx] Obtain model graph for `GANGenerator([...]` with `torch.export.export(..., strict=False)`... ✅
[torch.onnx] Run decomposition...
[torch.onnx] Run decomposition... ✅
[torch.onnx] Translate the graph into ONNX...
[torch.onnx] Translate the graph into ONNX... ✅
Applied 3 of general pattern rewrite rules.
ONNX saved to /home/vd0034/shallow_learning/scripts/output_genmodel/gan/gan_epoch300.onnx
Epoch [301/1000]  Loss: 1.9222
Epoch [302/1000]  Loss: 2.0063
Epoch [303/1000]  Loss: 1.9895
Epoch [304/1000]  Loss: 2.0354
Epoch [305/1000]  Loss: 1.7831
Epoch [306/1000]  Loss: 1.8702
Epoch [307/1000]  Loss: 1.9134
Epoch [308/1000]  Loss: 1.9502
Epoch [309/1000]  Loss: 2.0346
/home/vd0034/shallow_learning/src/shallow_learning/deepl/gen_model.py:399: UserWarning: # 'dynamic_axes' is not recommended when dynamo=True, and may lead to 'torch._dynamo.exc.UserError: Constraints violated.' Supply the 'dynamic_shapes' argument instead if export is unsuccessful.
  torch.onnx.export(self.model.generator, dummy, filename,
W0417 16:20:51.936000 2921105 torch/onnx/_internal/exporter/_schemas.py:455] Missing annotation for parameter 'input' from (input, boxes, output_size: 'Sequence[int]', spatial_scale: 'float' = 1.0, sampling_ratio: 'int' = -1, aligned: 'bool' = False). Treating as an Input.
W0417 16:20:51.937000 2921105 torch/onnx/_internal/exporter/_schemas.py:455] Missing annotation for parameter 'boxes' from (input, boxes, output_size: 'Sequence[int]', spatial_scale: 'float' = 1.0, sampling_ratio: 'int' = -1, aligned: 'bool' = False). Treating as an Input.
W0417 16:20:51.938000 2921105 torch/onnx/_internal/exporter/_schemas.py:455] Missing annotation for parameter 'input' from (input, boxes, output_size: 'Sequence[int]', spatial_scale: 'float' = 1.0). Treating as an Input.
W0417 16:20:51.938000 2921105 torch/onnx/_internal/exporter/_schemas.py:455] Missing annotation for parameter 'boxes' from (input, boxes, output_size: 'Sequence[int]', spatial_scale: 'float' = 1.0). Treating as an Input.
/home/vd0034/.local/share/uv/python/cpython-3.12.12-linux-x86_64-gnu/lib/python3.12/copyreg.py:99: FutureWarning: `isinstance(treespec, LeafSpec)` is deprecated, use `isinstance(treespec, TreeSpec) and treespec.is_leaf()` instead.
  return cls.__new__(cls, *args)
Epoch [310/1000]  Loss: 2.0469
[torch.onnx] Obtain model graph for `GANGenerator([...]` with `torch.export.export(..., strict=False)`...
[torch.onnx] Obtain model graph for `GANGenerator([...]` with `torch.export.export(..., strict=False)`... ✅
[torch.onnx] Run decomposition...
[torch.onnx] Run decomposition... ✅
[torch.onnx] Translate the graph into ONNX...
[torch.onnx] Translate the graph into ONNX... ✅
Applied 3 of general pattern rewrite rules.
ONNX saved to /home/vd0034/shallow_learning/scripts/output_genmodel/gan/gan_epoch310.onnx
Epoch [311/1000]  Loss: 2.0785
Epoch [312/1000]  Loss: 2.0911
Epoch [313/1000]  Loss: 2.0461
Epoch [314/1000]  Loss: 2.1161
Epoch [315/1000]  Loss: 2.0830
Epoch [316/1000]  Loss: 1.8655
Epoch [317/1000]  Loss: 1.9944
Epoch [318/1000]  Loss: 1.9762
Epoch [319/1000]  Loss: 2.0629
/home/vd0034/shallow_learning/src/shallow_learning/deepl/gen_model.py:399: UserWarning: # 'dynamic_axes' is not recommended when dynamo=True, and may lead to 'torch._dynamo.exc.UserError: Constraints violated.' Supply the 'dynamic_shapes' argument instead if export is unsuccessful.
  torch.onnx.export(self.model.generator, dummy, filename,
W0417 16:21:11.189000 2921105 torch/onnx/_internal/exporter/_schemas.py:455] Missing annotation for parameter 'input' from (input, boxes, output_size: 'Sequence[int]', spatial_scale: 'float' = 1.0, sampling_ratio: 'int' = -1, aligned: 'bool' = False). Treating as an Input.
W0417 16:21:11.190000 2921105 torch/onnx/_internal/exporter/_schemas.py:455] Missing annotation for parameter 'boxes' from (input, boxes, output_size: 'Sequence[int]', spatial_scale: 'float' = 1.0, sampling_ratio: 'int' = -1, aligned: 'bool' = False). Treating as an Input.
W0417 16:21:11.190000 2921105 torch/onnx/_internal/exporter/_schemas.py:455] Missing annotation for parameter 'input' from (input, boxes, output_size: 'Sequence[int]', spatial_scale: 'float' = 1.0). Treating as an Input.
W0417 16:21:11.190000 2921105 torch/onnx/_internal/exporter/_schemas.py:455] Missing annotation for parameter 'boxes' from (input, boxes, output_size: 'Sequence[int]', spatial_scale: 'float' = 1.0). Treating as an Input.
/home/vd0034/.local/share/uv/python/cpython-3.12.12-linux-x86_64-gnu/lib/python3.12/copyreg.py:99: FutureWarning: `isinstance(treespec, LeafSpec)` is deprecated, use `isinstance(treespec, TreeSpec) and treespec.is_leaf()` instead.
  return cls.__new__(cls, *args)
Epoch [320/1000]  Loss: 2.0629
[torch.onnx] Obtain model graph for `GANGenerator([...]` with `torch.export.export(..., strict=False)`...
[torch.onnx] Obtain model graph for `GANGenerator([...]` with `torch.export.export(..., strict=False)`... ✅
[torch.onnx] Run decomposition...
[torch.onnx] Run decomposition... ✅
[torch.onnx] Translate the graph into ONNX...
[torch.onnx] Translate the graph into ONNX... ✅
Applied 3 of general pattern rewrite rules.
ONNX saved to /home/vd0034/shallow_learning/scripts/output_genmodel/gan/gan_epoch320.onnx
Epoch [321/1000]  Loss: 2.0638
Epoch [322/1000]  Loss: 2.0262
Epoch [323/1000]  Loss: 2.1212
Epoch [324/1000]  Loss: 2.1489
Epoch [325/1000]  Loss: 2.1082
Epoch [326/1000]  Loss: 2.1402
Epoch [327/1000]  Loss: 2.1096
Epoch [328/1000]  Loss: 2.1474
Epoch [329/1000]  Loss: 1.8380
/home/vd0034/shallow_learning/src/shallow_learning/deepl/gen_model.py:399: UserWarning: # 'dynamic_axes' is not recommended when dynamo=True, and may lead to 'torch._dynamo.exc.UserError: Constraints violated.' Supply the 'dynamic_shapes' argument instead if export is unsuccessful.
  torch.onnx.export(self.model.generator, dummy, filename,
W0417 16:21:29.492000 2921105 torch/onnx/_internal/exporter/_schemas.py:455] Missing annotation for parameter 'input' from (input, boxes, output_size: 'Sequence[int]', spatial_scale: 'float' = 1.0, sampling_ratio: 'int' = -1, aligned: 'bool' = False). Treating as an Input.
W0417 16:21:29.494000 2921105 torch/onnx/_internal/exporter/_schemas.py:455] Missing annotation for parameter 'boxes' from (input, boxes, output_size: 'Sequence[int]', spatial_scale: 'float' = 1.0, sampling_ratio: 'int' = -1, aligned: 'bool' = False). Treating as an Input.
W0417 16:21:29.494000 2921105 torch/onnx/_internal/exporter/_schemas.py:455] Missing annotation for parameter 'input' from (input, boxes, output_size: 'Sequence[int]', spatial_scale: 'float' = 1.0). Treating as an Input.
W0417 16:21:29.495000 2921105 torch/onnx/_internal/exporter/_schemas.py:455] Missing annotation for parameter 'boxes' from (input, boxes, output_size: 'Sequence[int]', spatial_scale: 'float' = 1.0). Treating as an Input.
/home/vd0034/.local/share/uv/python/cpython-3.12.12-linux-x86_64-gnu/lib/python3.12/copyreg.py:99: FutureWarning: `isinstance(treespec, LeafSpec)` is deprecated, use `isinstance(treespec, TreeSpec) and treespec.is_leaf()` instead.
  return cls.__new__(cls, *args)
Epoch [330/1000]  Loss: 1.6857
[torch.onnx] Obtain model graph for `GANGenerator([...]` with `torch.export.export(..., strict=False)`...
[torch.onnx] Obtain model graph for `GANGenerator([...]` with `torch.export.export(..., strict=False)`... ✅
[torch.onnx] Run decomposition...
[torch.onnx] Run decomposition... ✅
[torch.onnx] Translate the graph into ONNX...
[torch.onnx] Translate the graph into ONNX... ✅
Applied 3 of general pattern rewrite rules.
ONNX saved to /home/vd0034/shallow_learning/scripts/output_genmodel/gan/gan_epoch330.onnx
Epoch [331/1000]  Loss: 1.9249
Epoch [332/1000]  Loss: 1.9579
Epoch [333/1000]  Loss: 2.0460
Epoch [334/1000]  Loss: 2.0361
Epoch [335/1000]  Loss: 2.1155
Epoch [336/1000]  Loss: 2.0434
Epoch [337/1000]  Loss: 2.1176
Epoch [338/1000]  Loss: 2.1019
Epoch [339/1000]  Loss: 2.1597
/home/vd0034/shallow_learning/src/shallow_learning/deepl/gen_model.py:399: UserWarning: # 'dynamic_axes' is not recommended when dynamo=True, and may lead to 'torch._dynamo.exc.UserError: Constraints violated.' Supply the 'dynamic_shapes' argument instead if export is unsuccessful.
  torch.onnx.export(self.model.generator, dummy, filename,
W0417 16:21:51.793000 2921105 torch/onnx/_internal/exporter/_schemas.py:455] Missing annotation for parameter 'input' from (input, boxes, output_size: 'Sequence[int]', spatial_scale: 'float' = 1.0, sampling_ratio: 'int' = -1, aligned: 'bool' = False). Treating as an Input.
W0417 16:21:51.794000 2921105 torch/onnx/_internal/exporter/_schemas.py:455] Missing annotation for parameter 'boxes' from (input, boxes, output_size: 'Sequence[int]', spatial_scale: 'float' = 1.0, sampling_ratio: 'int' = -1, aligned: 'bool' = False). Treating as an Input.
W0417 16:21:51.794000 2921105 torch/onnx/_internal/exporter/_schemas.py:455] Missing annotation for parameter 'input' from (input, boxes, output_size: 'Sequence[int]', spatial_scale: 'float' = 1.0). Treating as an Input.
W0417 16:21:51.795000 2921105 torch/onnx/_internal/exporter/_schemas.py:455] Missing annotation for parameter 'boxes' from (input, boxes, output_size: 'Sequence[int]', spatial_scale: 'float' = 1.0). Treating as an Input.
/home/vd0034/.local/share/uv/python/cpython-3.12.12-linux-x86_64-gnu/lib/python3.12/copyreg.py:99: FutureWarning: `isinstance(treespec, LeafSpec)` is deprecated, use `isinstance(treespec, TreeSpec) and treespec.is_leaf()` instead.
  return cls.__new__(cls, *args)
Epoch [340/1000]  Loss: 2.4584
[torch.onnx] Obtain model graph for `GANGenerator([...]` with `torch.export.export(..., strict=False)`...
[torch.onnx] Obtain model graph for `GANGenerator([...]` with `torch.export.export(..., strict=False)`... ✅
[torch.onnx] Run decomposition...
[torch.onnx] Run decomposition... ✅
[torch.onnx] Translate the graph into ONNX...
[torch.onnx] Translate the graph into ONNX... ✅
Applied 3 of general pattern rewrite rules.
ONNX saved to /home/vd0034/shallow_learning/scripts/output_genmodel/gan/gan_epoch340.onnx
Epoch [341/1000]  Loss: 1.6573
Epoch [342/1000]  Loss: 1.8570
Epoch [343/1000]  Loss: 1.9128
Epoch [344/1000]  Loss: 1.9577
Epoch [345/1000]  Loss: 2.0096
Epoch [346/1000]  Loss: 2.0862
Epoch [347/1000]  Loss: 2.1218
Epoch [348/1000]  Loss: 2.1361
Epoch [349/1000]  Loss: 2.1967
/home/vd0034/shallow_learning/src/shallow_learning/deepl/gen_model.py:399: UserWarning: # 'dynamic_axes' is not recommended when dynamo=True, and may lead to 'torch._dynamo.exc.UserError: Constraints violated.' Supply the 'dynamic_shapes' argument instead if export is unsuccessful.
  torch.onnx.export(self.model.generator, dummy, filename,
W0417 16:22:10.359000 2921105 torch/onnx/_internal/exporter/_schemas.py:455] Missing annotation for parameter 'input' from (input, boxes, output_size: 'Sequence[int]', spatial_scale: 'float' = 1.0, sampling_ratio: 'int' = -1, aligned: 'bool' = False). Treating as an Input.
W0417 16:22:10.360000 2921105 torch/onnx/_internal/exporter/_schemas.py:455] Missing annotation for parameter 'boxes' from (input, boxes, output_size: 'Sequence[int]', spatial_scale: 'float' = 1.0, sampling_ratio: 'int' = -1, aligned: 'bool' = False). Treating as an Input.
W0417 16:22:10.361000 2921105 torch/onnx/_internal/exporter/_schemas.py:455] Missing annotation for parameter 'input' from (input, boxes, output_size: 'Sequence[int]', spatial_scale: 'float' = 1.0). Treating as an Input.
W0417 16:22:10.361000 2921105 torch/onnx/_internal/exporter/_schemas.py:455] Missing annotation for parameter 'boxes' from (input, boxes, output_size: 'Sequence[int]', spatial_scale: 'float' = 1.0). Treating as an Input.
/home/vd0034/.local/share/uv/python/cpython-3.12.12-linux-x86_64-gnu/lib/python3.12/copyreg.py:99: FutureWarning: `isinstance(treespec, LeafSpec)` is deprecated, use `isinstance(treespec, TreeSpec) and treespec.is_leaf()` instead.
  return cls.__new__(cls, *args)
Epoch [350/1000]  Loss: 1.5887
[torch.onnx] Obtain model graph for `GANGenerator([...]` with `torch.export.export(..., strict=False)`...
[torch.onnx] Obtain model graph for `GANGenerator([...]` with `torch.export.export(..., strict=False)`... ✅
[torch.onnx] Run decomposition...
[torch.onnx] Run decomposition... ✅
[torch.onnx] Translate the graph into ONNX...
[torch.onnx] Translate the graph into ONNX... ✅
Applied 3 of general pattern rewrite rules.
ONNX saved to /home/vd0034/shallow_learning/scripts/output_genmodel/gan/gan_epoch350.onnx
Epoch [351/1000]  Loss: 1.8510
Epoch [352/1000]  Loss: 1.9870
Epoch [353/1000]  Loss: 2.0677
Epoch [354/1000]  Loss: 2.0816
Epoch [355/1000]  Loss: 2.0962
Epoch [356/1000]  Loss: 2.1078
Epoch [357/1000]  Loss: 2.1484
Epoch [358/1000]  Loss: 2.1653
Epoch [359/1000]  Loss: 2.1724
/home/vd0034/shallow_learning/src/shallow_learning/deepl/gen_model.py:399: UserWarning: # 'dynamic_axes' is not recommended when dynamo=True, and may lead to 'torch._dynamo.exc.UserError: Constraints violated.' Supply the 'dynamic_shapes' argument instead if export is unsuccessful.
  torch.onnx.export(self.model.generator, dummy, filename,
W0417 16:22:30.568000 2921105 torch/onnx/_internal/exporter/_schemas.py:455] Missing annotation for parameter 'input' from (input, boxes, output_size: 'Sequence[int]', spatial_scale: 'float' = 1.0, sampling_ratio: 'int' = -1, aligned: 'bool' = False). Treating as an Input.
W0417 16:22:30.570000 2921105 torch/onnx/_internal/exporter/_schemas.py:455] Missing annotation for parameter 'boxes' from (input, boxes, output_size: 'Sequence[int]', spatial_scale: 'float' = 1.0, sampling_ratio: 'int' = -1, aligned: 'bool' = False). Treating as an Input.
W0417 16:22:30.570000 2921105 torch/onnx/_internal/exporter/_schemas.py:455] Missing annotation for parameter 'input' from (input, boxes, output_size: 'Sequence[int]', spatial_scale: 'float' = 1.0). Treating as an Input.
W0417 16:22:30.571000 2921105 torch/onnx/_internal/exporter/_schemas.py:455] Missing annotation for parameter 'boxes' from (input, boxes, output_size: 'Sequence[int]', spatial_scale: 'float' = 1.0). Treating as an Input.
/home/vd0034/.local/share/uv/python/cpython-3.12.12-linux-x86_64-gnu/lib/python3.12/copyreg.py:99: FutureWarning: `isinstance(treespec, LeafSpec)` is deprecated, use `isinstance(treespec, TreeSpec) and treespec.is_leaf()` instead.
  return cls.__new__(cls, *args)
Epoch [360/1000]  Loss: 2.1959
[torch.onnx] Obtain model graph for `GANGenerator([...]` with `torch.export.export(..., strict=False)`...
[torch.onnx] Obtain model graph for `GANGenerator([...]` with `torch.export.export(..., strict=False)`... ✅
[torch.onnx] Run decomposition...
[torch.onnx] Run decomposition... ✅
[torch.onnx] Translate the graph into ONNX...
[torch.onnx] Translate the graph into ONNX... ✅
Applied 3 of general pattern rewrite rules.
ONNX saved to /home/vd0034/shallow_learning/scripts/output_genmodel/gan/gan_epoch360.onnx
Epoch [361/1000]  Loss: 2.2641
Epoch [362/1000]  Loss: 2.2366
Epoch [363/1000]  Loss: 2.1898
Epoch [364/1000]  Loss: 2.1842
Epoch [365/1000]  Loss: 2.2277
Epoch [366/1000]  Loss: 2.2465
Epoch [367/1000]  Loss: 2.2316
Epoch [368/1000]  Loss: 2.2627
Epoch [369/1000]  Loss: 2.3805
/home/vd0034/shallow_learning/src/shallow_learning/deepl/gen_model.py:399: UserWarning: # 'dynamic_axes' is not recommended when dynamo=True, and may lead to 'torch._dynamo.exc.UserError: Constraints violated.' Supply the 'dynamic_shapes' argument instead if export is unsuccessful.
  torch.onnx.export(self.model.generator, dummy, filename,
W0417 16:22:49.316000 2921105 torch/onnx/_internal/exporter/_schemas.py:455] Missing annotation for parameter 'input' from (input, boxes, output_size: 'Sequence[int]', spatial_scale: 'float' = 1.0, sampling_ratio: 'int' = -1, aligned: 'bool' = False). Treating as an Input.
W0417 16:22:49.317000 2921105 torch/onnx/_internal/exporter/_schemas.py:455] Missing annotation for parameter 'boxes' from (input, boxes, output_size: 'Sequence[int]', spatial_scale: 'float' = 1.0, sampling_ratio: 'int' = -1, aligned: 'bool' = False). Treating as an Input.
W0417 16:22:49.318000 2921105 torch/onnx/_internal/exporter/_schemas.py:455] Missing annotation for parameter 'input' from (input, boxes, output_size: 'Sequence[int]', spatial_scale: 'float' = 1.0). Treating as an Input.
W0417 16:22:49.318000 2921105 torch/onnx/_internal/exporter/_schemas.py:455] Missing annotation for parameter 'boxes' from (input, boxes, output_size: 'Sequence[int]', spatial_scale: 'float' = 1.0). Treating as an Input.
/home/vd0034/.local/share/uv/python/cpython-3.12.12-linux-x86_64-gnu/lib/python3.12/copyreg.py:99: FutureWarning: `isinstance(treespec, LeafSpec)` is deprecated, use `isinstance(treespec, TreeSpec) and treespec.is_leaf()` instead.
  return cls.__new__(cls, *args)
Epoch [370/1000]  Loss: 1.8453
[torch.onnx] Obtain model graph for `GANGenerator([...]` with `torch.export.export(..., strict=False)`...
[torch.onnx] Obtain model graph for `GANGenerator([...]` with `torch.export.export(..., strict=False)`... ✅
[torch.onnx] Run decomposition...
[torch.onnx] Run decomposition... ✅
[torch.onnx] Translate the graph into ONNX...
[torch.onnx] Translate the graph into ONNX... ✅
Applied 3 of general pattern rewrite rules.
ONNX saved to /home/vd0034/shallow_learning/scripts/output_genmodel/gan/gan_epoch370.onnx
Epoch [371/1000]  Loss: 1.9028
Epoch [372/1000]  Loss: 1.9807
Epoch [373/1000]  Loss: 1.9998
Epoch [374/1000]  Loss: 2.0402
Epoch [375/1000]  Loss: 2.0783
Epoch [376/1000]  Loss: 2.0802
Epoch [377/1000]  Loss: 2.1506
Epoch [378/1000]  Loss: 2.1425
Epoch [379/1000]  Loss: 2.2277
/home/vd0034/shallow_learning/src/shallow_learning/deepl/gen_model.py:399: UserWarning: # 'dynamic_axes' is not recommended when dynamo=True, and may lead to 'torch._dynamo.exc.UserError: Constraints violated.' Supply the 'dynamic_shapes' argument instead if export is unsuccessful.
  torch.onnx.export(self.model.generator, dummy, filename,
W0417 16:23:07.991000 2921105 torch/onnx/_internal/exporter/_schemas.py:455] Missing annotation for parameter 'input' from (input, boxes, output_size: 'Sequence[int]', spatial_scale: 'float' = 1.0, sampling_ratio: 'int' = -1, aligned: 'bool' = False). Treating as an Input.
W0417 16:23:07.992000 2921105 torch/onnx/_internal/exporter/_schemas.py:455] Missing annotation for parameter 'boxes' from (input, boxes, output_size: 'Sequence[int]', spatial_scale: 'float' = 1.0, sampling_ratio: 'int' = -1, aligned: 'bool' = False). Treating as an Input.
W0417 16:23:07.993000 2921105 torch/onnx/_internal/exporter/_schemas.py:455] Missing annotation for parameter 'input' from (input, boxes, output_size: 'Sequence[int]', spatial_scale: 'float' = 1.0). Treating as an Input.
W0417 16:23:07.993000 2921105 torch/onnx/_internal/exporter/_schemas.py:455] Missing annotation for parameter 'boxes' from (input, boxes, output_size: 'Sequence[int]', spatial_scale: 'float' = 1.0). Treating as an Input.
/home/vd0034/.local/share/uv/python/cpython-3.12.12-linux-x86_64-gnu/lib/python3.12/copyreg.py:99: FutureWarning: `isinstance(treespec, LeafSpec)` is deprecated, use `isinstance(treespec, TreeSpec) and treespec.is_leaf()` instead.
  return cls.__new__(cls, *args)
Epoch [380/1000]  Loss: 2.2344
[torch.onnx] Obtain model graph for `GANGenerator([...]` with `torch.export.export(..., strict=False)`...
[torch.onnx] Obtain model graph for `GANGenerator([...]` with `torch.export.export(..., strict=False)`... ✅
[torch.onnx] Run decomposition...
[torch.onnx] Run decomposition... ✅
[torch.onnx] Translate the graph into ONNX...
[torch.onnx] Translate the graph into ONNX... ✅
Applied 3 of general pattern rewrite rules.
ONNX saved to /home/vd0034/shallow_learning/scripts/output_genmodel/gan/gan_epoch380.onnx
Epoch [381/1000]  Loss: 2.1619
Epoch [382/1000]  Loss: 2.2634
Epoch [383/1000]  Loss: 2.2364
Epoch [384/1000]  Loss: 1.8201
Epoch [385/1000]  Loss: 1.5101
Epoch [386/1000]  Loss: 1.8778
Epoch [387/1000]  Loss: 1.9850
Epoch [388/1000]  Loss: 2.1052
Epoch [389/1000]  Loss: 1.9833
/home/vd0034/shallow_learning/src/shallow_learning/deepl/gen_model.py:399: UserWarning: # 'dynamic_axes' is not recommended when dynamo=True, and may lead to 'torch._dynamo.exc.UserError: Constraints violated.' Supply the 'dynamic_shapes' argument instead if export is unsuccessful.
  torch.onnx.export(self.model.generator, dummy, filename,
W0417 16:23:29.166000 2921105 torch/onnx/_internal/exporter/_schemas.py:455] Missing annotation for parameter 'input' from (input, boxes, output_size: 'Sequence[int]', spatial_scale: 'float' = 1.0, sampling_ratio: 'int' = -1, aligned: 'bool' = False). Treating as an Input.
W0417 16:23:29.167000 2921105 torch/onnx/_internal/exporter/_schemas.py:455] Missing annotation for parameter 'boxes' from (input, boxes, output_size: 'Sequence[int]', spatial_scale: 'float' = 1.0, sampling_ratio: 'int' = -1, aligned: 'bool' = False). Treating as an Input.
W0417 16:23:29.168000 2921105 torch/onnx/_internal/exporter/_schemas.py:455] Missing annotation for parameter 'input' from (input, boxes, output_size: 'Sequence[int]', spatial_scale: 'float' = 1.0). Treating as an Input.
W0417 16:23:29.168000 2921105 torch/onnx/_internal/exporter/_schemas.py:455] Missing annotation for parameter 'boxes' from (input, boxes, output_size: 'Sequence[int]', spatial_scale: 'float' = 1.0). Treating as an Input.
/home/vd0034/.local/share/uv/python/cpython-3.12.12-linux-x86_64-gnu/lib/python3.12/copyreg.py:99: FutureWarning: `isinstance(treespec, LeafSpec)` is deprecated, use `isinstance(treespec, TreeSpec) and treespec.is_leaf()` instead.
  return cls.__new__(cls, *args)
Epoch [390/1000]  Loss: 1.8763
[torch.onnx] Obtain model graph for `GANGenerator([...]` with `torch.export.export(..., strict=False)`...
[torch.onnx] Obtain model graph for `GANGenerator([...]` with `torch.export.export(..., strict=False)`... ✅
[torch.onnx] Run decomposition...
[torch.onnx] Run decomposition... ✅
[torch.onnx] Translate the graph into ONNX...
[torch.onnx] Translate the graph into ONNX... ✅
Applied 3 of general pattern rewrite rules.
ONNX saved to /home/vd0034/shallow_learning/scripts/output_genmodel/gan/gan_epoch390.onnx
Epoch [391/1000]  Loss: 2.0910
Epoch [392/1000]  Loss: 2.1380
Epoch [393/1000]  Loss: 2.1965
Epoch [394/1000]  Loss: 2.1567
Epoch [395/1000]  Loss: 2.1719
Epoch [396/1000]  Loss: 2.2162
Epoch [397/1000]  Loss: 2.2440
Epoch [398/1000]  Loss: 2.1935
Epoch [399/1000]  Loss: 2.2475
/home/vd0034/shallow_learning/src/shallow_learning/deepl/gen_model.py:399: UserWarning: # 'dynamic_axes' is not recommended when dynamo=True, and may lead to 'torch._dynamo.exc.UserError: Constraints violated.' Supply the 'dynamic_shapes' argument instead if export is unsuccessful.
  torch.onnx.export(self.model.generator, dummy, filename,
W0417 16:23:47.660000 2921105 torch/onnx/_internal/exporter/_schemas.py:455] Missing annotation for parameter 'input' from (input, boxes, output_size: 'Sequence[int]', spatial_scale: 'float' = 1.0, sampling_ratio: 'int' = -1, aligned: 'bool' = False). Treating as an Input.
W0417 16:23:47.661000 2921105 torch/onnx/_internal/exporter/_schemas.py:455] Missing annotation for parameter 'boxes' from (input, boxes, output_size: 'Sequence[int]', spatial_scale: 'float' = 1.0, sampling_ratio: 'int' = -1, aligned: 'bool' = False). Treating as an Input.
W0417 16:23:47.661000 2921105 torch/onnx/_internal/exporter/_schemas.py:455] Missing annotation for parameter 'input' from (input, boxes, output_size: 'Sequence[int]', spatial_scale: 'float' = 1.0). Treating as an Input.
W0417 16:23:47.662000 2921105 torch/onnx/_internal/exporter/_schemas.py:455] Missing annotation for parameter 'boxes' from (input, boxes, output_size: 'Sequence[int]', spatial_scale: 'float' = 1.0). Treating as an Input.
/home/vd0034/.local/share/uv/python/cpython-3.12.12-linux-x86_64-gnu/lib/python3.12/copyreg.py:99: FutureWarning: `isinstance(treespec, LeafSpec)` is deprecated, use `isinstance(treespec, TreeSpec) and treespec.is_leaf()` instead.
  return cls.__new__(cls, *args)
Epoch [400/1000]  Loss: 2.3043
[torch.onnx] Obtain model graph for `GANGenerator([...]` with `torch.export.export(..., strict=False)`...
[torch.onnx] Obtain model graph for `GANGenerator([...]` with `torch.export.export(..., strict=False)`... ✅
[torch.onnx] Run decomposition...
[torch.onnx] Run decomposition... ✅
[torch.onnx] Translate the graph into ONNX...
[torch.onnx] Translate the graph into ONNX... ✅
Applied 3 of general pattern rewrite rules.
ONNX saved to /home/vd0034/shallow_learning/scripts/output_genmodel/gan/gan_epoch400.onnx
Epoch [401/1000]  Loss: 2.2607
Epoch [402/1000]  Loss: 2.2708
Epoch [403/1000]  Loss: 2.2648
Epoch [404/1000]  Loss: 2.2827
Epoch [405/1000]  Loss: 2.3117
Epoch [406/1000]  Loss: 2.2884
Epoch [407/1000]  Loss: 2.3630
Epoch [408/1000]  Loss: 1.8794
Epoch [409/1000]  Loss: 1.7358
/home/vd0034/shallow_learning/src/shallow_learning/deepl/gen_model.py:399: UserWarning: # 'dynamic_axes' is not recommended when dynamo=True, and may lead to 'torch._dynamo.exc.UserError: Constraints violated.' Supply the 'dynamic_shapes' argument instead if export is unsuccessful.
  torch.onnx.export(self.model.generator, dummy, filename,
W0417 16:24:06.326000 2921105 torch/onnx/_internal/exporter/_schemas.py:455] Missing annotation for parameter 'input' from (input, boxes, output_size: 'Sequence[int]', spatial_scale: 'float' = 1.0, sampling_ratio: 'int' = -1, aligned: 'bool' = False). Treating as an Input.
W0417 16:24:06.327000 2921105 torch/onnx/_internal/exporter/_schemas.py:455] Missing annotation for parameter 'boxes' from (input, boxes, output_size: 'Sequence[int]', spatial_scale: 'float' = 1.0, sampling_ratio: 'int' = -1, aligned: 'bool' = False). Treating as an Input.
W0417 16:24:06.327000 2921105 torch/onnx/_internal/exporter/_schemas.py:455] Missing annotation for parameter 'input' from (input, boxes, output_size: 'Sequence[int]', spatial_scale: 'float' = 1.0). Treating as an Input.
W0417 16:24:06.328000 2921105 torch/onnx/_internal/exporter/_schemas.py:455] Missing annotation for parameter 'boxes' from (input, boxes, output_size: 'Sequence[int]', spatial_scale: 'float' = 1.0). Treating as an Input.
/home/vd0034/.local/share/uv/python/cpython-3.12.12-linux-x86_64-gnu/lib/python3.12/copyreg.py:99: FutureWarning: `isinstance(treespec, LeafSpec)` is deprecated, use `isinstance(treespec, TreeSpec) and treespec.is_leaf()` instead.
  return cls.__new__(cls, *args)
Epoch [410/1000]  Loss: 1.8850
[torch.onnx] Obtain model graph for `GANGenerator([...]` with `torch.export.export(..., strict=False)`...
[torch.onnx] Obtain model graph for `GANGenerator([...]` with `torch.export.export(..., strict=False)`... ✅
[torch.onnx] Run decomposition...
[torch.onnx] Run decomposition... ✅
[torch.onnx] Translate the graph into ONNX...
[torch.onnx] Translate the graph into ONNX... ✅
Applied 3 of general pattern rewrite rules.
ONNX saved to /home/vd0034/shallow_learning/scripts/output_genmodel/gan/gan_epoch410.onnx
Epoch [411/1000]  Loss: 1.9493
Epoch [412/1000]  Loss: 2.0966
Epoch [413/1000]  Loss: 2.1125
Epoch [414/1000]  Loss: 2.1269
Epoch [415/1000]  Loss: 2.1647
Epoch [416/1000]  Loss: 2.2056
Epoch [417/1000]  Loss: 2.1967
Epoch [418/1000]  Loss: 2.2306
Epoch [419/1000]  Loss: 2.2980
/home/vd0034/shallow_learning/src/shallow_learning/deepl/gen_model.py:399: UserWarning: # 'dynamic_axes' is not recommended when dynamo=True, and may lead to 'torch._dynamo.exc.UserError: Constraints violated.' Supply the 'dynamic_shapes' argument instead if export is unsuccessful.
  torch.onnx.export(self.model.generator, dummy, filename,
W0417 16:24:25.281000 2921105 torch/onnx/_internal/exporter/_schemas.py:455] Missing annotation for parameter 'input' from (input, boxes, output_size: 'Sequence[int]', spatial_scale: 'float' = 1.0, sampling_ratio: 'int' = -1, aligned: 'bool' = False). Treating as an Input.
W0417 16:24:25.282000 2921105 torch/onnx/_internal/exporter/_schemas.py:455] Missing annotation for parameter 'boxes' from (input, boxes, output_size: 'Sequence[int]', spatial_scale: 'float' = 1.0, sampling_ratio: 'int' = -1, aligned: 'bool' = False). Treating as an Input.
W0417 16:24:25.282000 2921105 torch/onnx/_internal/exporter/_schemas.py:455] Missing annotation for parameter 'input' from (input, boxes, output_size: 'Sequence[int]', spatial_scale: 'float' = 1.0). Treating as an Input.
W0417 16:24:25.283000 2921105 torch/onnx/_internal/exporter/_schemas.py:455] Missing annotation for parameter 'boxes' from (input, boxes, output_size: 'Sequence[int]', spatial_scale: 'float' = 1.0). Treating as an Input.
/home/vd0034/.local/share/uv/python/cpython-3.12.12-linux-x86_64-gnu/lib/python3.12/copyreg.py:99: FutureWarning: `isinstance(treespec, LeafSpec)` is deprecated, use `isinstance(treespec, TreeSpec) and treespec.is_leaf()` instead.
  return cls.__new__(cls, *args)
Epoch [420/1000]  Loss: 2.2859
[torch.onnx] Obtain model graph for `GANGenerator([...]` with `torch.export.export(..., strict=False)`...
[torch.onnx] Obtain model graph for `GANGenerator([...]` with `torch.export.export(..., strict=False)`... ✅
[torch.onnx] Run decomposition...
[torch.onnx] Run decomposition... ✅
[torch.onnx] Translate the graph into ONNX...
[torch.onnx] Translate the graph into ONNX... ✅
Applied 3 of general pattern rewrite rules.
ONNX saved to /home/vd0034/shallow_learning/scripts/output_genmodel/gan/gan_epoch420.onnx
Epoch [421/1000]  Loss: 2.2479
Epoch [422/1000]  Loss: 2.3161
Epoch [423/1000]  Loss: 2.3776
Epoch [424/1000]  Loss: 2.3310
Epoch [425/1000]  Loss: 2.3868
Epoch [426/1000]  Loss: 2.6134
Epoch [427/1000]  Loss: 1.3581
Epoch [428/1000]  Loss: 1.6742
Epoch [429/1000]  Loss: 1.9659
/home/vd0034/shallow_learning/src/shallow_learning/deepl/gen_model.py:399: UserWarning: # 'dynamic_axes' is not recommended when dynamo=True, and may lead to 'torch._dynamo.exc.UserError: Constraints violated.' Supply the 'dynamic_shapes' argument instead if export is unsuccessful.
  torch.onnx.export(self.model.generator, dummy, filename,
W0417 16:24:43.782000 2921105 torch/onnx/_internal/exporter/_schemas.py:455] Missing annotation for parameter 'input' from (input, boxes, output_size: 'Sequence[int]', spatial_scale: 'float' = 1.0, sampling_ratio: 'int' = -1, aligned: 'bool' = False). Treating as an Input.
W0417 16:24:43.783000 2921105 torch/onnx/_internal/exporter/_schemas.py:455] Missing annotation for parameter 'boxes' from (input, boxes, output_size: 'Sequence[int]', spatial_scale: 'float' = 1.0, sampling_ratio: 'int' = -1, aligned: 'bool' = False). Treating as an Input.
W0417 16:24:43.783000 2921105 torch/onnx/_internal/exporter/_schemas.py:455] Missing annotation for parameter 'input' from (input, boxes, output_size: 'Sequence[int]', spatial_scale: 'float' = 1.0). Treating as an Input.
W0417 16:24:43.784000 2921105 torch/onnx/_internal/exporter/_schemas.py:455] Missing annotation for parameter 'boxes' from (input, boxes, output_size: 'Sequence[int]', spatial_scale: 'float' = 1.0). Treating as an Input.
/home/vd0034/.local/share/uv/python/cpython-3.12.12-linux-x86_64-gnu/lib/python3.12/copyreg.py:99: FutureWarning: `isinstance(treespec, LeafSpec)` is deprecated, use `isinstance(treespec, TreeSpec) and treespec.is_leaf()` instead.
  return cls.__new__(cls, *args)
Epoch [430/1000]  Loss: 2.1190
[torch.onnx] Obtain model graph for `GANGenerator([...]` with `torch.export.export(..., strict=False)`...
[torch.onnx] Obtain model graph for `GANGenerator([...]` with `torch.export.export(..., strict=False)`... ✅
[torch.onnx] Run decomposition...
[torch.onnx] Run decomposition... ✅
[torch.onnx] Translate the graph into ONNX...
[torch.onnx] Translate the graph into ONNX... ✅
Applied 3 of general pattern rewrite rules.
ONNX saved to /home/vd0034/shallow_learning/scripts/output_genmodel/gan/gan_epoch430.onnx
Epoch [431/1000]  Loss: 2.1256
Epoch [432/1000]  Loss: 2.2176
Epoch [433/1000]  Loss: 2.2599
Epoch [434/1000]  Loss: 2.2552
Epoch [435/1000]  Loss: 2.2702
Epoch [436/1000]  Loss: 2.3150
Epoch [437/1000]  Loss: 2.3825
Epoch [438/1000]  Loss: 2.3316
Epoch [439/1000]  Loss: 2.3243
/home/vd0034/shallow_learning/src/shallow_learning/deepl/gen_model.py:399: UserWarning: # 'dynamic_axes' is not recommended when dynamo=True, and may lead to 'torch._dynamo.exc.UserError: Constraints violated.' Supply the 'dynamic_shapes' argument instead if export is unsuccessful.
  torch.onnx.export(self.model.generator, dummy, filename,
W0417 16:25:05.568000 2921105 torch/onnx/_internal/exporter/_schemas.py:455] Missing annotation for parameter 'input' from (input, boxes, output_size: 'Sequence[int]', spatial_scale: 'float' = 1.0, sampling_ratio: 'int' = -1, aligned: 'bool' = False). Treating as an Input.
W0417 16:25:05.569000 2921105 torch/onnx/_internal/exporter/_schemas.py:455] Missing annotation for parameter 'boxes' from (input, boxes, output_size: 'Sequence[int]', spatial_scale: 'float' = 1.0, sampling_ratio: 'int' = -1, aligned: 'bool' = False). Treating as an Input.
W0417 16:25:05.570000 2921105 torch/onnx/_internal/exporter/_schemas.py:455] Missing annotation for parameter 'input' from (input, boxes, output_size: 'Sequence[int]', spatial_scale: 'float' = 1.0). Treating as an Input.
W0417 16:25:05.570000 2921105 torch/onnx/_internal/exporter/_schemas.py:455] Missing annotation for parameter 'boxes' from (input, boxes, output_size: 'Sequence[int]', spatial_scale: 'float' = 1.0). Treating as an Input.
/home/vd0034/.local/share/uv/python/cpython-3.12.12-linux-x86_64-gnu/lib/python3.12/copyreg.py:99: FutureWarning: `isinstance(treespec, LeafSpec)` is deprecated, use `isinstance(treespec, TreeSpec) and treespec.is_leaf()` instead.
  return cls.__new__(cls, *args)
Epoch [440/1000]  Loss: 1.8206
[torch.onnx] Obtain model graph for `GANGenerator([...]` with `torch.export.export(..., strict=False)`...
[torch.onnx] Obtain model graph for `GANGenerator([...]` with `torch.export.export(..., strict=False)`... ✅
[torch.onnx] Run decomposition...
[torch.onnx] Run decomposition... ✅
[torch.onnx] Translate the graph into ONNX...
[torch.onnx] Translate the graph into ONNX... ✅
Applied 3 of general pattern rewrite rules.
ONNX saved to /home/vd0034/shallow_learning/scripts/output_genmodel/gan/gan_epoch440.onnx
Epoch [441/1000]  Loss: 2.1213
Epoch [442/1000]  Loss: 2.2106
Epoch [443/1000]  Loss: 2.2500
Epoch [444/1000]  Loss: 2.2976
Epoch [445/1000]  Loss: 2.3274
Epoch [446/1000]  Loss: 2.3486
Epoch [447/1000]  Loss: 2.3025
Epoch [448/1000]  Loss: 2.3169
Epoch [449/1000]  Loss: 2.2940
/home/vd0034/shallow_learning/src/shallow_learning/deepl/gen_model.py:399: UserWarning: # 'dynamic_axes' is not recommended when dynamo=True, and may lead to 'torch._dynamo.exc.UserError: Constraints violated.' Supply the 'dynamic_shapes' argument instead if export is unsuccessful.
  torch.onnx.export(self.model.generator, dummy, filename,
W0417 16:25:24.257000 2921105 torch/onnx/_internal/exporter/_schemas.py:455] Missing annotation for parameter 'input' from (input, boxes, output_size: 'Sequence[int]', spatial_scale: 'float' = 1.0, sampling_ratio: 'int' = -1, aligned: 'bool' = False). Treating as an Input.
W0417 16:25:24.258000 2921105 torch/onnx/_internal/exporter/_schemas.py:455] Missing annotation for parameter 'boxes' from (input, boxes, output_size: 'Sequence[int]', spatial_scale: 'float' = 1.0, sampling_ratio: 'int' = -1, aligned: 'bool' = False). Treating as an Input.
W0417 16:25:24.258000 2921105 torch/onnx/_internal/exporter/_schemas.py:455] Missing annotation for parameter 'input' from (input, boxes, output_size: 'Sequence[int]', spatial_scale: 'float' = 1.0). Treating as an Input.
W0417 16:25:24.259000 2921105 torch/onnx/_internal/exporter/_schemas.py:455] Missing annotation for parameter 'boxes' from (input, boxes, output_size: 'Sequence[int]', spatial_scale: 'float' = 1.0). Treating as an Input.
/home/vd0034/.local/share/uv/python/cpython-3.12.12-linux-x86_64-gnu/lib/python3.12/copyreg.py:99: FutureWarning: `isinstance(treespec, LeafSpec)` is deprecated, use `isinstance(treespec, TreeSpec) and treespec.is_leaf()` instead.
  return cls.__new__(cls, *args)
Epoch [450/1000]  Loss: 2.3993
[torch.onnx] Obtain model graph for `GANGenerator([...]` with `torch.export.export(..., strict=False)`...
[torch.onnx] Obtain model graph for `GANGenerator([...]` with `torch.export.export(..., strict=False)`... ✅
[torch.onnx] Run decomposition...
[torch.onnx] Run decomposition... ✅
[torch.onnx] Translate the graph into ONNX...
[torch.onnx] Translate the graph into ONNX... ✅
Applied 3 of general pattern rewrite rules.
ONNX saved to /home/vd0034/shallow_learning/scripts/output_genmodel/gan/gan_epoch450.onnx
Epoch [451/1000]  Loss: 2.3755
Epoch [452/1000]  Loss: 2.3962
Epoch [453/1000]  Loss: 2.3832
Epoch [454/1000]  Loss: 2.3777
Epoch [455/1000]  Loss: 2.4184
Epoch [456/1000]  Loss: 2.3871
Epoch [457/1000]  Loss: 2.4801
Epoch [458/1000]  Loss: 2.4276
Epoch [459/1000]  Loss: 2.4775
/home/vd0034/shallow_learning/src/shallow_learning/deepl/gen_model.py:399: UserWarning: # 'dynamic_axes' is not recommended when dynamo=True, and may lead to 'torch._dynamo.exc.UserError: Constraints violated.' Supply the 'dynamic_shapes' argument instead if export is unsuccessful.
  torch.onnx.export(self.model.generator, dummy, filename,
W0417 16:25:43.050000 2921105 torch/onnx/_internal/exporter/_schemas.py:455] Missing annotation for parameter 'input' from (input, boxes, output_size: 'Sequence[int]', spatial_scale: 'float' = 1.0, sampling_ratio: 'int' = -1, aligned: 'bool' = False). Treating as an Input.
W0417 16:25:43.050000 2921105 torch/onnx/_internal/exporter/_schemas.py:455] Missing annotation for parameter 'boxes' from (input, boxes, output_size: 'Sequence[int]', spatial_scale: 'float' = 1.0, sampling_ratio: 'int' = -1, aligned: 'bool' = False). Treating as an Input.
W0417 16:25:43.051000 2921105 torch/onnx/_internal/exporter/_schemas.py:455] Missing annotation for parameter 'input' from (input, boxes, output_size: 'Sequence[int]', spatial_scale: 'float' = 1.0). Treating as an Input.
W0417 16:25:43.051000 2921105 torch/onnx/_internal/exporter/_schemas.py:455] Missing annotation for parameter 'boxes' from (input, boxes, output_size: 'Sequence[int]', spatial_scale: 'float' = 1.0). Treating as an Input.
/home/vd0034/.local/share/uv/python/cpython-3.12.12-linux-x86_64-gnu/lib/python3.12/copyreg.py:99: FutureWarning: `isinstance(treespec, LeafSpec)` is deprecated, use `isinstance(treespec, TreeSpec) and treespec.is_leaf()` instead.
  return cls.__new__(cls, *args)
Epoch [460/1000]  Loss: 2.4179
[torch.onnx] Obtain model graph for `GANGenerator([...]` with `torch.export.export(..., strict=False)`...
[torch.onnx] Obtain model graph for `GANGenerator([...]` with `torch.export.export(..., strict=False)`... ✅
[torch.onnx] Run decomposition...
[torch.onnx] Run decomposition... ✅
[torch.onnx] Translate the graph into ONNX...
[torch.onnx] Translate the graph into ONNX... ✅
Applied 3 of general pattern rewrite rules.
ONNX saved to /home/vd0034/shallow_learning/scripts/output_genmodel/gan/gan_epoch460.onnx
Epoch [461/1000]  Loss: 2.4593
Epoch [462/1000]  Loss: 2.5014
Epoch [463/1000]  Loss: 2.7655
Epoch [464/1000]  Loss: 1.6895
Epoch [465/1000]  Loss: 1.9000
Epoch [466/1000]  Loss: 2.0643
Epoch [467/1000]  Loss: 2.1744
Epoch [468/1000]  Loss: 2.2474
Epoch [469/1000]  Loss: 2.3172
/home/vd0034/shallow_learning/src/shallow_learning/deepl/gen_model.py:399: UserWarning: # 'dynamic_axes' is not recommended when dynamo=True, and may lead to 'torch._dynamo.exc.UserError: Constraints violated.' Supply the 'dynamic_shapes' argument instead if export is unsuccessful.
  torch.onnx.export(self.model.generator, dummy, filename,
W0417 16:26:01.969000 2921105 torch/onnx/_internal/exporter/_schemas.py:455] Missing annotation for parameter 'input' from (input, boxes, output_size: 'Sequence[int]', spatial_scale: 'float' = 1.0, sampling_ratio: 'int' = -1, aligned: 'bool' = False). Treating as an Input.
W0417 16:26:01.969000 2921105 torch/onnx/_internal/exporter/_schemas.py:455] Missing annotation for parameter 'boxes' from (input, boxes, output_size: 'Sequence[int]', spatial_scale: 'float' = 1.0, sampling_ratio: 'int' = -1, aligned: 'bool' = False). Treating as an Input.
W0417 16:26:01.970000 2921105 torch/onnx/_internal/exporter/_schemas.py:455] Missing annotation for parameter 'input' from (input, boxes, output_size: 'Sequence[int]', spatial_scale: 'float' = 1.0). Treating as an Input.
W0417 16:26:01.970000 2921105 torch/onnx/_internal/exporter/_schemas.py:455] Missing annotation for parameter 'boxes' from (input, boxes, output_size: 'Sequence[int]', spatial_scale: 'float' = 1.0). Treating as an Input.
/home/vd0034/.local/share/uv/python/cpython-3.12.12-linux-x86_64-gnu/lib/python3.12/copyreg.py:99: FutureWarning: `isinstance(treespec, LeafSpec)` is deprecated, use `isinstance(treespec, TreeSpec) and treespec.is_leaf()` instead.
  return cls.__new__(cls, *args)
Epoch [470/1000]  Loss: 2.2970
[torch.onnx] Obtain model graph for `GANGenerator([...]` with `torch.export.export(..., strict=False)`...
[torch.onnx] Obtain model graph for `GANGenerator([...]` with `torch.export.export(..., strict=False)`... ✅
[torch.onnx] Run decomposition...
[torch.onnx] Run decomposition... ✅
[torch.onnx] Translate the graph into ONNX...
[torch.onnx] Translate the graph into ONNX... ✅
Applied 3 of general pattern rewrite rules.
ONNX saved to /home/vd0034/shallow_learning/scripts/output_genmodel/gan/gan_epoch470.onnx
Epoch [471/1000]  Loss: 2.3753
Epoch [472/1000]  Loss: 2.3527
Epoch [473/1000]  Loss: 2.3845
Epoch [474/1000]  Loss: 2.4148
Epoch [475/1000]  Loss: 2.3967
Epoch [476/1000]  Loss: 2.4527
Epoch [477/1000]  Loss: 2.4514
Epoch [478/1000]  Loss: 2.1553
Epoch [479/1000]  Loss: 1.9120
/home/vd0034/shallow_learning/src/shallow_learning/deepl/gen_model.py:399: UserWarning: # 'dynamic_axes' is not recommended when dynamo=True, and may lead to 'torch._dynamo.exc.UserError: Constraints violated.' Supply the 'dynamic_shapes' argument instead if export is unsuccessful.
  torch.onnx.export(self.model.generator, dummy, filename,
W0417 16:26:20.467000 2921105 torch/onnx/_internal/exporter/_schemas.py:455] Missing annotation for parameter 'input' from (input, boxes, output_size: 'Sequence[int]', spatial_scale: 'float' = 1.0, sampling_ratio: 'int' = -1, aligned: 'bool' = False). Treating as an Input.
W0417 16:26:20.468000 2921105 torch/onnx/_internal/exporter/_schemas.py:455] Missing annotation for parameter 'boxes' from (input, boxes, output_size: 'Sequence[int]', spatial_scale: 'float' = 1.0, sampling_ratio: 'int' = -1, aligned: 'bool' = False). Treating as an Input.
W0417 16:26:20.468000 2921105 torch/onnx/_internal/exporter/_schemas.py:455] Missing annotation for parameter 'input' from (input, boxes, output_size: 'Sequence[int]', spatial_scale: 'float' = 1.0). Treating as an Input.
W0417 16:26:20.469000 2921105 torch/onnx/_internal/exporter/_schemas.py:455] Missing annotation for parameter 'boxes' from (input, boxes, output_size: 'Sequence[int]', spatial_scale: 'float' = 1.0). Treating as an Input.
/home/vd0034/.local/share/uv/python/cpython-3.12.12-linux-x86_64-gnu/lib/python3.12/copyreg.py:99: FutureWarning: `isinstance(treespec, LeafSpec)` is deprecated, use `isinstance(treespec, TreeSpec) and treespec.is_leaf()` instead.
  return cls.__new__(cls, *args)
Epoch [480/1000]  Loss: 2.0711
[torch.onnx] Obtain model graph for `GANGenerator([...]` with `torch.export.export(..., strict=False)`...
[torch.onnx] Obtain model graph for `GANGenerator([...]` with `torch.export.export(..., strict=False)`... ✅
[torch.onnx] Run decomposition...
[torch.onnx] Run decomposition... ✅
[torch.onnx] Translate the graph into ONNX...
[torch.onnx] Translate the graph into ONNX... ✅
Applied 3 of general pattern rewrite rules.
ONNX saved to /home/vd0034/shallow_learning/scripts/output_genmodel/gan/gan_epoch480.onnx
Epoch [481/1000]  Loss: 2.2085
Epoch [482/1000]  Loss: 2.2195
Epoch [483/1000]  Loss: 2.2945
Epoch [484/1000]  Loss: 2.3650
Epoch [485/1000]  Loss: 2.3244
Epoch [486/1000]  Loss: 2.4085
Epoch [487/1000]  Loss: 2.4220
Epoch [488/1000]  Loss: 2.3845
Epoch [489/1000]  Loss: 2.4079
/home/vd0034/shallow_learning/src/shallow_learning/deepl/gen_model.py:399: UserWarning: # 'dynamic_axes' is not recommended when dynamo=True, and may lead to 'torch._dynamo.exc.UserError: Constraints violated.' Supply the 'dynamic_shapes' argument instead if export is unsuccessful.
  torch.onnx.export(self.model.generator, dummy, filename,
W0417 16:26:43.317000 2921105 torch/onnx/_internal/exporter/_schemas.py:455] Missing annotation for parameter 'input' from (input, boxes, output_size: 'Sequence[int]', spatial_scale: 'float' = 1.0, sampling_ratio: 'int' = -1, aligned: 'bool' = False). Treating as an Input.
W0417 16:26:43.317000 2921105 torch/onnx/_internal/exporter/_schemas.py:455] Missing annotation for parameter 'boxes' from (input, boxes, output_size: 'Sequence[int]', spatial_scale: 'float' = 1.0, sampling_ratio: 'int' = -1, aligned: 'bool' = False). Treating as an Input.
W0417 16:26:43.318000 2921105 torch/onnx/_internal/exporter/_schemas.py:455] Missing annotation for parameter 'input' from (input, boxes, output_size: 'Sequence[int]', spatial_scale: 'float' = 1.0). Treating as an Input.
W0417 16:26:43.318000 2921105 torch/onnx/_internal/exporter/_schemas.py:455] Missing annotation for parameter 'boxes' from (input, boxes, output_size: 'Sequence[int]', spatial_scale: 'float' = 1.0). Treating as an Input.
/home/vd0034/.local/share/uv/python/cpython-3.12.12-linux-x86_64-gnu/lib/python3.12/copyreg.py:99: FutureWarning: `isinstance(treespec, LeafSpec)` is deprecated, use `isinstance(treespec, TreeSpec) and treespec.is_leaf()` instead.
  return cls.__new__(cls, *args)
Epoch [490/1000]  Loss: 2.4276
[torch.onnx] Obtain model graph for `GANGenerator([...]` with `torch.export.export(..., strict=False)`...
[torch.onnx] Obtain model graph for `GANGenerator([...]` with `torch.export.export(..., strict=False)`... ✅
[torch.onnx] Run decomposition...
[torch.onnx] Run decomposition... ✅
[torch.onnx] Translate the graph into ONNX...
[torch.onnx] Translate the graph into ONNX... ✅
Applied 3 of general pattern rewrite rules.
ONNX saved to /home/vd0034/shallow_learning/scripts/output_genmodel/gan/gan_epoch490.onnx
Epoch [491/1000]  Loss: 2.4694
Epoch [492/1000]  Loss: 2.4836
Epoch [493/1000]  Loss: 2.4196
Epoch [494/1000]  Loss: 2.5573
Epoch [495/1000]  Loss: 2.5194
Epoch [496/1000]  Loss: 2.5545
Epoch [497/1000]  Loss: 2.5073
Epoch [498/1000]  Loss: 2.5257
Epoch [499/1000]  Loss: 2.0013
/home/vd0034/shallow_learning/src/shallow_learning/deepl/gen_model.py:399: UserWarning: # 'dynamic_axes' is not recommended when dynamo=True, and may lead to 'torch._dynamo.exc.UserError: Constraints violated.' Supply the 'dynamic_shapes' argument instead if export is unsuccessful.
  torch.onnx.export(self.model.generator, dummy, filename,
W0417 16:27:02.735000 2921105 torch/onnx/_internal/exporter/_schemas.py:455] Missing annotation for parameter 'input' from (input, boxes, output_size: 'Sequence[int]', spatial_scale: 'float' = 1.0, sampling_ratio: 'int' = -1, aligned: 'bool' = False). Treating as an Input.
W0417 16:27:02.736000 2921105 torch/onnx/_internal/exporter/_schemas.py:455] Missing annotation for parameter 'boxes' from (input, boxes, output_size: 'Sequence[int]', spatial_scale: 'float' = 1.0, sampling_ratio: 'int' = -1, aligned: 'bool' = False). Treating as an Input.
W0417 16:27:02.736000 2921105 torch/onnx/_internal/exporter/_schemas.py:455] Missing annotation for parameter 'input' from (input, boxes, output_size: 'Sequence[int]', spatial_scale: 'float' = 1.0). Treating as an Input.
W0417 16:27:02.737000 2921105 torch/onnx/_internal/exporter/_schemas.py:455] Missing annotation for parameter 'boxes' from (input, boxes, output_size: 'Sequence[int]', spatial_scale: 'float' = 1.0). Treating as an Input.
/home/vd0034/.local/share/uv/python/cpython-3.12.12-linux-x86_64-gnu/lib/python3.12/copyreg.py:99: FutureWarning: `isinstance(treespec, LeafSpec)` is deprecated, use `isinstance(treespec, TreeSpec) and treespec.is_leaf()` instead.
  return cls.__new__(cls, *args)
Epoch [500/1000]  Loss: 1.7769
[torch.onnx] Obtain model graph for `GANGenerator([...]` with `torch.export.export(..., strict=False)`...
[torch.onnx] Obtain model graph for `GANGenerator([...]` with `torch.export.export(..., strict=False)`... ✅
[torch.onnx] Run decomposition...
[torch.onnx] Run decomposition... ✅
[torch.onnx] Translate the graph into ONNX...
[torch.onnx] Translate the graph into ONNX... ✅
Applied 3 of general pattern rewrite rules.
ONNX saved to /home/vd0034/shallow_learning/scripts/output_genmodel/gan/gan_epoch500.onnx
Epoch [501/1000]  Loss: 2.0971
Epoch [502/1000]  Loss: 2.3009
Epoch [503/1000]  Loss: 2.3327
Epoch [504/1000]  Loss: 2.3732
Epoch [505/1000]  Loss: 2.4225
Epoch [506/1000]  Loss: 2.4080
Epoch [507/1000]  Loss: 2.3930
Epoch [508/1000]  Loss: 2.4811
Epoch [509/1000]  Loss: 2.4885
/home/vd0034/shallow_learning/src/shallow_learning/deepl/gen_model.py:399: UserWarning: # 'dynamic_axes' is not recommended when dynamo=True, and may lead to 'torch._dynamo.exc.UserError: Constraints violated.' Supply the 'dynamic_shapes' argument instead if export is unsuccessful.
  torch.onnx.export(self.model.generator, dummy, filename,
W0417 16:27:21.506000 2921105 torch/onnx/_internal/exporter/_schemas.py:455] Missing annotation for parameter 'input' from (input, boxes, output_size: 'Sequence[int]', spatial_scale: 'float' = 1.0, sampling_ratio: 'int' = -1, aligned: 'bool' = False). Treating as an Input.
W0417 16:27:21.508000 2921105 torch/onnx/_internal/exporter/_schemas.py:455] Missing annotation for parameter 'boxes' from (input, boxes, output_size: 'Sequence[int]', spatial_scale: 'float' = 1.0, sampling_ratio: 'int' = -1, aligned: 'bool' = False). Treating as an Input.
W0417 16:27:21.508000 2921105 torch/onnx/_internal/exporter/_schemas.py:455] Missing annotation for parameter 'input' from (input, boxes, output_size: 'Sequence[int]', spatial_scale: 'float' = 1.0). Treating as an Input.
W0417 16:27:21.508000 2921105 torch/onnx/_internal/exporter/_schemas.py:455] Missing annotation for parameter 'boxes' from (input, boxes, output_size: 'Sequence[int]', spatial_scale: 'float' = 1.0). Treating as an Input.
/home/vd0034/.local/share/uv/python/cpython-3.12.12-linux-x86_64-gnu/lib/python3.12/copyreg.py:99: FutureWarning: `isinstance(treespec, LeafSpec)` is deprecated, use `isinstance(treespec, TreeSpec) and treespec.is_leaf()` instead.
  return cls.__new__(cls, *args)
Epoch [510/1000]  Loss: 2.4951
[torch.onnx] Obtain model graph for `GANGenerator([...]` with `torch.export.export(..., strict=False)`...
[torch.onnx] Obtain model graph for `GANGenerator([...]` with `torch.export.export(..., strict=False)`... ✅
[torch.onnx] Run decomposition...
[torch.onnx] Run decomposition... ✅
[torch.onnx] Translate the graph into ONNX...
[torch.onnx] Translate the graph into ONNX... ✅
Applied 3 of general pattern rewrite rules.
ONNX saved to /home/vd0034/shallow_learning/scripts/output_genmodel/gan/gan_epoch510.onnx
Epoch [511/1000]  Loss: 2.5085
Epoch [512/1000]  Loss: 2.5040
Epoch [513/1000]  Loss: 2.5336
Epoch [514/1000]  Loss: 2.5646
Epoch [515/1000]  Loss: 2.5743
Epoch [516/1000]  Loss: 2.5476
Epoch [517/1000]  Loss: 2.5656
Epoch [518/1000]  Loss: 2.5827
Epoch [519/1000]  Loss: 2.6741
/home/vd0034/shallow_learning/src/shallow_learning/deepl/gen_model.py:399: UserWarning: # 'dynamic_axes' is not recommended when dynamo=True, and may lead to 'torch._dynamo.exc.UserError: Constraints violated.' Supply the 'dynamic_shapes' argument instead if export is unsuccessful.
  torch.onnx.export(self.model.generator, dummy, filename,
W0417 16:27:43.764000 2921105 torch/onnx/_internal/exporter/_schemas.py:455] Missing annotation for parameter 'input' from (input, boxes, output_size: 'Sequence[int]', spatial_scale: 'float' = 1.0, sampling_ratio: 'int' = -1, aligned: 'bool' = False). Treating as an Input.
W0417 16:27:43.765000 2921105 torch/onnx/_internal/exporter/_schemas.py:455] Missing annotation for parameter 'boxes' from (input, boxes, output_size: 'Sequence[int]', spatial_scale: 'float' = 1.0, sampling_ratio: 'int' = -1, aligned: 'bool' = False). Treating as an Input.
W0417 16:27:43.765000 2921105 torch/onnx/_internal/exporter/_schemas.py:455] Missing annotation for parameter 'input' from (input, boxes, output_size: 'Sequence[int]', spatial_scale: 'float' = 1.0). Treating as an Input.
W0417 16:27:43.766000 2921105 torch/onnx/_internal/exporter/_schemas.py:455] Missing annotation for parameter 'boxes' from (input, boxes, output_size: 'Sequence[int]', spatial_scale: 'float' = 1.0). Treating as an Input.
/home/vd0034/.local/share/uv/python/cpython-3.12.12-linux-x86_64-gnu/lib/python3.12/copyreg.py:99: FutureWarning: `isinstance(treespec, LeafSpec)` is deprecated, use `isinstance(treespec, TreeSpec) and treespec.is_leaf()` instead.
  return cls.__new__(cls, *args)
Epoch [520/1000]  Loss: 2.5798
[torch.onnx] Obtain model graph for `GANGenerator([...]` with `torch.export.export(..., strict=False)`...
[torch.onnx] Obtain model graph for `GANGenerator([...]` with `torch.export.export(..., strict=False)`... ✅
[torch.onnx] Run decomposition...
[torch.onnx] Run decomposition... ✅
[torch.onnx] Translate the graph into ONNX...
[torch.onnx] Translate the graph into ONNX... ✅
Applied 3 of general pattern rewrite rules.
ONNX saved to /home/vd0034/shallow_learning/scripts/output_genmodel/gan/gan_epoch520.onnx
Epoch [521/1000]  Loss: 2.6669
Epoch [522/1000]  Loss: 2.5783
Epoch [523/1000]  Loss: 2.6627
Epoch [524/1000]  Loss: 2.6229
Epoch [525/1000]  Loss: 2.6373
Epoch [526/1000]  Loss: 2.6645
Epoch [527/1000]  Loss: 3.6110
Epoch [528/1000]  Loss: 1.7997
Epoch [529/1000]  Loss: 1.8396
/home/vd0034/shallow_learning/src/shallow_learning/deepl/gen_model.py:399: UserWarning: # 'dynamic_axes' is not recommended when dynamo=True, and may lead to 'torch._dynamo.exc.UserError: Constraints violated.' Supply the 'dynamic_shapes' argument instead if export is unsuccessful.
  torch.onnx.export(self.model.generator, dummy, filename,
W0417 16:28:02.506000 2921105 torch/onnx/_internal/exporter/_schemas.py:455] Missing annotation for parameter 'input' from (input, boxes, output_size: 'Sequence[int]', spatial_scale: 'float' = 1.0, sampling_ratio: 'int' = -1, aligned: 'bool' = False). Treating as an Input.
W0417 16:28:02.507000 2921105 torch/onnx/_internal/exporter/_schemas.py:455] Missing annotation for parameter 'boxes' from (input, boxes, output_size: 'Sequence[int]', spatial_scale: 'float' = 1.0, sampling_ratio: 'int' = -1, aligned: 'bool' = False). Treating as an Input.
W0417 16:28:02.507000 2921105 torch/onnx/_internal/exporter/_schemas.py:455] Missing annotation for parameter 'input' from (input, boxes, output_size: 'Sequence[int]', spatial_scale: 'float' = 1.0). Treating as an Input.
W0417 16:28:02.508000 2921105 torch/onnx/_internal/exporter/_schemas.py:455] Missing annotation for parameter 'boxes' from (input, boxes, output_size: 'Sequence[int]', spatial_scale: 'float' = 1.0). Treating as an Input.
/home/vd0034/.local/share/uv/python/cpython-3.12.12-linux-x86_64-gnu/lib/python3.12/copyreg.py:99: FutureWarning: `isinstance(treespec, LeafSpec)` is deprecated, use `isinstance(treespec, TreeSpec) and treespec.is_leaf()` instead.
  return cls.__new__(cls, *args)
Epoch [530/1000]  Loss: 2.0569
[torch.onnx] Obtain model graph for `GANGenerator([...]` with `torch.export.export(..., strict=False)`...
[torch.onnx] Obtain model graph for `GANGenerator([...]` with `torch.export.export(..., strict=False)`... ✅
[torch.onnx] Run decomposition...
[torch.onnx] Run decomposition... ✅
[torch.onnx] Translate the graph into ONNX...
[torch.onnx] Translate the graph into ONNX... ✅
Applied 3 of general pattern rewrite rules.
ONNX saved to /home/vd0034/shallow_learning/scripts/output_genmodel/gan/gan_epoch530.onnx
Epoch [531/1000]  Loss: 2.1192
Epoch [532/1000]  Loss: 2.1877
Epoch [533/1000]  Loss: 2.2166
Epoch [534/1000]  Loss: 2.2688
Epoch [535/1000]  Loss: 2.3176
Epoch [536/1000]  Loss: 2.3909
Epoch [537/1000]  Loss: 2.3731
Epoch [538/1000]  Loss: 2.4212
Epoch [539/1000]  Loss: 2.3937
/home/vd0034/shallow_learning/src/shallow_learning/deepl/gen_model.py:399: UserWarning: # 'dynamic_axes' is not recommended when dynamo=True, and may lead to 'torch._dynamo.exc.UserError: Constraints violated.' Supply the 'dynamic_shapes' argument instead if export is unsuccessful.
  torch.onnx.export(self.model.generator, dummy, filename,
W0417 16:28:20.956000 2921105 torch/onnx/_internal/exporter/_schemas.py:455] Missing annotation for parameter 'input' from (input, boxes, output_size: 'Sequence[int]', spatial_scale: 'float' = 1.0, sampling_ratio: 'int' = -1, aligned: 'bool' = False). Treating as an Input.
W0417 16:28:20.958000 2921105 torch/onnx/_internal/exporter/_schemas.py:455] Missing annotation for parameter 'boxes' from (input, boxes, output_size: 'Sequence[int]', spatial_scale: 'float' = 1.0, sampling_ratio: 'int' = -1, aligned: 'bool' = False). Treating as an Input.
W0417 16:28:20.958000 2921105 torch/onnx/_internal/exporter/_schemas.py:455] Missing annotation for parameter 'input' from (input, boxes, output_size: 'Sequence[int]', spatial_scale: 'float' = 1.0). Treating as an Input.
W0417 16:28:20.958000 2921105 torch/onnx/_internal/exporter/_schemas.py:455] Missing annotation for parameter 'boxes' from (input, boxes, output_size: 'Sequence[int]', spatial_scale: 'float' = 1.0). Treating as an Input.
/home/vd0034/.local/share/uv/python/cpython-3.12.12-linux-x86_64-gnu/lib/python3.12/copyreg.py:99: FutureWarning: `isinstance(treespec, LeafSpec)` is deprecated, use `isinstance(treespec, TreeSpec) and treespec.is_leaf()` instead.
  return cls.__new__(cls, *args)
Epoch [540/1000]  Loss: 2.3943
[torch.onnx] Obtain model graph for `GANGenerator([...]` with `torch.export.export(..., strict=False)`...
[torch.onnx] Obtain model graph for `GANGenerator([...]` with `torch.export.export(..., strict=False)`... ✅
[torch.onnx] Run decomposition...
[torch.onnx] Run decomposition... ✅
[torch.onnx] Translate the graph into ONNX...
[torch.onnx] Translate the graph into ONNX... ✅
Applied 3 of general pattern rewrite rules.
ONNX saved to /home/vd0034/shallow_learning/scripts/output_genmodel/gan/gan_epoch540.onnx
Epoch [541/1000]  Loss: 1.8492
Epoch [542/1000]  Loss: 1.7300
Epoch [543/1000]  Loss: 1.9964
Epoch [544/1000]  Loss: 2.1754
Epoch [545/1000]  Loss: 2.2441
Epoch [546/1000]  Loss: 2.2936
Epoch [547/1000]  Loss: 2.3589
Epoch [548/1000]  Loss: 2.3666
Epoch [549/1000]  Loss: 2.4695
/home/vd0034/shallow_learning/src/shallow_learning/deepl/gen_model.py:399: UserWarning: # 'dynamic_axes' is not recommended when dynamo=True, and may lead to 'torch._dynamo.exc.UserError: Constraints violated.' Supply the 'dynamic_shapes' argument instead if export is unsuccessful.
  torch.onnx.export(self.model.generator, dummy, filename,
W0417 16:28:40.429000 2921105 torch/onnx/_internal/exporter/_schemas.py:455] Missing annotation for parameter 'input' from (input, boxes, output_size: 'Sequence[int]', spatial_scale: 'float' = 1.0, sampling_ratio: 'int' = -1, aligned: 'bool' = False). Treating as an Input.
W0417 16:28:40.430000 2921105 torch/onnx/_internal/exporter/_schemas.py:455] Missing annotation for parameter 'boxes' from (input, boxes, output_size: 'Sequence[int]', spatial_scale: 'float' = 1.0, sampling_ratio: 'int' = -1, aligned: 'bool' = False). Treating as an Input.
W0417 16:28:40.431000 2921105 torch/onnx/_internal/exporter/_schemas.py:455] Missing annotation for parameter 'input' from (input, boxes, output_size: 'Sequence[int]', spatial_scale: 'float' = 1.0). Treating as an Input.
W0417 16:28:40.431000 2921105 torch/onnx/_internal/exporter/_schemas.py:455] Missing annotation for parameter 'boxes' from (input, boxes, output_size: 'Sequence[int]', spatial_scale: 'float' = 1.0). Treating as an Input.
/home/vd0034/.local/share/uv/python/cpython-3.12.12-linux-x86_64-gnu/lib/python3.12/copyreg.py:99: FutureWarning: `isinstance(treespec, LeafSpec)` is deprecated, use `isinstance(treespec, TreeSpec) and treespec.is_leaf()` instead.
  return cls.__new__(cls, *args)
Epoch [550/1000]  Loss: 2.4092
[torch.onnx] Obtain model graph for `GANGenerator([...]` with `torch.export.export(..., strict=False)`...
[torch.onnx] Obtain model graph for `GANGenerator([...]` with `torch.export.export(..., strict=False)`... ✅
[torch.onnx] Run decomposition...
[torch.onnx] Run decomposition... ✅
[torch.onnx] Translate the graph into ONNX...
[torch.onnx] Translate the graph into ONNX... ✅
Applied 3 of general pattern rewrite rules.
ONNX saved to /home/vd0034/shallow_learning/scripts/output_genmodel/gan/gan_epoch550.onnx
Epoch [551/1000]  Loss: 2.5165
Epoch [552/1000]  Loss: 2.4566
Epoch [553/1000]  Loss: 2.4592
Epoch [554/1000]  Loss: 2.5010
Epoch [555/1000]  Loss: 2.4826
Epoch [556/1000]  Loss: 2.5503
Epoch [557/1000]  Loss: 2.5521
Epoch [558/1000]  Loss: 2.5747
Epoch [559/1000]  Loss: 2.5850
/home/vd0034/shallow_learning/src/shallow_learning/deepl/gen_model.py:399: UserWarning: # 'dynamic_axes' is not recommended when dynamo=True, and may lead to 'torch._dynamo.exc.UserError: Constraints violated.' Supply the 'dynamic_shapes' argument instead if export is unsuccessful.
  torch.onnx.export(self.model.generator, dummy, filename,
W0417 16:28:59.131000 2921105 torch/onnx/_internal/exporter/_schemas.py:455] Missing annotation for parameter 'input' from (input, boxes, output_size: 'Sequence[int]', spatial_scale: 'float' = 1.0, sampling_ratio: 'int' = -1, aligned: 'bool' = False). Treating as an Input.
W0417 16:28:59.131000 2921105 torch/onnx/_internal/exporter/_schemas.py:455] Missing annotation for parameter 'boxes' from (input, boxes, output_size: 'Sequence[int]', spatial_scale: 'float' = 1.0, sampling_ratio: 'int' = -1, aligned: 'bool' = False). Treating as an Input.
W0417 16:28:59.132000 2921105 torch/onnx/_internal/exporter/_schemas.py:455] Missing annotation for parameter 'input' from (input, boxes, output_size: 'Sequence[int]', spatial_scale: 'float' = 1.0). Treating as an Input.
W0417 16:28:59.132000 2921105 torch/onnx/_internal/exporter/_schemas.py:455] Missing annotation for parameter 'boxes' from (input, boxes, output_size: 'Sequence[int]', spatial_scale: 'float' = 1.0). Treating as an Input.
/home/vd0034/.local/share/uv/python/cpython-3.12.12-linux-x86_64-gnu/lib/python3.12/copyreg.py:99: FutureWarning: `isinstance(treespec, LeafSpec)` is deprecated, use `isinstance(treespec, TreeSpec) and treespec.is_leaf()` instead.
  return cls.__new__(cls, *args)
Epoch [560/1000]  Loss: 2.6093
[torch.onnx] Obtain model graph for `GANGenerator([...]` with `torch.export.export(..., strict=False)`...
[torch.onnx] Obtain model graph for `GANGenerator([...]` with `torch.export.export(..., strict=False)`... ✅
[torch.onnx] Run decomposition...
[torch.onnx] Run decomposition... ✅
[torch.onnx] Translate the graph into ONNX...
[torch.onnx] Translate the graph into ONNX... ✅
Applied 3 of general pattern rewrite rules.
ONNX saved to /home/vd0034/shallow_learning/scripts/output_genmodel/gan/gan_epoch560.onnx
Epoch [561/1000]  Loss: 2.5830
Epoch [562/1000]  Loss: 2.6536
Epoch [563/1000]  Loss: 2.6248
Epoch [564/1000]  Loss: 2.6121
Epoch [565/1000]  Loss: 2.6702
Epoch [566/1000]  Loss: 2.6269
Epoch [567/1000]  Loss: 2.7202
Epoch [568/1000]  Loss: 2.6939
Epoch [569/1000]  Loss: 2.7758
/home/vd0034/shallow_learning/src/shallow_learning/deepl/gen_model.py:399: UserWarning: # 'dynamic_axes' is not recommended when dynamo=True, and may lead to 'torch._dynamo.exc.UserError: Constraints violated.' Supply the 'dynamic_shapes' argument instead if export is unsuccessful.
  torch.onnx.export(self.model.generator, dummy, filename,
W0417 16:29:17.261000 2921105 torch/onnx/_internal/exporter/_schemas.py:455] Missing annotation for parameter 'input' from (input, boxes, output_size: 'Sequence[int]', spatial_scale: 'float' = 1.0, sampling_ratio: 'int' = -1, aligned: 'bool' = False). Treating as an Input.
W0417 16:29:17.262000 2921105 torch/onnx/_internal/exporter/_schemas.py:455] Missing annotation for parameter 'boxes' from (input, boxes, output_size: 'Sequence[int]', spatial_scale: 'float' = 1.0, sampling_ratio: 'int' = -1, aligned: 'bool' = False). Treating as an Input.
W0417 16:29:17.262000 2921105 torch/onnx/_internal/exporter/_schemas.py:455] Missing annotation for parameter 'input' from (input, boxes, output_size: 'Sequence[int]', spatial_scale: 'float' = 1.0). Treating as an Input.
W0417 16:29:17.262000 2921105 torch/onnx/_internal/exporter/_schemas.py:455] Missing annotation for parameter 'boxes' from (input, boxes, output_size: 'Sequence[int]', spatial_scale: 'float' = 1.0). Treating as an Input.
/home/vd0034/.local/share/uv/python/cpython-3.12.12-linux-x86_64-gnu/lib/python3.12/copyreg.py:99: FutureWarning: `isinstance(treespec, LeafSpec)` is deprecated, use `isinstance(treespec, TreeSpec) and treespec.is_leaf()` instead.
  return cls.__new__(cls, *args)
Epoch [570/1000]  Loss: 1.7159
[torch.onnx] Obtain model graph for `GANGenerator([...]` with `torch.export.export(..., strict=False)`...
[torch.onnx] Obtain model graph for `GANGenerator([...]` with `torch.export.export(..., strict=False)`... ✅
[torch.onnx] Run decomposition...
[torch.onnx] Run decomposition... ✅
[torch.onnx] Translate the graph into ONNX...
[torch.onnx] Translate the graph into ONNX... ✅
Applied 3 of general pattern rewrite rules.
ONNX saved to /home/vd0034/shallow_learning/scripts/output_genmodel/gan/gan_epoch570.onnx
Epoch [571/1000]  Loss: 2.0005
Epoch [572/1000]  Loss: 2.2282
Epoch [573/1000]  Loss: 2.3239
Epoch [574/1000]  Loss: 2.3559
Epoch [575/1000]  Loss: 2.4165
Epoch [576/1000]  Loss: 2.4442
Epoch [577/1000]  Loss: 2.4678
Epoch [578/1000]  Loss: 2.4959
Epoch [579/1000]  Loss: 2.5328
/home/vd0034/shallow_learning/src/shallow_learning/deepl/gen_model.py:399: UserWarning: # 'dynamic_axes' is not recommended when dynamo=True, and may lead to 'torch._dynamo.exc.UserError: Constraints violated.' Supply the 'dynamic_shapes' argument instead if export is unsuccessful.
  torch.onnx.export(self.model.generator, dummy, filename,
W0417 16:29:36.722000 2921105 torch/onnx/_internal/exporter/_schemas.py:455] Missing annotation for parameter 'input' from (input, boxes, output_size: 'Sequence[int]', spatial_scale: 'float' = 1.0, sampling_ratio: 'int' = -1, aligned: 'bool' = False). Treating as an Input.
W0417 16:29:36.723000 2921105 torch/onnx/_internal/exporter/_schemas.py:455] Missing annotation for parameter 'boxes' from (input, boxes, output_size: 'Sequence[int]', spatial_scale: 'float' = 1.0, sampling_ratio: 'int' = -1, aligned: 'bool' = False). Treating as an Input.
W0417 16:29:36.723000 2921105 torch/onnx/_internal/exporter/_schemas.py:455] Missing annotation for parameter 'input' from (input, boxes, output_size: 'Sequence[int]', spatial_scale: 'float' = 1.0). Treating as an Input.
W0417 16:29:36.724000 2921105 torch/onnx/_internal/exporter/_schemas.py:455] Missing annotation for parameter 'boxes' from (input, boxes, output_size: 'Sequence[int]', spatial_scale: 'float' = 1.0). Treating as an Input.
/home/vd0034/.local/share/uv/python/cpython-3.12.12-linux-x86_64-gnu/lib/python3.12/copyreg.py:99: FutureWarning: `isinstance(treespec, LeafSpec)` is deprecated, use `isinstance(treespec, TreeSpec) and treespec.is_leaf()` instead.
  return cls.__new__(cls, *args)
Epoch [580/1000]  Loss: 2.5410
[torch.onnx] Obtain model graph for `GANGenerator([...]` with `torch.export.export(..., strict=False)`...
[torch.onnx] Obtain model graph for `GANGenerator([...]` with `torch.export.export(..., strict=False)`... ✅
[torch.onnx] Run decomposition...
[torch.onnx] Run decomposition... ✅
[torch.onnx] Translate the graph into ONNX...
[torch.onnx] Translate the graph into ONNX... ✅
Applied 3 of general pattern rewrite rules.
ONNX saved to /home/vd0034/shallow_learning/scripts/output_genmodel/gan/gan_epoch580.onnx
Epoch [581/1000]  Loss: 2.5391
Epoch [582/1000]  Loss: 2.5524
Epoch [583/1000]  Loss: 2.6031
Epoch [584/1000]  Loss: 2.6325
Epoch [585/1000]  Loss: 2.5873
Epoch [586/1000]  Loss: 2.6089
Epoch [587/1000]  Loss: 2.6218
Epoch [588/1000]  Loss: 2.6573
Epoch [589/1000]  Loss: 2.6617
/home/vd0034/shallow_learning/src/shallow_learning/deepl/gen_model.py:399: UserWarning: # 'dynamic_axes' is not recommended when dynamo=True, and may lead to 'torch._dynamo.exc.UserError: Constraints violated.' Supply the 'dynamic_shapes' argument instead if export is unsuccessful.
  torch.onnx.export(self.model.generator, dummy, filename,
W0417 16:29:55.690000 2921105 torch/onnx/_internal/exporter/_schemas.py:455] Missing annotation for parameter 'input' from (input, boxes, output_size: 'Sequence[int]', spatial_scale: 'float' = 1.0, sampling_ratio: 'int' = -1, aligned: 'bool' = False). Treating as an Input.
W0417 16:29:55.691000 2921105 torch/onnx/_internal/exporter/_schemas.py:455] Missing annotation for parameter 'boxes' from (input, boxes, output_size: 'Sequence[int]', spatial_scale: 'float' = 1.0, sampling_ratio: 'int' = -1, aligned: 'bool' = False). Treating as an Input.
W0417 16:29:55.692000 2921105 torch/onnx/_internal/exporter/_schemas.py:455] Missing annotation for parameter 'input' from (input, boxes, output_size: 'Sequence[int]', spatial_scale: 'float' = 1.0). Treating as an Input.
W0417 16:29:55.692000 2921105 torch/onnx/_internal/exporter/_schemas.py:455] Missing annotation for parameter 'boxes' from (input, boxes, output_size: 'Sequence[int]', spatial_scale: 'float' = 1.0). Treating as an Input.
/home/vd0034/.local/share/uv/python/cpython-3.12.12-linux-x86_64-gnu/lib/python3.12/copyreg.py:99: FutureWarning: `isinstance(treespec, LeafSpec)` is deprecated, use `isinstance(treespec, TreeSpec) and treespec.is_leaf()` instead.
  return cls.__new__(cls, *args)
Epoch [590/1000]  Loss: 2.6830
[torch.onnx] Obtain model graph for `GANGenerator([...]` with `torch.export.export(..., strict=False)`...
[torch.onnx] Obtain model graph for `GANGenerator([...]` with `torch.export.export(..., strict=False)`... ✅
[torch.onnx] Run decomposition...
[torch.onnx] Run decomposition... ✅
[torch.onnx] Translate the graph into ONNX...
[torch.onnx] Translate the graph into ONNX... ✅
Applied 3 of general pattern rewrite rules.
ONNX saved to /home/vd0034/shallow_learning/scripts/output_genmodel/gan/gan_epoch590.onnx
Epoch [591/1000]  Loss: 2.7038
Epoch [592/1000]  Loss: 2.6671
Epoch [593/1000]  Loss: 2.7277
Epoch [594/1000]  Loss: 2.7275
Epoch [595/1000]  Loss: 2.7416
Epoch [596/1000]  Loss: 2.7392
Epoch [597/1000]  Loss: 2.7506
Epoch [598/1000]  Loss: 2.7416
Epoch [599/1000]  Loss: 2.7167
/home/vd0034/shallow_learning/src/shallow_learning/deepl/gen_model.py:399: UserWarning: # 'dynamic_axes' is not recommended when dynamo=True, and may lead to 'torch._dynamo.exc.UserError: Constraints violated.' Supply the 'dynamic_shapes' argument instead if export is unsuccessful.
  torch.onnx.export(self.model.generator, dummy, filename,
W0417 16:30:17.631000 2921105 torch/onnx/_internal/exporter/_schemas.py:455] Missing annotation for parameter 'input' from (input, boxes, output_size: 'Sequence[int]', spatial_scale: 'float' = 1.0, sampling_ratio: 'int' = -1, aligned: 'bool' = False). Treating as an Input.
W0417 16:30:17.632000 2921105 torch/onnx/_internal/exporter/_schemas.py:455] Missing annotation for parameter 'boxes' from (input, boxes, output_size: 'Sequence[int]', spatial_scale: 'float' = 1.0, sampling_ratio: 'int' = -1, aligned: 'bool' = False). Treating as an Input.
W0417 16:30:17.632000 2921105 torch/onnx/_internal/exporter/_schemas.py:455] Missing annotation for parameter 'input' from (input, boxes, output_size: 'Sequence[int]', spatial_scale: 'float' = 1.0). Treating as an Input.
W0417 16:30:17.633000 2921105 torch/onnx/_internal/exporter/_schemas.py:455] Missing annotation for parameter 'boxes' from (input, boxes, output_size: 'Sequence[int]', spatial_scale: 'float' = 1.0). Treating as an Input.
/home/vd0034/.local/share/uv/python/cpython-3.12.12-linux-x86_64-gnu/lib/python3.12/copyreg.py:99: FutureWarning: `isinstance(treespec, LeafSpec)` is deprecated, use `isinstance(treespec, TreeSpec) and treespec.is_leaf()` instead.
  return cls.__new__(cls, *args)
Epoch [600/1000]  Loss: 2.7310
[torch.onnx] Obtain model graph for `GANGenerator([...]` with `torch.export.export(..., strict=False)`...
[torch.onnx] Obtain model graph for `GANGenerator([...]` with `torch.export.export(..., strict=False)`... ✅
[torch.onnx] Run decomposition...
[torch.onnx] Run decomposition... ✅
[torch.onnx] Translate the graph into ONNX...
[torch.onnx] Translate the graph into ONNX... ✅
Applied 3 of general pattern rewrite rules.
ONNX saved to /home/vd0034/shallow_learning/scripts/output_genmodel/gan/gan_epoch600.onnx
Epoch [601/1000]  Loss: 2.7825
Epoch [602/1000]  Loss: 1.4336
Epoch [603/1000]  Loss: 1.7766
Epoch [604/1000]  Loss: 2.0525
Epoch [605/1000]  Loss: 2.2614
Epoch [606/1000]  Loss: 2.3926
Epoch [607/1000]  Loss: 2.3820
Epoch [608/1000]  Loss: 2.4788
Epoch [609/1000]  Loss: 2.5265
/home/vd0034/shallow_learning/src/shallow_learning/deepl/gen_model.py:399: UserWarning: # 'dynamic_axes' is not recommended when dynamo=True, and may lead to 'torch._dynamo.exc.UserError: Constraints violated.' Supply the 'dynamic_shapes' argument instead if export is unsuccessful.
  torch.onnx.export(self.model.generator, dummy, filename,
W0417 16:30:37.669000 2921105 torch/onnx/_internal/exporter/_schemas.py:455] Missing annotation for parameter 'input' from (input, boxes, output_size: 'Sequence[int]', spatial_scale: 'float' = 1.0, sampling_ratio: 'int' = -1, aligned: 'bool' = False). Treating as an Input.
W0417 16:30:37.670000 2921105 torch/onnx/_internal/exporter/_schemas.py:455] Missing annotation for parameter 'boxes' from (input, boxes, output_size: 'Sequence[int]', spatial_scale: 'float' = 1.0, sampling_ratio: 'int' = -1, aligned: 'bool' = False). Treating as an Input.
W0417 16:30:37.671000 2921105 torch/onnx/_internal/exporter/_schemas.py:455] Missing annotation for parameter 'input' from (input, boxes, output_size: 'Sequence[int]', spatial_scale: 'float' = 1.0). Treating as an Input.
W0417 16:30:37.671000 2921105 torch/onnx/_internal/exporter/_schemas.py:455] Missing annotation for parameter 'boxes' from (input, boxes, output_size: 'Sequence[int]', spatial_scale: 'float' = 1.0). Treating as an Input.
/home/vd0034/.local/share/uv/python/cpython-3.12.12-linux-x86_64-gnu/lib/python3.12/copyreg.py:99: FutureWarning: `isinstance(treespec, LeafSpec)` is deprecated, use `isinstance(treespec, TreeSpec) and treespec.is_leaf()` instead.
  return cls.__new__(cls, *args)
Epoch [610/1000]  Loss: 2.5483
[torch.onnx] Obtain model graph for `GANGenerator([...]` with `torch.export.export(..., strict=False)`...
[torch.onnx] Obtain model graph for `GANGenerator([...]` with `torch.export.export(..., strict=False)`... ✅
[torch.onnx] Run decomposition...
[torch.onnx] Run decomposition... ✅
[torch.onnx] Translate the graph into ONNX...
[torch.onnx] Translate the graph into ONNX... ✅
Applied 3 of general pattern rewrite rules.
ONNX saved to /home/vd0034/shallow_learning/scripts/output_genmodel/gan/gan_epoch610.onnx
Epoch [611/1000]  Loss: 2.6036
Epoch [612/1000]  Loss: 2.5658
Epoch [613/1000]  Loss: 2.5781
Epoch [614/1000]  Loss: 2.6314
Epoch [615/1000]  Loss: 2.2831
Epoch [616/1000]  Loss: 2.0282
Epoch [617/1000]  Loss: 2.3196
Epoch [618/1000]  Loss: 2.4353
Epoch [619/1000]  Loss: 2.5672
/home/vd0034/shallow_learning/src/shallow_learning/deepl/gen_model.py:399: UserWarning: # 'dynamic_axes' is not recommended when dynamo=True, and may lead to 'torch._dynamo.exc.UserError: Constraints violated.' Supply the 'dynamic_shapes' argument instead if export is unsuccessful.
  torch.onnx.export(self.model.generator, dummy, filename,
W0417 16:30:57.053000 2921105 torch/onnx/_internal/exporter/_schemas.py:455] Missing annotation for parameter 'input' from (input, boxes, output_size: 'Sequence[int]', spatial_scale: 'float' = 1.0, sampling_ratio: 'int' = -1, aligned: 'bool' = False). Treating as an Input.
W0417 16:30:57.055000 2921105 torch/onnx/_internal/exporter/_schemas.py:455] Missing annotation for parameter 'boxes' from (input, boxes, output_size: 'Sequence[int]', spatial_scale: 'float' = 1.0, sampling_ratio: 'int' = -1, aligned: 'bool' = False). Treating as an Input.
W0417 16:30:57.055000 2921105 torch/onnx/_internal/exporter/_schemas.py:455] Missing annotation for parameter 'input' from (input, boxes, output_size: 'Sequence[int]', spatial_scale: 'float' = 1.0). Treating as an Input.
W0417 16:30:57.055000 2921105 torch/onnx/_internal/exporter/_schemas.py:455] Missing annotation for parameter 'boxes' from (input, boxes, output_size: 'Sequence[int]', spatial_scale: 'float' = 1.0). Treating as an Input.
/home/vd0034/.local/share/uv/python/cpython-3.12.12-linux-x86_64-gnu/lib/python3.12/copyreg.py:99: FutureWarning: `isinstance(treespec, LeafSpec)` is deprecated, use `isinstance(treespec, TreeSpec) and treespec.is_leaf()` instead.
  return cls.__new__(cls, *args)
Epoch [620/1000]  Loss: 2.6122
[torch.onnx] Obtain model graph for `GANGenerator([...]` with `torch.export.export(..., strict=False)`...
[torch.onnx] Obtain model graph for `GANGenerator([...]` with `torch.export.export(..., strict=False)`... ✅
[torch.onnx] Run decomposition...
[torch.onnx] Run decomposition... ✅
[torch.onnx] Translate the graph into ONNX...
[torch.onnx] Translate the graph into ONNX... ✅
Applied 3 of general pattern rewrite rules.
ONNX saved to /home/vd0034/shallow_learning/scripts/output_genmodel/gan/gan_epoch620.onnx
Epoch [621/1000]  Loss: 2.6415
Epoch [622/1000]  Loss: 2.6043
Epoch [623/1000]  Loss: 2.6139
Epoch [624/1000]  Loss: 2.6842
Epoch [625/1000]  Loss: 2.7581
Epoch [626/1000]  Loss: 2.7312
Epoch [627/1000]  Loss: 2.7048
Epoch [628/1000]  Loss: 2.7099
Epoch [629/1000]  Loss: 2.6908
/home/vd0034/shallow_learning/src/shallow_learning/deepl/gen_model.py:399: UserWarning: # 'dynamic_axes' is not recommended when dynamo=True, and may lead to 'torch._dynamo.exc.UserError: Constraints violated.' Supply the 'dynamic_shapes' argument instead if export is unsuccessful.
  torch.onnx.export(self.model.generator, dummy, filename,
W0417 16:31:17.630000 2921105 torch/onnx/_internal/exporter/_schemas.py:455] Missing annotation for parameter 'input' from (input, boxes, output_size: 'Sequence[int]', spatial_scale: 'float' = 1.0, sampling_ratio: 'int' = -1, aligned: 'bool' = False). Treating as an Input.
W0417 16:31:17.631000 2921105 torch/onnx/_internal/exporter/_schemas.py:455] Missing annotation for parameter 'boxes' from (input, boxes, output_size: 'Sequence[int]', spatial_scale: 'float' = 1.0, sampling_ratio: 'int' = -1, aligned: 'bool' = False). Treating as an Input.
W0417 16:31:17.631000 2921105 torch/onnx/_internal/exporter/_schemas.py:455] Missing annotation for parameter 'input' from (input, boxes, output_size: 'Sequence[int]', spatial_scale: 'float' = 1.0). Treating as an Input.
W0417 16:31:17.632000 2921105 torch/onnx/_internal/exporter/_schemas.py:455] Missing annotation for parameter 'boxes' from (input, boxes, output_size: 'Sequence[int]', spatial_scale: 'float' = 1.0). Treating as an Input.
/home/vd0034/.local/share/uv/python/cpython-3.12.12-linux-x86_64-gnu/lib/python3.12/copyreg.py:99: FutureWarning: `isinstance(treespec, LeafSpec)` is deprecated, use `isinstance(treespec, TreeSpec) and treespec.is_leaf()` instead.
  return cls.__new__(cls, *args)
Epoch [630/1000]  Loss: 2.7466
[torch.onnx] Obtain model graph for `GANGenerator([...]` with `torch.export.export(..., strict=False)`...
[torch.onnx] Obtain model graph for `GANGenerator([...]` with `torch.export.export(..., strict=False)`... ✅
[torch.onnx] Run decomposition...
[torch.onnx] Run decomposition... ✅
[torch.onnx] Translate the graph into ONNX...
[torch.onnx] Translate the graph into ONNX... ✅
Applied 3 of general pattern rewrite rules.
ONNX saved to /home/vd0034/shallow_learning/scripts/output_genmodel/gan/gan_epoch630.onnx
Epoch [631/1000]  Loss: 2.7573
Epoch [632/1000]  Loss: 2.7485
Epoch [633/1000]  Loss: 2.7812
Epoch [634/1000]  Loss: 2.7231
Epoch [635/1000]  Loss: 2.8077
Epoch [636/1000]  Loss: 2.7982
Epoch [637/1000]  Loss: 2.8292
Epoch [638/1000]  Loss: 2.8362
Epoch [639/1000]  Loss: 2.8744
/home/vd0034/shallow_learning/src/shallow_learning/deepl/gen_model.py:399: UserWarning: # 'dynamic_axes' is not recommended when dynamo=True, and may lead to 'torch._dynamo.exc.UserError: Constraints violated.' Supply the 'dynamic_shapes' argument instead if export is unsuccessful.
  torch.onnx.export(self.model.generator, dummy, filename,
W0417 16:31:36.714000 2921105 torch/onnx/_internal/exporter/_schemas.py:455] Missing annotation for parameter 'input' from (input, boxes, output_size: 'Sequence[int]', spatial_scale: 'float' = 1.0, sampling_ratio: 'int' = -1, aligned: 'bool' = False). Treating as an Input.
W0417 16:31:36.714000 2921105 torch/onnx/_internal/exporter/_schemas.py:455] Missing annotation for parameter 'boxes' from (input, boxes, output_size: 'Sequence[int]', spatial_scale: 'float' = 1.0, sampling_ratio: 'int' = -1, aligned: 'bool' = False). Treating as an Input.
W0417 16:31:36.715000 2921105 torch/onnx/_internal/exporter/_schemas.py:455] Missing annotation for parameter 'input' from (input, boxes, output_size: 'Sequence[int]', spatial_scale: 'float' = 1.0). Treating as an Input.
W0417 16:31:36.715000 2921105 torch/onnx/_internal/exporter/_schemas.py:455] Missing annotation for parameter 'boxes' from (input, boxes, output_size: 'Sequence[int]', spatial_scale: 'float' = 1.0). Treating as an Input.
/home/vd0034/.local/share/uv/python/cpython-3.12.12-linux-x86_64-gnu/lib/python3.12/copyreg.py:99: FutureWarning: `isinstance(treespec, LeafSpec)` is deprecated, use `isinstance(treespec, TreeSpec) and treespec.is_leaf()` instead.
  return cls.__new__(cls, *args)
Epoch [640/1000]  Loss: 2.8184
[torch.onnx] Obtain model graph for `GANGenerator([...]` with `torch.export.export(..., strict=False)`...
[torch.onnx] Obtain model graph for `GANGenerator([...]` with `torch.export.export(..., strict=False)`... ✅
[torch.onnx] Run decomposition...
[torch.onnx] Run decomposition... ✅
[torch.onnx] Translate the graph into ONNX...
[torch.onnx] Translate the graph into ONNX... ✅
Applied 3 of general pattern rewrite rules.
ONNX saved to /home/vd0034/shallow_learning/scripts/output_genmodel/gan/gan_epoch640.onnx
Epoch [641/1000]  Loss: 3.0892
Epoch [642/1000]  Loss: 1.8031
Epoch [643/1000]  Loss: 1.9036
Epoch [644/1000]  Loss: 2.1130
Epoch [645/1000]  Loss: 2.2469
Epoch [646/1000]  Loss: 2.3639
Epoch [647/1000]  Loss: 2.4578
Epoch [648/1000]  Loss: 2.1271
Epoch [649/1000]  Loss: 2.0251
/home/vd0034/shallow_learning/src/shallow_learning/deepl/gen_model.py:399: UserWarning: # 'dynamic_axes' is not recommended when dynamo=True, and may lead to 'torch._dynamo.exc.UserError: Constraints violated.' Supply the 'dynamic_shapes' argument instead if export is unsuccessful.
  torch.onnx.export(self.model.generator, dummy, filename,
W0417 16:31:55.610000 2921105 torch/onnx/_internal/exporter/_schemas.py:455] Missing annotation for parameter 'input' from (input, boxes, output_size: 'Sequence[int]', spatial_scale: 'float' = 1.0, sampling_ratio: 'int' = -1, aligned: 'bool' = False). Treating as an Input.
W0417 16:31:55.611000 2921105 torch/onnx/_internal/exporter/_schemas.py:455] Missing annotation for parameter 'boxes' from (input, boxes, output_size: 'Sequence[int]', spatial_scale: 'float' = 1.0, sampling_ratio: 'int' = -1, aligned: 'bool' = False). Treating as an Input.
W0417 16:31:55.612000 2921105 torch/onnx/_internal/exporter/_schemas.py:455] Missing annotation for parameter 'input' from (input, boxes, output_size: 'Sequence[int]', spatial_scale: 'float' = 1.0). Treating as an Input.
W0417 16:31:55.612000 2921105 torch/onnx/_internal/exporter/_schemas.py:455] Missing annotation for parameter 'boxes' from (input, boxes, output_size: 'Sequence[int]', spatial_scale: 'float' = 1.0). Treating as an Input.
/home/vd0034/.local/share/uv/python/cpython-3.12.12-linux-x86_64-gnu/lib/python3.12/copyreg.py:99: FutureWarning: `isinstance(treespec, LeafSpec)` is deprecated, use `isinstance(treespec, TreeSpec) and treespec.is_leaf()` instead.
  return cls.__new__(cls, *args)
Epoch [650/1000]  Loss: 2.3025
[torch.onnx] Obtain model graph for `GANGenerator([...]` with `torch.export.export(..., strict=False)`...
[torch.onnx] Obtain model graph for `GANGenerator([...]` with `torch.export.export(..., strict=False)`... ✅
[torch.onnx] Run decomposition...
[torch.onnx] Run decomposition... ✅
[torch.onnx] Translate the graph into ONNX...
[torch.onnx] Translate the graph into ONNX... ✅
Applied 3 of general pattern rewrite rules.
ONNX saved to /home/vd0034/shallow_learning/scripts/output_genmodel/gan/gan_epoch650.onnx
Epoch [651/1000]  Loss: 2.4452
Epoch [652/1000]  Loss: 2.4747
Epoch [653/1000]  Loss: 2.5033
Epoch [654/1000]  Loss: 2.4969
Epoch [655/1000]  Loss: 2.5612
Epoch [656/1000]  Loss: 2.5714
Epoch [657/1000]  Loss: 2.6181
Epoch [658/1000]  Loss: 2.6252
Epoch [659/1000]  Loss: 2.6427
/home/vd0034/shallow_learning/src/shallow_learning/deepl/gen_model.py:399: UserWarning: # 'dynamic_axes' is not recommended when dynamo=True, and may lead to 'torch._dynamo.exc.UserError: Constraints violated.' Supply the 'dynamic_shapes' argument instead if export is unsuccessful.
  torch.onnx.export(self.model.generator, dummy, filename,
W0417 16:32:15.188000 2921105 torch/onnx/_internal/exporter/_schemas.py:455] Missing annotation for parameter 'input' from (input, boxes, output_size: 'Sequence[int]', spatial_scale: 'float' = 1.0, sampling_ratio: 'int' = -1, aligned: 'bool' = False). Treating as an Input.
W0417 16:32:15.189000 2921105 torch/onnx/_internal/exporter/_schemas.py:455] Missing annotation for parameter 'boxes' from (input, boxes, output_size: 'Sequence[int]', spatial_scale: 'float' = 1.0, sampling_ratio: 'int' = -1, aligned: 'bool' = False). Treating as an Input.
W0417 16:32:15.190000 2921105 torch/onnx/_internal/exporter/_schemas.py:455] Missing annotation for parameter 'input' from (input, boxes, output_size: 'Sequence[int]', spatial_scale: 'float' = 1.0). Treating as an Input.
W0417 16:32:15.190000 2921105 torch/onnx/_internal/exporter/_schemas.py:455] Missing annotation for parameter 'boxes' from (input, boxes, output_size: 'Sequence[int]', spatial_scale: 'float' = 1.0). Treating as an Input.
/home/vd0034/.local/share/uv/python/cpython-3.12.12-linux-x86_64-gnu/lib/python3.12/copyreg.py:99: FutureWarning: `isinstance(treespec, LeafSpec)` is deprecated, use `isinstance(treespec, TreeSpec) and treespec.is_leaf()` instead.
  return cls.__new__(cls, *args)
Epoch [660/1000]  Loss: 2.6296
[torch.onnx] Obtain model graph for `GANGenerator([...]` with `torch.export.export(..., strict=False)`...
[torch.onnx] Obtain model graph for `GANGenerator([...]` with `torch.export.export(..., strict=False)`... ✅
[torch.onnx] Run decomposition...
[torch.onnx] Run decomposition... ✅
[torch.onnx] Translate the graph into ONNX...
[torch.onnx] Translate the graph into ONNX... ✅
Applied 3 of general pattern rewrite rules.
ONNX saved to /home/vd0034/shallow_learning/scripts/output_genmodel/gan/gan_epoch660.onnx
Epoch [661/1000]  Loss: 2.7140
Epoch [662/1000]  Loss: 2.6579
Epoch [663/1000]  Loss: 2.7293
Epoch [664/1000]  Loss: 2.6981
Epoch [665/1000]  Loss: 2.7454
Epoch [666/1000]  Loss: 2.7420
Epoch [667/1000]  Loss: 2.7735
Epoch [668/1000]  Loss: 2.7370
Epoch [669/1000]  Loss: 2.7508
/home/vd0034/shallow_learning/src/shallow_learning/deepl/gen_model.py:399: UserWarning: # 'dynamic_axes' is not recommended when dynamo=True, and may lead to 'torch._dynamo.exc.UserError: Constraints violated.' Supply the 'dynamic_shapes' argument instead if export is unsuccessful.
  torch.onnx.export(self.model.generator, dummy, filename,
W0417 16:32:34.067000 2921105 torch/onnx/_internal/exporter/_schemas.py:455] Missing annotation for parameter 'input' from (input, boxes, output_size: 'Sequence[int]', spatial_scale: 'float' = 1.0, sampling_ratio: 'int' = -1, aligned: 'bool' = False). Treating as an Input.
W0417 16:32:34.067000 2921105 torch/onnx/_internal/exporter/_schemas.py:455] Missing annotation for parameter 'boxes' from (input, boxes, output_size: 'Sequence[int]', spatial_scale: 'float' = 1.0, sampling_ratio: 'int' = -1, aligned: 'bool' = False). Treating as an Input.
W0417 16:32:34.068000 2921105 torch/onnx/_internal/exporter/_schemas.py:455] Missing annotation for parameter 'input' from (input, boxes, output_size: 'Sequence[int]', spatial_scale: 'float' = 1.0). Treating as an Input.
W0417 16:32:34.068000 2921105 torch/onnx/_internal/exporter/_schemas.py:455] Missing annotation for parameter 'boxes' from (input, boxes, output_size: 'Sequence[int]', spatial_scale: 'float' = 1.0). Treating as an Input.
/home/vd0034/.local/share/uv/python/cpython-3.12.12-linux-x86_64-gnu/lib/python3.12/copyreg.py:99: FutureWarning: `isinstance(treespec, LeafSpec)` is deprecated, use `isinstance(treespec, TreeSpec) and treespec.is_leaf()` instead.
  return cls.__new__(cls, *args)
Epoch [670/1000]  Loss: 2.8213
[torch.onnx] Obtain model graph for `GANGenerator([...]` with `torch.export.export(..., strict=False)`...
[torch.onnx] Obtain model graph for `GANGenerator([...]` with `torch.export.export(..., strict=False)`... ✅
[torch.onnx] Run decomposition...
[torch.onnx] Run decomposition... ✅
[torch.onnx] Translate the graph into ONNX...
[torch.onnx] Translate the graph into ONNX... ✅
Applied 3 of general pattern rewrite rules.
ONNX saved to /home/vd0034/shallow_learning/scripts/output_genmodel/gan/gan_epoch670.onnx
Epoch [671/1000]  Loss: 2.8137
Epoch [672/1000]  Loss: 2.8430
Epoch [673/1000]  Loss: 2.8054
Epoch [674/1000]  Loss: 2.8676
Epoch [675/1000]  Loss: 2.8003
Epoch [676/1000]  Loss: 2.8432
Epoch [677/1000]  Loss: 2.8556
Epoch [678/1000]  Loss: 2.8413
Epoch [679/1000]  Loss: 2.8734
/home/vd0034/shallow_learning/src/shallow_learning/deepl/gen_model.py:399: UserWarning: # 'dynamic_axes' is not recommended when dynamo=True, and may lead to 'torch._dynamo.exc.UserError: Constraints violated.' Supply the 'dynamic_shapes' argument instead if export is unsuccessful.
  torch.onnx.export(self.model.generator, dummy, filename,
W0417 16:32:56.669000 2921105 torch/onnx/_internal/exporter/_schemas.py:455] Missing annotation for parameter 'input' from (input, boxes, output_size: 'Sequence[int]', spatial_scale: 'float' = 1.0, sampling_ratio: 'int' = -1, aligned: 'bool' = False). Treating as an Input.
W0417 16:32:56.670000 2921105 torch/onnx/_internal/exporter/_schemas.py:455] Missing annotation for parameter 'boxes' from (input, boxes, output_size: 'Sequence[int]', spatial_scale: 'float' = 1.0, sampling_ratio: 'int' = -1, aligned: 'bool' = False). Treating as an Input.
W0417 16:32:56.671000 2921105 torch/onnx/_internal/exporter/_schemas.py:455] Missing annotation for parameter 'input' from (input, boxes, output_size: 'Sequence[int]', spatial_scale: 'float' = 1.0). Treating as an Input.
W0417 16:32:56.671000 2921105 torch/onnx/_internal/exporter/_schemas.py:455] Missing annotation for parameter 'boxes' from (input, boxes, output_size: 'Sequence[int]', spatial_scale: 'float' = 1.0). Treating as an Input.
/home/vd0034/.local/share/uv/python/cpython-3.12.12-linux-x86_64-gnu/lib/python3.12/copyreg.py:99: FutureWarning: `isinstance(treespec, LeafSpec)` is deprecated, use `isinstance(treespec, TreeSpec) and treespec.is_leaf()` instead.
  return cls.__new__(cls, *args)
Epoch [680/1000]  Loss: 2.8942
[torch.onnx] Obtain model graph for `GANGenerator([...]` with `torch.export.export(..., strict=False)`...
[torch.onnx] Obtain model graph for `GANGenerator([...]` with `torch.export.export(..., strict=False)`... ✅
[torch.onnx] Run decomposition...
[torch.onnx] Run decomposition... ✅
[torch.onnx] Translate the graph into ONNX...
[torch.onnx] Translate the graph into ONNX... ✅
Applied 3 of general pattern rewrite rules.
ONNX saved to /home/vd0034/shallow_learning/scripts/output_genmodel/gan/gan_epoch680.onnx
Epoch [681/1000]  Loss: 2.9072
Epoch [682/1000]  Loss: 2.9191
Epoch [683/1000]  Loss: 2.9205
Epoch [684/1000]  Loss: 2.9319
Epoch [685/1000]  Loss: 3.8375
Epoch [686/1000]  Loss: 1.8441
Epoch [687/1000]  Loss: 1.8964
Epoch [688/1000]  Loss: 2.1442
Epoch [689/1000]  Loss: 2.2561
/home/vd0034/shallow_learning/src/shallow_learning/deepl/gen_model.py:399: UserWarning: # 'dynamic_axes' is not recommended when dynamo=True, and may lead to 'torch._dynamo.exc.UserError: Constraints violated.' Supply the 'dynamic_shapes' argument instead if export is unsuccessful.
  torch.onnx.export(self.model.generator, dummy, filename,
W0417 16:33:16.314000 2921105 torch/onnx/_internal/exporter/_schemas.py:455] Missing annotation for parameter 'input' from (input, boxes, output_size: 'Sequence[int]', spatial_scale: 'float' = 1.0, sampling_ratio: 'int' = -1, aligned: 'bool' = False). Treating as an Input.
W0417 16:33:16.315000 2921105 torch/onnx/_internal/exporter/_schemas.py:455] Missing annotation for parameter 'boxes' from (input, boxes, output_size: 'Sequence[int]', spatial_scale: 'float' = 1.0, sampling_ratio: 'int' = -1, aligned: 'bool' = False). Treating as an Input.
W0417 16:33:16.316000 2921105 torch/onnx/_internal/exporter/_schemas.py:455] Missing annotation for parameter 'input' from (input, boxes, output_size: 'Sequence[int]', spatial_scale: 'float' = 1.0). Treating as an Input.
W0417 16:33:16.316000 2921105 torch/onnx/_internal/exporter/_schemas.py:455] Missing annotation for parameter 'boxes' from (input, boxes, output_size: 'Sequence[int]', spatial_scale: 'float' = 1.0). Treating as an Input.
/home/vd0034/.local/share/uv/python/cpython-3.12.12-linux-x86_64-gnu/lib/python3.12/copyreg.py:99: FutureWarning: `isinstance(treespec, LeafSpec)` is deprecated, use `isinstance(treespec, TreeSpec) and treespec.is_leaf()` instead.
  return cls.__new__(cls, *args)
Epoch [690/1000]  Loss: 2.3740
[torch.onnx] Obtain model graph for `GANGenerator([...]` with `torch.export.export(..., strict=False)`...
[torch.onnx] Obtain model graph for `GANGenerator([...]` with `torch.export.export(..., strict=False)`... ✅
[torch.onnx] Run decomposition...
[torch.onnx] Run decomposition... ✅
[torch.onnx] Translate the graph into ONNX...
[torch.onnx] Translate the graph into ONNX... ✅
Applied 3 of general pattern rewrite rules.
ONNX saved to /home/vd0034/shallow_learning/scripts/output_genmodel/gan/gan_epoch690.onnx
Epoch [691/1000]  Loss: 2.4627
Epoch [692/1000]  Loss: 2.5684
Epoch [693/1000]  Loss: 2.5508
Epoch [694/1000]  Loss: 2.6253
Epoch [695/1000]  Loss: 2.6589
Epoch [696/1000]  Loss: 2.6048
Epoch [697/1000]  Loss: 2.6788
Epoch [698/1000]  Loss: 2.7232
Epoch [699/1000]  Loss: 2.6922
/home/vd0034/shallow_learning/src/shallow_learning/deepl/gen_model.py:399: UserWarning: # 'dynamic_axes' is not recommended when dynamo=True, and may lead to 'torch._dynamo.exc.UserError: Constraints violated.' Supply the 'dynamic_shapes' argument instead if export is unsuccessful.
  torch.onnx.export(self.model.generator, dummy, filename,
W0417 16:33:35.150000 2921105 torch/onnx/_internal/exporter/_schemas.py:455] Missing annotation for parameter 'input' from (input, boxes, output_size: 'Sequence[int]', spatial_scale: 'float' = 1.0, sampling_ratio: 'int' = -1, aligned: 'bool' = False). Treating as an Input.
W0417 16:33:35.151000 2921105 torch/onnx/_internal/exporter/_schemas.py:455] Missing annotation for parameter 'boxes' from (input, boxes, output_size: 'Sequence[int]', spatial_scale: 'float' = 1.0, sampling_ratio: 'int' = -1, aligned: 'bool' = False). Treating as an Input.
W0417 16:33:35.151000 2921105 torch/onnx/_internal/exporter/_schemas.py:455] Missing annotation for parameter 'input' from (input, boxes, output_size: 'Sequence[int]', spatial_scale: 'float' = 1.0). Treating as an Input.
W0417 16:33:35.152000 2921105 torch/onnx/_internal/exporter/_schemas.py:455] Missing annotation for parameter 'boxes' from (input, boxes, output_size: 'Sequence[int]', spatial_scale: 'float' = 1.0). Treating as an Input.
/home/vd0034/.local/share/uv/python/cpython-3.12.12-linux-x86_64-gnu/lib/python3.12/copyreg.py:99: FutureWarning: `isinstance(treespec, LeafSpec)` is deprecated, use `isinstance(treespec, TreeSpec) and treespec.is_leaf()` instead.
  return cls.__new__(cls, *args)
Epoch [700/1000]  Loss: 2.7464
[torch.onnx] Obtain model graph for `GANGenerator([...]` with `torch.export.export(..., strict=False)`...
[torch.onnx] Obtain model graph for `GANGenerator([...]` with `torch.export.export(..., strict=False)`... ✅
[torch.onnx] Run decomposition...
[torch.onnx] Run decomposition... ✅
[torch.onnx] Translate the graph into ONNX...
[torch.onnx] Translate the graph into ONNX... ✅
Applied 3 of general pattern rewrite rules.
ONNX saved to /home/vd0034/shallow_learning/scripts/output_genmodel/gan/gan_epoch700.onnx
Epoch [701/1000]  Loss: 2.7417
Epoch [702/1000]  Loss: 2.7557
Epoch [703/1000]  Loss: 2.7673
Epoch [704/1000]  Loss: 2.7405
Epoch [705/1000]  Loss: 2.8437
Epoch [706/1000]  Loss: 2.8271
Epoch [707/1000]  Loss: 2.8096
Epoch [708/1000]  Loss: 2.8685
Epoch [709/1000]  Loss: 2.8014
/home/vd0034/shallow_learning/src/shallow_learning/deepl/gen_model.py:399: UserWarning: # 'dynamic_axes' is not recommended when dynamo=True, and may lead to 'torch._dynamo.exc.UserError: Constraints violated.' Supply the 'dynamic_shapes' argument instead if export is unsuccessful.
  torch.onnx.export(self.model.generator, dummy, filename,
W0417 16:33:54.840000 2921105 torch/onnx/_internal/exporter/_schemas.py:455] Missing annotation for parameter 'input' from (input, boxes, output_size: 'Sequence[int]', spatial_scale: 'float' = 1.0, sampling_ratio: 'int' = -1, aligned: 'bool' = False). Treating as an Input.
W0417 16:33:54.841000 2921105 torch/onnx/_internal/exporter/_schemas.py:455] Missing annotation for parameter 'boxes' from (input, boxes, output_size: 'Sequence[int]', spatial_scale: 'float' = 1.0, sampling_ratio: 'int' = -1, aligned: 'bool' = False). Treating as an Input.
W0417 16:33:54.841000 2921105 torch/onnx/_internal/exporter/_schemas.py:455] Missing annotation for parameter 'input' from (input, boxes, output_size: 'Sequence[int]', spatial_scale: 'float' = 1.0). Treating as an Input.
W0417 16:33:54.841000 2921105 torch/onnx/_internal/exporter/_schemas.py:455] Missing annotation for parameter 'boxes' from (input, boxes, output_size: 'Sequence[int]', spatial_scale: 'float' = 1.0). Treating as an Input.
/home/vd0034/.local/share/uv/python/cpython-3.12.12-linux-x86_64-gnu/lib/python3.12/copyreg.py:99: FutureWarning: `isinstance(treespec, LeafSpec)` is deprecated, use `isinstance(treespec, TreeSpec) and treespec.is_leaf()` instead.
  return cls.__new__(cls, *args)
Epoch [710/1000]  Loss: 2.8181
[torch.onnx] Obtain model graph for `GANGenerator([...]` with `torch.export.export(..., strict=False)`...
[torch.onnx] Obtain model graph for `GANGenerator([...]` with `torch.export.export(..., strict=False)`... ✅
[torch.onnx] Run decomposition...
[torch.onnx] Run decomposition... ✅
[torch.onnx] Translate the graph into ONNX...
[torch.onnx] Translate the graph into ONNX... ✅
Applied 3 of general pattern rewrite rules.
ONNX saved to /home/vd0034/shallow_learning/scripts/output_genmodel/gan/gan_epoch710.onnx
Epoch [711/1000]  Loss: 2.8572
Epoch [712/1000]  Loss: 2.8364
Epoch [713/1000]  Loss: 2.9341
Epoch [714/1000]  Loss: 2.8934
Epoch [715/1000]  Loss: 2.8906
Epoch [716/1000]  Loss: 2.9383
Epoch [717/1000]  Loss: 2.9430
Epoch [718/1000]  Loss: 2.9221
Epoch [719/1000]  Loss: 3.0197
/home/vd0034/shallow_learning/src/shallow_learning/deepl/gen_model.py:399: UserWarning: # 'dynamic_axes' is not recommended when dynamo=True, and may lead to 'torch._dynamo.exc.UserError: Constraints violated.' Supply the 'dynamic_shapes' argument instead if export is unsuccessful.
  torch.onnx.export(self.model.generator, dummy, filename,
W0417 16:34:14.481000 2921105 torch/onnx/_internal/exporter/_schemas.py:455] Missing annotation for parameter 'input' from (input, boxes, output_size: 'Sequence[int]', spatial_scale: 'float' = 1.0, sampling_ratio: 'int' = -1, aligned: 'bool' = False). Treating as an Input.
W0417 16:34:14.483000 2921105 torch/onnx/_internal/exporter/_schemas.py:455] Missing annotation for parameter 'boxes' from (input, boxes, output_size: 'Sequence[int]', spatial_scale: 'float' = 1.0, sampling_ratio: 'int' = -1, aligned: 'bool' = False). Treating as an Input.
W0417 16:34:14.483000 2921105 torch/onnx/_internal/exporter/_schemas.py:455] Missing annotation for parameter 'input' from (input, boxes, output_size: 'Sequence[int]', spatial_scale: 'float' = 1.0). Treating as an Input.
W0417 16:34:14.483000 2921105 torch/onnx/_internal/exporter/_schemas.py:455] Missing annotation for parameter 'boxes' from (input, boxes, output_size: 'Sequence[int]', spatial_scale: 'float' = 1.0). Treating as an Input.
/home/vd0034/.local/share/uv/python/cpython-3.12.12-linux-x86_64-gnu/lib/python3.12/copyreg.py:99: FutureWarning: `isinstance(treespec, LeafSpec)` is deprecated, use `isinstance(treespec, TreeSpec) and treespec.is_leaf()` instead.
  return cls.__new__(cls, *args)
Epoch [720/1000]  Loss: 2.9323
[torch.onnx] Obtain model graph for `GANGenerator([...]` with `torch.export.export(..., strict=False)`...
[torch.onnx] Obtain model graph for `GANGenerator([...]` with `torch.export.export(..., strict=False)`... ✅
[torch.onnx] Run decomposition...
[torch.onnx] Run decomposition... ✅
[torch.onnx] Translate the graph into ONNX...
[torch.onnx] Translate the graph into ONNX... ✅
Applied 3 of general pattern rewrite rules.
ONNX saved to /home/vd0034/shallow_learning/scripts/output_genmodel/gan/gan_epoch720.onnx
Epoch [721/1000]  Loss: 2.9159
Epoch [722/1000]  Loss: 2.9996
Epoch [723/1000]  Loss: 3.4696
Epoch [724/1000]  Loss: 1.5782
Epoch [725/1000]  Loss: 1.8770
Epoch [726/1000]  Loss: 2.1072
Epoch [727/1000]  Loss: 2.3088
Epoch [728/1000]  Loss: 2.4340
Epoch [729/1000]  Loss: 2.6273
/home/vd0034/shallow_learning/src/shallow_learning/deepl/gen_model.py:399: UserWarning: # 'dynamic_axes' is not recommended when dynamo=True, and may lead to 'torch._dynamo.exc.UserError: Constraints violated.' Supply the 'dynamic_shapes' argument instead if export is unsuccessful.
  torch.onnx.export(self.model.generator, dummy, filename,
W0417 16:34:33.507000 2921105 torch/onnx/_internal/exporter/_schemas.py:455] Missing annotation for parameter 'input' from (input, boxes, output_size: 'Sequence[int]', spatial_scale: 'float' = 1.0, sampling_ratio: 'int' = -1, aligned: 'bool' = False). Treating as an Input.
W0417 16:34:33.508000 2921105 torch/onnx/_internal/exporter/_schemas.py:455] Missing annotation for parameter 'boxes' from (input, boxes, output_size: 'Sequence[int]', spatial_scale: 'float' = 1.0, sampling_ratio: 'int' = -1, aligned: 'bool' = False). Treating as an Input.
W0417 16:34:33.508000 2921105 torch/onnx/_internal/exporter/_schemas.py:455] Missing annotation for parameter 'input' from (input, boxes, output_size: 'Sequence[int]', spatial_scale: 'float' = 1.0). Treating as an Input.
W0417 16:34:33.509000 2921105 torch/onnx/_internal/exporter/_schemas.py:455] Missing annotation for parameter 'boxes' from (input, boxes, output_size: 'Sequence[int]', spatial_scale: 'float' = 1.0). Treating as an Input.
/home/vd0034/.local/share/uv/python/cpython-3.12.12-linux-x86_64-gnu/lib/python3.12/copyreg.py:99: FutureWarning: `isinstance(treespec, LeafSpec)` is deprecated, use `isinstance(treespec, TreeSpec) and treespec.is_leaf()` instead.
  return cls.__new__(cls, *args)
Epoch [730/1000]  Loss: 2.6401
[torch.onnx] Obtain model graph for `GANGenerator([...]` with `torch.export.export(..., strict=False)`...
[torch.onnx] Obtain model graph for `GANGenerator([...]` with `torch.export.export(..., strict=False)`... ✅
[torch.onnx] Run decomposition...
[torch.onnx] Run decomposition... ✅
[torch.onnx] Translate the graph into ONNX...
[torch.onnx] Translate the graph into ONNX... ✅
Applied 3 of general pattern rewrite rules.
ONNX saved to /home/vd0034/shallow_learning/scripts/output_genmodel/gan/gan_epoch730.onnx
Epoch [731/1000]  Loss: 2.6555
Epoch [732/1000]  Loss: 2.7381
Epoch [733/1000]  Loss: 2.7631
Epoch [734/1000]  Loss: 2.7917
Epoch [735/1000]  Loss: 2.7961
Epoch [736/1000]  Loss: 2.7890
Epoch [737/1000]  Loss: 2.8162
Epoch [738/1000]  Loss: 2.8996
Epoch [739/1000]  Loss: 2.8669
/home/vd0034/shallow_learning/src/shallow_learning/deepl/gen_model.py:399: UserWarning: # 'dynamic_axes' is not recommended when dynamo=True, and may lead to 'torch._dynamo.exc.UserError: Constraints violated.' Supply the 'dynamic_shapes' argument instead if export is unsuccessful.
  torch.onnx.export(self.model.generator, dummy, filename,
W0417 16:34:53.226000 2921105 torch/onnx/_internal/exporter/_schemas.py:455] Missing annotation for parameter 'input' from (input, boxes, output_size: 'Sequence[int]', spatial_scale: 'float' = 1.0, sampling_ratio: 'int' = -1, aligned: 'bool' = False). Treating as an Input.
W0417 16:34:53.227000 2921105 torch/onnx/_internal/exporter/_schemas.py:455] Missing annotation for parameter 'boxes' from (input, boxes, output_size: 'Sequence[int]', spatial_scale: 'float' = 1.0, sampling_ratio: 'int' = -1, aligned: 'bool' = False). Treating as an Input.
W0417 16:34:53.227000 2921105 torch/onnx/_internal/exporter/_schemas.py:455] Missing annotation for parameter 'input' from (input, boxes, output_size: 'Sequence[int]', spatial_scale: 'float' = 1.0). Treating as an Input.
W0417 16:34:53.228000 2921105 torch/onnx/_internal/exporter/_schemas.py:455] Missing annotation for parameter 'boxes' from (input, boxes, output_size: 'Sequence[int]', spatial_scale: 'float' = 1.0). Treating as an Input.
/home/vd0034/.local/share/uv/python/cpython-3.12.12-linux-x86_64-gnu/lib/python3.12/copyreg.py:99: FutureWarning: `isinstance(treespec, LeafSpec)` is deprecated, use `isinstance(treespec, TreeSpec) and treespec.is_leaf()` instead.
  return cls.__new__(cls, *args)
Epoch [740/1000]  Loss: 2.8309
[torch.onnx] Obtain model graph for `GANGenerator([...]` with `torch.export.export(..., strict=False)`...
[torch.onnx] Obtain model graph for `GANGenerator([...]` with `torch.export.export(..., strict=False)`... ✅
[torch.onnx] Run decomposition...
[torch.onnx] Run decomposition... ✅
[torch.onnx] Translate the graph into ONNX...
[torch.onnx] Translate the graph into ONNX... ✅
Applied 3 of general pattern rewrite rules.
ONNX saved to /home/vd0034/shallow_learning/scripts/output_genmodel/gan/gan_epoch740.onnx
Epoch [741/1000]  Loss: 2.8436
Epoch [742/1000]  Loss: 2.8904
Epoch [743/1000]  Loss: 2.9498
Epoch [744/1000]  Loss: 2.9032
Epoch [745/1000]  Loss: 2.9482
Epoch [746/1000]  Loss: 2.8939
Epoch [747/1000]  Loss: 2.9860
Epoch [748/1000]  Loss: 2.9456
Epoch [749/1000]  Loss: 2.9676
/home/vd0034/shallow_learning/src/shallow_learning/deepl/gen_model.py:399: UserWarning: # 'dynamic_axes' is not recommended when dynamo=True, and may lead to 'torch._dynamo.exc.UserError: Constraints violated.' Supply the 'dynamic_shapes' argument instead if export is unsuccessful.
  torch.onnx.export(self.model.generator, dummy, filename,
W0417 16:35:11.865000 2921105 torch/onnx/_internal/exporter/_schemas.py:455] Missing annotation for parameter 'input' from (input, boxes, output_size: 'Sequence[int]', spatial_scale: 'float' = 1.0, sampling_ratio: 'int' = -1, aligned: 'bool' = False). Treating as an Input.
W0417 16:35:11.866000 2921105 torch/onnx/_internal/exporter/_schemas.py:455] Missing annotation for parameter 'boxes' from (input, boxes, output_size: 'Sequence[int]', spatial_scale: 'float' = 1.0, sampling_ratio: 'int' = -1, aligned: 'bool' = False). Treating as an Input.
W0417 16:35:11.866000 2921105 torch/onnx/_internal/exporter/_schemas.py:455] Missing annotation for parameter 'input' from (input, boxes, output_size: 'Sequence[int]', spatial_scale: 'float' = 1.0). Treating as an Input.
W0417 16:35:11.866000 2921105 torch/onnx/_internal/exporter/_schemas.py:455] Missing annotation for parameter 'boxes' from (input, boxes, output_size: 'Sequence[int]', spatial_scale: 'float' = 1.0). Treating as an Input.
/home/vd0034/.local/share/uv/python/cpython-3.12.12-linux-x86_64-gnu/lib/python3.12/copyreg.py:99: FutureWarning: `isinstance(treespec, LeafSpec)` is deprecated, use `isinstance(treespec, TreeSpec) and treespec.is_leaf()` instead.
  return cls.__new__(cls, *args)
Epoch [750/1000]  Loss: 2.9841
[torch.onnx] Obtain model graph for `GANGenerator([...]` with `torch.export.export(..., strict=False)`...
[torch.onnx] Obtain model graph for `GANGenerator([...]` with `torch.export.export(..., strict=False)`... ✅
[torch.onnx] Run decomposition...
[torch.onnx] Run decomposition... ✅
[torch.onnx] Translate the graph into ONNX...
[torch.onnx] Translate the graph into ONNX... ✅
Applied 3 of general pattern rewrite rules.
ONNX saved to /home/vd0034/shallow_learning/scripts/output_genmodel/gan/gan_epoch750.onnx
Epoch [751/1000]  Loss: 3.0280
Epoch [752/1000]  Loss: 2.9788
Epoch [753/1000]  Loss: 2.9723
Epoch [754/1000]  Loss: 3.0147
Epoch [755/1000]  Loss: 3.0574
Epoch [756/1000]  Loss: 3.0995
Epoch [757/1000]  Loss: 3.0066
Epoch [758/1000]  Loss: 3.1113
Epoch [759/1000]  Loss: 3.1026
/home/vd0034/shallow_learning/src/shallow_learning/deepl/gen_model.py:399: UserWarning: # 'dynamic_axes' is not recommended when dynamo=True, and may lead to 'torch._dynamo.exc.UserError: Constraints violated.' Supply the 'dynamic_shapes' argument instead if export is unsuccessful.
  torch.onnx.export(self.model.generator, dummy, filename,
W0417 16:35:30.836000 2921105 torch/onnx/_internal/exporter/_schemas.py:455] Missing annotation for parameter 'input' from (input, boxes, output_size: 'Sequence[int]', spatial_scale: 'float' = 1.0, sampling_ratio: 'int' = -1, aligned: 'bool' = False). Treating as an Input.
W0417 16:35:30.837000 2921105 torch/onnx/_internal/exporter/_schemas.py:455] Missing annotation for parameter 'boxes' from (input, boxes, output_size: 'Sequence[int]', spatial_scale: 'float' = 1.0, sampling_ratio: 'int' = -1, aligned: 'bool' = False). Treating as an Input.
W0417 16:35:30.838000 2921105 torch/onnx/_internal/exporter/_schemas.py:455] Missing annotation for parameter 'input' from (input, boxes, output_size: 'Sequence[int]', spatial_scale: 'float' = 1.0). Treating as an Input.
W0417 16:35:30.838000 2921105 torch/onnx/_internal/exporter/_schemas.py:455] Missing annotation for parameter 'boxes' from (input, boxes, output_size: 'Sequence[int]', spatial_scale: 'float' = 1.0). Treating as an Input.
/home/vd0034/.local/share/uv/python/cpython-3.12.12-linux-x86_64-gnu/lib/python3.12/copyreg.py:99: FutureWarning: `isinstance(treespec, LeafSpec)` is deprecated, use `isinstance(treespec, TreeSpec) and treespec.is_leaf()` instead.
  return cls.__new__(cls, *args)
Epoch [760/1000]  Loss: 6.1809
[torch.onnx] Obtain model graph for `GANGenerator([...]` with `torch.export.export(..., strict=False)`...
[torch.onnx] Obtain model graph for `GANGenerator([...]` with `torch.export.export(..., strict=False)`... ✅
[torch.onnx] Run decomposition...
[torch.onnx] Run decomposition... ✅
[torch.onnx] Translate the graph into ONNX...
[torch.onnx] Translate the graph into ONNX... ✅
Applied 3 of general pattern rewrite rules.
ONNX saved to /home/vd0034/shallow_learning/scripts/output_genmodel/gan/gan_epoch760.onnx
Epoch [761/1000]  Loss: 1.9602
Epoch [762/1000]  Loss: 1.9373
Epoch [763/1000]  Loss: 2.0380
Epoch [764/1000]  Loss: 2.2182
Epoch [765/1000]  Loss: 2.2591
Epoch [766/1000]  Loss: 2.3446
Epoch [767/1000]  Loss: 2.2659
Epoch [768/1000]  Loss: 2.2481
Epoch [769/1000]  Loss: 2.4513
/home/vd0034/shallow_learning/src/shallow_learning/deepl/gen_model.py:399: UserWarning: # 'dynamic_axes' is not recommended when dynamo=True, and may lead to 'torch._dynamo.exc.UserError: Constraints violated.' Supply the 'dynamic_shapes' argument instead if export is unsuccessful.
  torch.onnx.export(self.model.generator, dummy, filename,
W0417 16:35:50.525000 2921105 torch/onnx/_internal/exporter/_schemas.py:455] Missing annotation for parameter 'input' from (input, boxes, output_size: 'Sequence[int]', spatial_scale: 'float' = 1.0, sampling_ratio: 'int' = -1, aligned: 'bool' = False). Treating as an Input.
W0417 16:35:50.526000 2921105 torch/onnx/_internal/exporter/_schemas.py:455] Missing annotation for parameter 'boxes' from (input, boxes, output_size: 'Sequence[int]', spatial_scale: 'float' = 1.0, sampling_ratio: 'int' = -1, aligned: 'bool' = False). Treating as an Input.
W0417 16:35:50.526000 2921105 torch/onnx/_internal/exporter/_schemas.py:455] Missing annotation for parameter 'input' from (input, boxes, output_size: 'Sequence[int]', spatial_scale: 'float' = 1.0). Treating as an Input.
W0417 16:35:50.527000 2921105 torch/onnx/_internal/exporter/_schemas.py:455] Missing annotation for parameter 'boxes' from (input, boxes, output_size: 'Sequence[int]', spatial_scale: 'float' = 1.0). Treating as an Input.
/home/vd0034/.local/share/uv/python/cpython-3.12.12-linux-x86_64-gnu/lib/python3.12/copyreg.py:99: FutureWarning: `isinstance(treespec, LeafSpec)` is deprecated, use `isinstance(treespec, TreeSpec) and treespec.is_leaf()` instead.
  return cls.__new__(cls, *args)
Epoch [770/1000]  Loss: 2.4405
[torch.onnx] Obtain model graph for `GANGenerator([...]` with `torch.export.export(..., strict=False)`...
[torch.onnx] Obtain model graph for `GANGenerator([...]` with `torch.export.export(..., strict=False)`... ✅
[torch.onnx] Run decomposition...
[torch.onnx] Run decomposition... ✅
[torch.onnx] Translate the graph into ONNX...
[torch.onnx] Translate the graph into ONNX... ✅
Applied 3 of general pattern rewrite rules.
ONNX saved to /home/vd0034/shallow_learning/scripts/output_genmodel/gan/gan_epoch770.onnx
Epoch [771/1000]  Loss: 2.4827
Epoch [772/1000]  Loss: 2.4706
Epoch [773/1000]  Loss: 2.5340
Epoch [774/1000]  Loss: 2.5396
Epoch [775/1000]  Loss: 2.5788
Epoch [776/1000]  Loss: 2.5220
Epoch [777/1000]  Loss: 2.5722
Epoch [778/1000]  Loss: 2.5883
Epoch [779/1000]  Loss: 2.5561
/home/vd0034/shallow_learning/src/shallow_learning/deepl/gen_model.py:399: UserWarning: # 'dynamic_axes' is not recommended when dynamo=True, and may lead to 'torch._dynamo.exc.UserError: Constraints violated.' Supply the 'dynamic_shapes' argument instead if export is unsuccessful.
  torch.onnx.export(self.model.generator, dummy, filename,
W0417 16:36:10.065000 2921105 torch/onnx/_internal/exporter/_schemas.py:455] Missing annotation for parameter 'input' from (input, boxes, output_size: 'Sequence[int]', spatial_scale: 'float' = 1.0, sampling_ratio: 'int' = -1, aligned: 'bool' = False). Treating as an Input.
W0417 16:36:10.066000 2921105 torch/onnx/_internal/exporter/_schemas.py:455] Missing annotation for parameter 'boxes' from (input, boxes, output_size: 'Sequence[int]', spatial_scale: 'float' = 1.0, sampling_ratio: 'int' = -1, aligned: 'bool' = False). Treating as an Input.
W0417 16:36:10.066000 2921105 torch/onnx/_internal/exporter/_schemas.py:455] Missing annotation for parameter 'input' from (input, boxes, output_size: 'Sequence[int]', spatial_scale: 'float' = 1.0). Treating as an Input.
W0417 16:36:10.066000 2921105 torch/onnx/_internal/exporter/_schemas.py:455] Missing annotation for parameter 'boxes' from (input, boxes, output_size: 'Sequence[int]', spatial_scale: 'float' = 1.0). Treating as an Input.
/home/vd0034/.local/share/uv/python/cpython-3.12.12-linux-x86_64-gnu/lib/python3.12/copyreg.py:99: FutureWarning: `isinstance(treespec, LeafSpec)` is deprecated, use `isinstance(treespec, TreeSpec) and treespec.is_leaf()` instead.
  return cls.__new__(cls, *args)
Epoch [780/1000]  Loss: 2.6169
[torch.onnx] Obtain model graph for `GANGenerator([...]` with `torch.export.export(..., strict=False)`...
[torch.onnx] Obtain model graph for `GANGenerator([...]` with `torch.export.export(..., strict=False)`... ✅
[torch.onnx] Run decomposition...
[torch.onnx] Run decomposition... ✅
[torch.onnx] Translate the graph into ONNX...
[torch.onnx] Translate the graph into ONNX... ✅
Applied 3 of general pattern rewrite rules.
ONNX saved to /home/vd0034/shallow_learning/scripts/output_genmodel/gan/gan_epoch780.onnx
Epoch [781/1000]  Loss: 2.6368
Epoch [782/1000]  Loss: 2.7072
Epoch [783/1000]  Loss: 2.6877
Epoch [784/1000]  Loss: 2.7150
Epoch [785/1000]  Loss: 2.7028
Epoch [786/1000]  Loss: 1.8022
Epoch [787/1000]  Loss: 2.1051
Epoch [788/1000]  Loss: 2.3144
Epoch [789/1000]  Loss: 2.5109
/home/vd0034/shallow_learning/src/shallow_learning/deepl/gen_model.py:399: UserWarning: # 'dynamic_axes' is not recommended when dynamo=True, and may lead to 'torch._dynamo.exc.UserError: Constraints violated.' Supply the 'dynamic_shapes' argument instead if export is unsuccessful.
  torch.onnx.export(self.model.generator, dummy, filename,
W0417 16:36:29.038000 2921105 torch/onnx/_internal/exporter/_schemas.py:455] Missing annotation for parameter 'input' from (input, boxes, output_size: 'Sequence[int]', spatial_scale: 'float' = 1.0, sampling_ratio: 'int' = -1, aligned: 'bool' = False). Treating as an Input.
W0417 16:36:29.038000 2921105 torch/onnx/_internal/exporter/_schemas.py:455] Missing annotation for parameter 'boxes' from (input, boxes, output_size: 'Sequence[int]', spatial_scale: 'float' = 1.0, sampling_ratio: 'int' = -1, aligned: 'bool' = False). Treating as an Input.
W0417 16:36:29.039000 2921105 torch/onnx/_internal/exporter/_schemas.py:455] Missing annotation for parameter 'input' from (input, boxes, output_size: 'Sequence[int]', spatial_scale: 'float' = 1.0). Treating as an Input.
W0417 16:36:29.039000 2921105 torch/onnx/_internal/exporter/_schemas.py:455] Missing annotation for parameter 'boxes' from (input, boxes, output_size: 'Sequence[int]', spatial_scale: 'float' = 1.0). Treating as an Input.
/home/vd0034/.local/share/uv/python/cpython-3.12.12-linux-x86_64-gnu/lib/python3.12/copyreg.py:99: FutureWarning: `isinstance(treespec, LeafSpec)` is deprecated, use `isinstance(treespec, TreeSpec) and treespec.is_leaf()` instead.
  return cls.__new__(cls, *args)
Epoch [790/1000]  Loss: 2.5238
[torch.onnx] Obtain model graph for `GANGenerator([...]` with `torch.export.export(..., strict=False)`...
[torch.onnx] Obtain model graph for `GANGenerator([...]` with `torch.export.export(..., strict=False)`... ✅
[torch.onnx] Run decomposition...
[torch.onnx] Run decomposition... ✅
[torch.onnx] Translate the graph into ONNX...
[torch.onnx] Translate the graph into ONNX... ✅
Applied 3 of general pattern rewrite rules.
ONNX saved to /home/vd0034/shallow_learning/scripts/output_genmodel/gan/gan_epoch790.onnx
Epoch [791/1000]  Loss: 2.5312
Epoch [792/1000]  Loss: 2.6135
Epoch [793/1000]  Loss: 2.6673
Epoch [794/1000]  Loss: 2.7232
Epoch [795/1000]  Loss: 2.6675
Epoch [796/1000]  Loss: 2.7768
Epoch [797/1000]  Loss: 2.7371
Epoch [798/1000]  Loss: 2.7149
Epoch [799/1000]  Loss: 2.7731
/home/vd0034/shallow_learning/src/shallow_learning/deepl/gen_model.py:399: UserWarning: # 'dynamic_axes' is not recommended when dynamo=True, and may lead to 'torch._dynamo.exc.UserError: Constraints violated.' Supply the 'dynamic_shapes' argument instead if export is unsuccessful.
  torch.onnx.export(self.model.generator, dummy, filename,
W0417 16:36:49.004000 2921105 torch/onnx/_internal/exporter/_schemas.py:455] Missing annotation for parameter 'input' from (input, boxes, output_size: 'Sequence[int]', spatial_scale: 'float' = 1.0, sampling_ratio: 'int' = -1, aligned: 'bool' = False). Treating as an Input.
W0417 16:36:49.005000 2921105 torch/onnx/_internal/exporter/_schemas.py:455] Missing annotation for parameter 'boxes' from (input, boxes, output_size: 'Sequence[int]', spatial_scale: 'float' = 1.0, sampling_ratio: 'int' = -1, aligned: 'bool' = False). Treating as an Input.
W0417 16:36:49.006000 2921105 torch/onnx/_internal/exporter/_schemas.py:455] Missing annotation for parameter 'input' from (input, boxes, output_size: 'Sequence[int]', spatial_scale: 'float' = 1.0). Treating as an Input.
W0417 16:36:49.006000 2921105 torch/onnx/_internal/exporter/_schemas.py:455] Missing annotation for parameter 'boxes' from (input, boxes, output_size: 'Sequence[int]', spatial_scale: 'float' = 1.0). Treating as an Input.
/home/vd0034/.local/share/uv/python/cpython-3.12.12-linux-x86_64-gnu/lib/python3.12/copyreg.py:99: FutureWarning: `isinstance(treespec, LeafSpec)` is deprecated, use `isinstance(treespec, TreeSpec) and treespec.is_leaf()` instead.
  return cls.__new__(cls, *args)
Epoch [800/1000]  Loss: 2.7899
[torch.onnx] Obtain model graph for `GANGenerator([...]` with `torch.export.export(..., strict=False)`...
[torch.onnx] Obtain model graph for `GANGenerator([...]` with `torch.export.export(..., strict=False)`... ✅
[torch.onnx] Run decomposition...
[torch.onnx] Run decomposition... ✅
[torch.onnx] Translate the graph into ONNX...
[torch.onnx] Translate the graph into ONNX... ✅
Applied 3 of general pattern rewrite rules.
ONNX saved to /home/vd0034/shallow_learning/scripts/output_genmodel/gan/gan_epoch800.onnx
Epoch [801/1000]  Loss: 2.8444
Epoch [802/1000]  Loss: 2.7654
Epoch [803/1000]  Loss: 2.8280
Epoch [804/1000]  Loss: 2.8241
Epoch [805/1000]  Loss: 2.8363
Epoch [806/1000]  Loss: 2.9148
Epoch [807/1000]  Loss: 2.9097
Epoch [808/1000]  Loss: 2.9589
Epoch [809/1000]  Loss: 2.9623
/home/vd0034/shallow_learning/src/shallow_learning/deepl/gen_model.py:399: UserWarning: # 'dynamic_axes' is not recommended when dynamo=True, and may lead to 'torch._dynamo.exc.UserError: Constraints violated.' Supply the 'dynamic_shapes' argument instead if export is unsuccessful.
  torch.onnx.export(self.model.generator, dummy, filename,
W0417 16:37:08.694000 2921105 torch/onnx/_internal/exporter/_schemas.py:455] Missing annotation for parameter 'input' from (input, boxes, output_size: 'Sequence[int]', spatial_scale: 'float' = 1.0, sampling_ratio: 'int' = -1, aligned: 'bool' = False). Treating as an Input.
W0417 16:37:08.695000 2921105 torch/onnx/_internal/exporter/_schemas.py:455] Missing annotation for parameter 'boxes' from (input, boxes, output_size: 'Sequence[int]', spatial_scale: 'float' = 1.0, sampling_ratio: 'int' = -1, aligned: 'bool' = False). Treating as an Input.
W0417 16:37:08.695000 2921105 torch/onnx/_internal/exporter/_schemas.py:455] Missing annotation for parameter 'input' from (input, boxes, output_size: 'Sequence[int]', spatial_scale: 'float' = 1.0). Treating as an Input.
W0417 16:37:08.695000 2921105 torch/onnx/_internal/exporter/_schemas.py:455] Missing annotation for parameter 'boxes' from (input, boxes, output_size: 'Sequence[int]', spatial_scale: 'float' = 1.0). Treating as an Input.
/home/vd0034/.local/share/uv/python/cpython-3.12.12-linux-x86_64-gnu/lib/python3.12/copyreg.py:99: FutureWarning: `isinstance(treespec, LeafSpec)` is deprecated, use `isinstance(treespec, TreeSpec) and treespec.is_leaf()` instead.
  return cls.__new__(cls, *args)
Epoch [810/1000]  Loss: 2.9917
[torch.onnx] Obtain model graph for `GANGenerator([...]` with `torch.export.export(..., strict=False)`...
[torch.onnx] Obtain model graph for `GANGenerator([...]` with `torch.export.export(..., strict=False)`... ✅
[torch.onnx] Run decomposition...
[torch.onnx] Run decomposition... ✅
[torch.onnx] Translate the graph into ONNX...
[torch.onnx] Translate the graph into ONNX... ✅
Applied 3 of general pattern rewrite rules.
ONNX saved to /home/vd0034/shallow_learning/scripts/output_genmodel/gan/gan_epoch810.onnx
Epoch [811/1000]  Loss: 2.9156
Epoch [812/1000]  Loss: 2.9669
Epoch [813/1000]  Loss: 2.9587
Epoch [814/1000]  Loss: 2.9883
Epoch [815/1000]  Loss: 2.9732
Epoch [816/1000]  Loss: 2.9642
Epoch [817/1000]  Loss: 3.0167
Epoch [818/1000]  Loss: 3.2171
Epoch [819/1000]  Loss: 3.2981
/home/vd0034/shallow_learning/src/shallow_learning/deepl/gen_model.py:399: UserWarning: # 'dynamic_axes' is not recommended when dynamo=True, and may lead to 'torch._dynamo.exc.UserError: Constraints violated.' Supply the 'dynamic_shapes' argument instead if export is unsuccessful.
  torch.onnx.export(self.model.generator, dummy, filename,
W0417 16:37:31.060000 2921105 torch/onnx/_internal/exporter/_schemas.py:455] Missing annotation for parameter 'input' from (input, boxes, output_size: 'Sequence[int]', spatial_scale: 'float' = 1.0, sampling_ratio: 'int' = -1, aligned: 'bool' = False). Treating as an Input.
W0417 16:37:31.061000 2921105 torch/onnx/_internal/exporter/_schemas.py:455] Missing annotation for parameter 'boxes' from (input, boxes, output_size: 'Sequence[int]', spatial_scale: 'float' = 1.0, sampling_ratio: 'int' = -1, aligned: 'bool' = False). Treating as an Input.
W0417 16:37:31.061000 2921105 torch/onnx/_internal/exporter/_schemas.py:455] Missing annotation for parameter 'input' from (input, boxes, output_size: 'Sequence[int]', spatial_scale: 'float' = 1.0). Treating as an Input.
W0417 16:37:31.061000 2921105 torch/onnx/_internal/exporter/_schemas.py:455] Missing annotation for parameter 'boxes' from (input, boxes, output_size: 'Sequence[int]', spatial_scale: 'float' = 1.0). Treating as an Input.
/home/vd0034/.local/share/uv/python/cpython-3.12.12-linux-x86_64-gnu/lib/python3.12/copyreg.py:99: FutureWarning: `isinstance(treespec, LeafSpec)` is deprecated, use `isinstance(treespec, TreeSpec) and treespec.is_leaf()` instead.
  return cls.__new__(cls, *args)
Epoch [820/1000]  Loss: 3.2517
[torch.onnx] Obtain model graph for `GANGenerator([...]` with `torch.export.export(..., strict=False)`...
[torch.onnx] Obtain model graph for `GANGenerator([...]` with `torch.export.export(..., strict=False)`... ✅
[torch.onnx] Run decomposition...
[torch.onnx] Run decomposition... ✅
[torch.onnx] Translate the graph into ONNX...
[torch.onnx] Translate the graph into ONNX... ✅
Applied 3 of general pattern rewrite rules.
ONNX saved to /home/vd0034/shallow_learning/scripts/output_genmodel/gan/gan_epoch820.onnx
Epoch [821/1000]  Loss: 3.3094
Epoch [822/1000]  Loss: 3.3906
Epoch [823/1000]  Loss: 3.4674
Epoch [824/1000]  Loss: 3.4295
Epoch [825/1000]  Loss: 3.6437
Epoch [826/1000]  Loss: 3.5144
Epoch [827/1000]  Loss: 3.5972
Epoch [828/1000]  Loss: 3.6297
Epoch [829/1000]  Loss: 3.6222
/home/vd0034/shallow_learning/src/shallow_learning/deepl/gen_model.py:399: UserWarning: # 'dynamic_axes' is not recommended when dynamo=True, and may lead to 'torch._dynamo.exc.UserError: Constraints violated.' Supply the 'dynamic_shapes' argument instead if export is unsuccessful.
  torch.onnx.export(self.model.generator, dummy, filename,
W0417 16:37:51.011000 2921105 torch/onnx/_internal/exporter/_schemas.py:455] Missing annotation for parameter 'input' from (input, boxes, output_size: 'Sequence[int]', spatial_scale: 'float' = 1.0, sampling_ratio: 'int' = -1, aligned: 'bool' = False). Treating as an Input.
W0417 16:37:51.012000 2921105 torch/onnx/_internal/exporter/_schemas.py:455] Missing annotation for parameter 'boxes' from (input, boxes, output_size: 'Sequence[int]', spatial_scale: 'float' = 1.0, sampling_ratio: 'int' = -1, aligned: 'bool' = False). Treating as an Input.
W0417 16:37:51.012000 2921105 torch/onnx/_internal/exporter/_schemas.py:455] Missing annotation for parameter 'input' from (input, boxes, output_size: 'Sequence[int]', spatial_scale: 'float' = 1.0). Treating as an Input.
W0417 16:37:51.013000 2921105 torch/onnx/_internal/exporter/_schemas.py:455] Missing annotation for parameter 'boxes' from (input, boxes, output_size: 'Sequence[int]', spatial_scale: 'float' = 1.0). Treating as an Input.
/home/vd0034/.local/share/uv/python/cpython-3.12.12-linux-x86_64-gnu/lib/python3.12/copyreg.py:99: FutureWarning: `isinstance(treespec, LeafSpec)` is deprecated, use `isinstance(treespec, TreeSpec) and treespec.is_leaf()` instead.
  return cls.__new__(cls, *args)
Epoch [830/1000]  Loss: 4.1981
[torch.onnx] Obtain model graph for `GANGenerator([...]` with `torch.export.export(..., strict=False)`...
[torch.onnx] Obtain model graph for `GANGenerator([...]` with `torch.export.export(..., strict=False)`... ✅
[torch.onnx] Run decomposition...
[torch.onnx] Run decomposition... ✅
[torch.onnx] Translate the graph into ONNX...
[torch.onnx] Translate the graph into ONNX... ✅
Applied 3 of general pattern rewrite rules.
ONNX saved to /home/vd0034/shallow_learning/scripts/output_genmodel/gan/gan_epoch830.onnx
Epoch [831/1000]  Loss: 3.6092
Epoch [832/1000]  Loss: 3.1721
Epoch [833/1000]  Loss: 3.2719
Epoch [834/1000]  Loss: 3.0894
Epoch [835/1000]  Loss: 3.0886
Epoch [836/1000]  Loss: 2.9972
Epoch [837/1000]  Loss: 2.9924
Epoch [838/1000]  Loss: 3.0313
Epoch [839/1000]  Loss: 3.0121
/home/vd0034/shallow_learning/src/shallow_learning/deepl/gen_model.py:399: UserWarning: # 'dynamic_axes' is not recommended when dynamo=True, and may lead to 'torch._dynamo.exc.UserError: Constraints violated.' Supply the 'dynamic_shapes' argument instead if export is unsuccessful.
  torch.onnx.export(self.model.generator, dummy, filename,
W0417 16:38:10.568000 2921105 torch/onnx/_internal/exporter/_schemas.py:455] Missing annotation for parameter 'input' from (input, boxes, output_size: 'Sequence[int]', spatial_scale: 'float' = 1.0, sampling_ratio: 'int' = -1, aligned: 'bool' = False). Treating as an Input.
W0417 16:38:10.569000 2921105 torch/onnx/_internal/exporter/_schemas.py:455] Missing annotation for parameter 'boxes' from (input, boxes, output_size: 'Sequence[int]', spatial_scale: 'float' = 1.0, sampling_ratio: 'int' = -1, aligned: 'bool' = False). Treating as an Input.
W0417 16:38:10.570000 2921105 torch/onnx/_internal/exporter/_schemas.py:455] Missing annotation for parameter 'input' from (input, boxes, output_size: 'Sequence[int]', spatial_scale: 'float' = 1.0). Treating as an Input.
W0417 16:38:10.570000 2921105 torch/onnx/_internal/exporter/_schemas.py:455] Missing annotation for parameter 'boxes' from (input, boxes, output_size: 'Sequence[int]', spatial_scale: 'float' = 1.0). Treating as an Input.
/home/vd0034/.local/share/uv/python/cpython-3.12.12-linux-x86_64-gnu/lib/python3.12/copyreg.py:99: FutureWarning: `isinstance(treespec, LeafSpec)` is deprecated, use `isinstance(treespec, TreeSpec) and treespec.is_leaf()` instead.
  return cls.__new__(cls, *args)
Epoch [840/1000]  Loss: 2.9624
[torch.onnx] Obtain model graph for `GANGenerator([...]` with `torch.export.export(..., strict=False)`...
[torch.onnx] Obtain model graph for `GANGenerator([...]` with `torch.export.export(..., strict=False)`... ✅
[torch.onnx] Run decomposition...
[torch.onnx] Run decomposition... ✅
[torch.onnx] Translate the graph into ONNX...
[torch.onnx] Translate the graph into ONNX... ✅
Applied 3 of general pattern rewrite rules.
ONNX saved to /home/vd0034/shallow_learning/scripts/output_genmodel/gan/gan_epoch840.onnx
Epoch [841/1000]  Loss: 3.0521
Epoch [842/1000]  Loss: 2.9982
Epoch [843/1000]  Loss: 3.0173
Epoch [844/1000]  Loss: 3.1407
Epoch [845/1000]  Loss: 3.0075
Epoch [846/1000]  Loss: 3.0285
Epoch [847/1000]  Loss: 3.0285
Epoch [848/1000]  Loss: 3.0528
Epoch [849/1000]  Loss: 3.0299
/home/vd0034/shallow_learning/src/shallow_learning/deepl/gen_model.py:399: UserWarning: # 'dynamic_axes' is not recommended when dynamo=True, and may lead to 'torch._dynamo.exc.UserError: Constraints violated.' Supply the 'dynamic_shapes' argument instead if export is unsuccessful.
  torch.onnx.export(self.model.generator, dummy, filename,
W0417 16:38:33.639000 2921105 torch/onnx/_internal/exporter/_schemas.py:455] Missing annotation for parameter 'input' from (input, boxes, output_size: 'Sequence[int]', spatial_scale: 'float' = 1.0, sampling_ratio: 'int' = -1, aligned: 'bool' = False). Treating as an Input.
W0417 16:38:33.639000 2921105 torch/onnx/_internal/exporter/_schemas.py:455] Missing annotation for parameter 'boxes' from (input, boxes, output_size: 'Sequence[int]', spatial_scale: 'float' = 1.0, sampling_ratio: 'int' = -1, aligned: 'bool' = False). Treating as an Input.
W0417 16:38:33.640000 2921105 torch/onnx/_internal/exporter/_schemas.py:455] Missing annotation for parameter 'input' from (input, boxes, output_size: 'Sequence[int]', spatial_scale: 'float' = 1.0). Treating as an Input.
W0417 16:38:33.640000 2921105 torch/onnx/_internal/exporter/_schemas.py:455] Missing annotation for parameter 'boxes' from (input, boxes, output_size: 'Sequence[int]', spatial_scale: 'float' = 1.0). Treating as an Input.
/home/vd0034/.local/share/uv/python/cpython-3.12.12-linux-x86_64-gnu/lib/python3.12/copyreg.py:99: FutureWarning: `isinstance(treespec, LeafSpec)` is deprecated, use `isinstance(treespec, TreeSpec) and treespec.is_leaf()` instead.
  return cls.__new__(cls, *args)
Epoch [850/1000]  Loss: 3.0553
[torch.onnx] Obtain model graph for `GANGenerator([...]` with `torch.export.export(..., strict=False)`...
[torch.onnx] Obtain model graph for `GANGenerator([...]` with `torch.export.export(..., strict=False)`... ✅
[torch.onnx] Run decomposition...
[torch.onnx] Run decomposition... ✅
[torch.onnx] Translate the graph into ONNX...
[torch.onnx] Translate the graph into ONNX... ✅
Applied 3 of general pattern rewrite rules.
ONNX saved to /home/vd0034/shallow_learning/scripts/output_genmodel/gan/gan_epoch850.onnx
Epoch [851/1000]  Loss: 3.2365
Epoch [852/1000]  Loss: 3.1860
Epoch [853/1000]  Loss: 3.2166
Epoch [854/1000]  Loss: 3.2896
Epoch [855/1000]  Loss: 3.4266
Epoch [856/1000]  Loss: 3.4234
Epoch [857/1000]  Loss: 3.4150
Epoch [858/1000]  Loss: 3.5546
Epoch [859/1000]  Loss: 3.5181
/home/vd0034/shallow_learning/src/shallow_learning/deepl/gen_model.py:399: UserWarning: # 'dynamic_axes' is not recommended when dynamo=True, and may lead to 'torch._dynamo.exc.UserError: Constraints violated.' Supply the 'dynamic_shapes' argument instead if export is unsuccessful.
  torch.onnx.export(self.model.generator, dummy, filename,
W0417 16:38:53.348000 2921105 torch/onnx/_internal/exporter/_schemas.py:455] Missing annotation for parameter 'input' from (input, boxes, output_size: 'Sequence[int]', spatial_scale: 'float' = 1.0, sampling_ratio: 'int' = -1, aligned: 'bool' = False). Treating as an Input.
W0417 16:38:53.350000 2921105 torch/onnx/_internal/exporter/_schemas.py:455] Missing annotation for parameter 'boxes' from (input, boxes, output_size: 'Sequence[int]', spatial_scale: 'float' = 1.0, sampling_ratio: 'int' = -1, aligned: 'bool' = False). Treating as an Input.
W0417 16:38:53.350000 2921105 torch/onnx/_internal/exporter/_schemas.py:455] Missing annotation for parameter 'input' from (input, boxes, output_size: 'Sequence[int]', spatial_scale: 'float' = 1.0). Treating as an Input.
W0417 16:38:53.350000 2921105 torch/onnx/_internal/exporter/_schemas.py:455] Missing annotation for parameter 'boxes' from (input, boxes, output_size: 'Sequence[int]', spatial_scale: 'float' = 1.0). Treating as an Input.
/home/vd0034/.local/share/uv/python/cpython-3.12.12-linux-x86_64-gnu/lib/python3.12/copyreg.py:99: FutureWarning: `isinstance(treespec, LeafSpec)` is deprecated, use `isinstance(treespec, TreeSpec) and treespec.is_leaf()` instead.
  return cls.__new__(cls, *args)
Epoch [860/1000]  Loss: 4.4276
[torch.onnx] Obtain model graph for `GANGenerator([...]` with `torch.export.export(..., strict=False)`...
[torch.onnx] Obtain model graph for `GANGenerator([...]` with `torch.export.export(..., strict=False)`... ✅
[torch.onnx] Run decomposition...
[torch.onnx] Run decomposition... ✅
[torch.onnx] Translate the graph into ONNX...
[torch.onnx] Translate the graph into ONNX... ✅
Applied 3 of general pattern rewrite rules.
ONNX saved to /home/vd0034/shallow_learning/scripts/output_genmodel/gan/gan_epoch860.onnx
Epoch [861/1000]  Loss: 3.2152
Epoch [862/1000]  Loss: 2.8340
Epoch [863/1000]  Loss: 2.7971
Epoch [864/1000]  Loss: 2.8395
Epoch [865/1000]  Loss: 2.8573
Epoch [866/1000]  Loss: 2.8999
Epoch [867/1000]  Loss: 2.9204
Epoch [868/1000]  Loss: 2.9146
Epoch [869/1000]  Loss: 3.0363
/home/vd0034/shallow_learning/src/shallow_learning/deepl/gen_model.py:399: UserWarning: # 'dynamic_axes' is not recommended when dynamo=True, and may lead to 'torch._dynamo.exc.UserError: Constraints violated.' Supply the 'dynamic_shapes' argument instead if export is unsuccessful.
  torch.onnx.export(self.model.generator, dummy, filename,
W0417 16:39:12.870000 2921105 torch/onnx/_internal/exporter/_schemas.py:455] Missing annotation for parameter 'input' from (input, boxes, output_size: 'Sequence[int]', spatial_scale: 'float' = 1.0, sampling_ratio: 'int' = -1, aligned: 'bool' = False). Treating as an Input.
W0417 16:39:12.871000 2921105 torch/onnx/_internal/exporter/_schemas.py:455] Missing annotation for parameter 'boxes' from (input, boxes, output_size: 'Sequence[int]', spatial_scale: 'float' = 1.0, sampling_ratio: 'int' = -1, aligned: 'bool' = False). Treating as an Input.
W0417 16:39:12.871000 2921105 torch/onnx/_internal/exporter/_schemas.py:455] Missing annotation for parameter 'input' from (input, boxes, output_size: 'Sequence[int]', spatial_scale: 'float' = 1.0). Treating as an Input.
W0417 16:39:12.872000 2921105 torch/onnx/_internal/exporter/_schemas.py:455] Missing annotation for parameter 'boxes' from (input, boxes, output_size: 'Sequence[int]', spatial_scale: 'float' = 1.0). Treating as an Input.
/home/vd0034/.local/share/uv/python/cpython-3.12.12-linux-x86_64-gnu/lib/python3.12/copyreg.py:99: FutureWarning: `isinstance(treespec, LeafSpec)` is deprecated, use `isinstance(treespec, TreeSpec) and treespec.is_leaf()` instead.
  return cls.__new__(cls, *args)
Epoch [870/1000]  Loss: 2.9642
[torch.onnx] Obtain model graph for `GANGenerator([...]` with `torch.export.export(..., strict=False)`...
[torch.onnx] Obtain model graph for `GANGenerator([...]` with `torch.export.export(..., strict=False)`... ✅
[torch.onnx] Run decomposition...
[torch.onnx] Run decomposition... ✅
[torch.onnx] Translate the graph into ONNX...
[torch.onnx] Translate the graph into ONNX... ✅
Applied 3 of general pattern rewrite rules.
ONNX saved to /home/vd0034/shallow_learning/scripts/output_genmodel/gan/gan_epoch870.onnx
Epoch [871/1000]  Loss: 2.9910
Epoch [872/1000]  Loss: 3.0796
Epoch [873/1000]  Loss: 3.0981
Epoch [874/1000]  Loss: 3.0924
Epoch [875/1000]  Loss: 3.1108
Epoch [876/1000]  Loss: 3.1143
Epoch [877/1000]  Loss: 3.2320
Epoch [878/1000]  Loss: 3.2697
Epoch [879/1000]  Loss: 3.2423
/home/vd0034/shallow_learning/src/shallow_learning/deepl/gen_model.py:399: UserWarning: # 'dynamic_axes' is not recommended when dynamo=True, and may lead to 'torch._dynamo.exc.UserError: Constraints violated.' Supply the 'dynamic_shapes' argument instead if export is unsuccessful.
  torch.onnx.export(self.model.generator, dummy, filename,
W0417 16:39:32.811000 2921105 torch/onnx/_internal/exporter/_schemas.py:455] Missing annotation for parameter 'input' from (input, boxes, output_size: 'Sequence[int]', spatial_scale: 'float' = 1.0, sampling_ratio: 'int' = -1, aligned: 'bool' = False). Treating as an Input.
W0417 16:39:32.812000 2921105 torch/onnx/_internal/exporter/_schemas.py:455] Missing annotation for parameter 'boxes' from (input, boxes, output_size: 'Sequence[int]', spatial_scale: 'float' = 1.0, sampling_ratio: 'int' = -1, aligned: 'bool' = False). Treating as an Input.
W0417 16:39:32.812000 2921105 torch/onnx/_internal/exporter/_schemas.py:455] Missing annotation for parameter 'input' from (input, boxes, output_size: 'Sequence[int]', spatial_scale: 'float' = 1.0). Treating as an Input.
W0417 16:39:32.813000 2921105 torch/onnx/_internal/exporter/_schemas.py:455] Missing annotation for parameter 'boxes' from (input, boxes, output_size: 'Sequence[int]', spatial_scale: 'float' = 1.0). Treating as an Input.
/home/vd0034/.local/share/uv/python/cpython-3.12.12-linux-x86_64-gnu/lib/python3.12/copyreg.py:99: FutureWarning: `isinstance(treespec, LeafSpec)` is deprecated, use `isinstance(treespec, TreeSpec) and treespec.is_leaf()` instead.
  return cls.__new__(cls, *args)
Epoch [880/1000]  Loss: 3.3373
[torch.onnx] Obtain model graph for `GANGenerator([...]` with `torch.export.export(..., strict=False)`...
[torch.onnx] Obtain model graph for `GANGenerator([...]` with `torch.export.export(..., strict=False)`... ✅
[torch.onnx] Run decomposition...
[torch.onnx] Run decomposition... ✅
[torch.onnx] Translate the graph into ONNX...
[torch.onnx] Translate the graph into ONNX... ✅
Applied 3 of general pattern rewrite rules.
ONNX saved to /home/vd0034/shallow_learning/scripts/output_genmodel/gan/gan_epoch880.onnx
Epoch [881/1000]  Loss: 3.3423
Epoch [882/1000]  Loss: 3.4596
Epoch [883/1000]  Loss: 3.4928
Epoch [884/1000]  Loss: 3.4284
Epoch [885/1000]  Loss: 3.2723
Epoch [886/1000]  Loss: 3.3395
Epoch [887/1000]  Loss: 3.3958
Epoch [888/1000]  Loss: 3.3200
Epoch [889/1000]  Loss: 3.3135
/home/vd0034/shallow_learning/src/shallow_learning/deepl/gen_model.py:399: UserWarning: # 'dynamic_axes' is not recommended when dynamo=True, and may lead to 'torch._dynamo.exc.UserError: Constraints violated.' Supply the 'dynamic_shapes' argument instead if export is unsuccessful.
  torch.onnx.export(self.model.generator, dummy, filename,
W0417 16:39:52.199000 2921105 torch/onnx/_internal/exporter/_schemas.py:455] Missing annotation for parameter 'input' from (input, boxes, output_size: 'Sequence[int]', spatial_scale: 'float' = 1.0, sampling_ratio: 'int' = -1, aligned: 'bool' = False). Treating as an Input.
W0417 16:39:52.199000 2921105 torch/onnx/_internal/exporter/_schemas.py:455] Missing annotation for parameter 'boxes' from (input, boxes, output_size: 'Sequence[int]', spatial_scale: 'float' = 1.0, sampling_ratio: 'int' = -1, aligned: 'bool' = False). Treating as an Input.
W0417 16:39:52.200000 2921105 torch/onnx/_internal/exporter/_schemas.py:455] Missing annotation for parameter 'input' from (input, boxes, output_size: 'Sequence[int]', spatial_scale: 'float' = 1.0). Treating as an Input.
W0417 16:39:52.200000 2921105 torch/onnx/_internal/exporter/_schemas.py:455] Missing annotation for parameter 'boxes' from (input, boxes, output_size: 'Sequence[int]', spatial_scale: 'float' = 1.0). Treating as an Input.
/home/vd0034/.local/share/uv/python/cpython-3.12.12-linux-x86_64-gnu/lib/python3.12/copyreg.py:99: FutureWarning: `isinstance(treespec, LeafSpec)` is deprecated, use `isinstance(treespec, TreeSpec) and treespec.is_leaf()` instead.
  return cls.__new__(cls, *args)
Epoch [890/1000]  Loss: 3.3586
[torch.onnx] Obtain model graph for `GANGenerator([...]` with `torch.export.export(..., strict=False)`...
[torch.onnx] Obtain model graph for `GANGenerator([...]` with `torch.export.export(..., strict=False)`... ✅
[torch.onnx] Run decomposition...
[torch.onnx] Run decomposition... ✅
[torch.onnx] Translate the graph into ONNX...
[torch.onnx] Translate the graph into ONNX... ✅
Applied 3 of general pattern rewrite rules.
ONNX saved to /home/vd0034/shallow_learning/scripts/output_genmodel/gan/gan_epoch890.onnx
Epoch [891/1000]  Loss: 3.5049
Epoch [892/1000]  Loss: 3.4968
Epoch [893/1000]  Loss: 3.5399
Epoch [894/1000]  Loss: 3.6108
Epoch [895/1000]  Loss: 3.7587
Epoch [896/1000]  Loss: 3.8554
Epoch [897/1000]  Loss: 3.3704
Epoch [898/1000]  Loss: 4.3127
Epoch [899/1000]  Loss: 3.2396
/home/vd0034/shallow_learning/src/shallow_learning/deepl/gen_model.py:399: UserWarning: # 'dynamic_axes' is not recommended when dynamo=True, and may lead to 'torch._dynamo.exc.UserError: Constraints violated.' Supply the 'dynamic_shapes' argument instead if export is unsuccessful.
  torch.onnx.export(self.model.generator, dummy, filename,
W0417 16:40:11.371000 2921105 torch/onnx/_internal/exporter/_schemas.py:455] Missing annotation for parameter 'input' from (input, boxes, output_size: 'Sequence[int]', spatial_scale: 'float' = 1.0, sampling_ratio: 'int' = -1, aligned: 'bool' = False). Treating as an Input.
W0417 16:40:11.372000 2921105 torch/onnx/_internal/exporter/_schemas.py:455] Missing annotation for parameter 'boxes' from (input, boxes, output_size: 'Sequence[int]', spatial_scale: 'float' = 1.0, sampling_ratio: 'int' = -1, aligned: 'bool' = False). Treating as an Input.
W0417 16:40:11.373000 2921105 torch/onnx/_internal/exporter/_schemas.py:455] Missing annotation for parameter 'input' from (input, boxes, output_size: 'Sequence[int]', spatial_scale: 'float' = 1.0). Treating as an Input.
W0417 16:40:11.373000 2921105 torch/onnx/_internal/exporter/_schemas.py:455] Missing annotation for parameter 'boxes' from (input, boxes, output_size: 'Sequence[int]', spatial_scale: 'float' = 1.0). Treating as an Input.
/home/vd0034/.local/share/uv/python/cpython-3.12.12-linux-x86_64-gnu/lib/python3.12/copyreg.py:99: FutureWarning: `isinstance(treespec, LeafSpec)` is deprecated, use `isinstance(treespec, TreeSpec) and treespec.is_leaf()` instead.
  return cls.__new__(cls, *args)
Epoch [900/1000]  Loss: 2.7521
[torch.onnx] Obtain model graph for `GANGenerator([...]` with `torch.export.export(..., strict=False)`...
[torch.onnx] Obtain model graph for `GANGenerator([...]` with `torch.export.export(..., strict=False)`... ✅
[torch.onnx] Run decomposition...
[torch.onnx] Run decomposition... ✅
[torch.onnx] Translate the graph into ONNX...
[torch.onnx] Translate the graph into ONNX... ✅
Applied 3 of general pattern rewrite rules.
ONNX saved to /home/vd0034/shallow_learning/scripts/output_genmodel/gan/gan_epoch900.onnx
Epoch [901/1000]  Loss: 2.6532
Epoch [902/1000]  Loss: 2.5986
Epoch [903/1000]  Loss: 2.6244
Epoch [904/1000]  Loss: 2.7488
Epoch [905/1000]  Loss: 2.7128
Epoch [906/1000]  Loss: 2.7603
Epoch [907/1000]  Loss: 2.8444
Epoch [908/1000]  Loss: 2.9327
Epoch [909/1000]  Loss: 2.9129
/home/vd0034/shallow_learning/src/shallow_learning/deepl/gen_model.py:399: UserWarning: # 'dynamic_axes' is not recommended when dynamo=True, and may lead to 'torch._dynamo.exc.UserError: Constraints violated.' Supply the 'dynamic_shapes' argument instead if export is unsuccessful.
  torch.onnx.export(self.model.generator, dummy, filename,
W0417 16:40:31.289000 2921105 torch/onnx/_internal/exporter/_schemas.py:455] Missing annotation for parameter 'input' from (input, boxes, output_size: 'Sequence[int]', spatial_scale: 'float' = 1.0, sampling_ratio: 'int' = -1, aligned: 'bool' = False). Treating as an Input.
W0417 16:40:31.290000 2921105 torch/onnx/_internal/exporter/_schemas.py:455] Missing annotation for parameter 'boxes' from (input, boxes, output_size: 'Sequence[int]', spatial_scale: 'float' = 1.0, sampling_ratio: 'int' = -1, aligned: 'bool' = False). Treating as an Input.
W0417 16:40:31.291000 2921105 torch/onnx/_internal/exporter/_schemas.py:455] Missing annotation for parameter 'input' from (input, boxes, output_size: 'Sequence[int]', spatial_scale: 'float' = 1.0). Treating as an Input.
W0417 16:40:31.291000 2921105 torch/onnx/_internal/exporter/_schemas.py:455] Missing annotation for parameter 'boxes' from (input, boxes, output_size: 'Sequence[int]', spatial_scale: 'float' = 1.0). Treating as an Input.
/home/vd0034/.local/share/uv/python/cpython-3.12.12-linux-x86_64-gnu/lib/python3.12/copyreg.py:99: FutureWarning: `isinstance(treespec, LeafSpec)` is deprecated, use `isinstance(treespec, TreeSpec) and treespec.is_leaf()` instead.
  return cls.__new__(cls, *args)
Epoch [910/1000]  Loss: 3.0357
[torch.onnx] Obtain model graph for `GANGenerator([...]` with `torch.export.export(..., strict=False)`...
[torch.onnx] Obtain model graph for `GANGenerator([...]` with `torch.export.export(..., strict=False)`... ✅
[torch.onnx] Run decomposition...
[torch.onnx] Run decomposition... ✅
[torch.onnx] Translate the graph into ONNX...
[torch.onnx] Translate the graph into ONNX... ✅
Applied 3 of general pattern rewrite rules.
ONNX saved to /home/vd0034/shallow_learning/scripts/output_genmodel/gan/gan_epoch910.onnx
Epoch [911/1000]  Loss: 3.1366
Epoch [912/1000]  Loss: 3.1546
Epoch [913/1000]  Loss: 3.1463
Epoch [914/1000]  Loss: 3.0797
Epoch [915/1000]  Loss: 3.0565
Epoch [916/1000]  Loss: 3.1243
Epoch [917/1000]  Loss: 3.1255
Epoch [918/1000]  Loss: 3.2306
Epoch [919/1000]  Loss: 3.2500
/home/vd0034/shallow_learning/src/shallow_learning/deepl/gen_model.py:399: UserWarning: # 'dynamic_axes' is not recommended when dynamo=True, and may lead to 'torch._dynamo.exc.UserError: Constraints violated.' Supply the 'dynamic_shapes' argument instead if export is unsuccessful.
  torch.onnx.export(self.model.generator, dummy, filename,
W0417 16:40:50.673000 2921105 torch/onnx/_internal/exporter/_schemas.py:455] Missing annotation for parameter 'input' from (input, boxes, output_size: 'Sequence[int]', spatial_scale: 'float' = 1.0, sampling_ratio: 'int' = -1, aligned: 'bool' = False). Treating as an Input.
W0417 16:40:50.674000 2921105 torch/onnx/_internal/exporter/_schemas.py:455] Missing annotation for parameter 'boxes' from (input, boxes, output_size: 'Sequence[int]', spatial_scale: 'float' = 1.0, sampling_ratio: 'int' = -1, aligned: 'bool' = False). Treating as an Input.
W0417 16:40:50.674000 2921105 torch/onnx/_internal/exporter/_schemas.py:455] Missing annotation for parameter 'input' from (input, boxes, output_size: 'Sequence[int]', spatial_scale: 'float' = 1.0). Treating as an Input.
W0417 16:40:50.675000 2921105 torch/onnx/_internal/exporter/_schemas.py:455] Missing annotation for parameter 'boxes' from (input, boxes, output_size: 'Sequence[int]', spatial_scale: 'float' = 1.0). Treating as an Input.
/home/vd0034/.local/share/uv/python/cpython-3.12.12-linux-x86_64-gnu/lib/python3.12/copyreg.py:99: FutureWarning: `isinstance(treespec, LeafSpec)` is deprecated, use `isinstance(treespec, TreeSpec) and treespec.is_leaf()` instead.
  return cls.__new__(cls, *args)
Epoch [920/1000]  Loss: 3.2887
[torch.onnx] Obtain model graph for `GANGenerator([...]` with `torch.export.export(..., strict=False)`...
[torch.onnx] Obtain model graph for `GANGenerator([...]` with `torch.export.export(..., strict=False)`... ✅
[torch.onnx] Run decomposition...
[torch.onnx] Run decomposition... ✅
[torch.onnx] Translate the graph into ONNX...
[torch.onnx] Translate the graph into ONNX... ✅
Applied 3 of general pattern rewrite rules.
ONNX saved to /home/vd0034/shallow_learning/scripts/output_genmodel/gan/gan_epoch920.onnx
Epoch [921/1000]  Loss: 3.1931
Epoch [922/1000]  Loss: 3.2634
Epoch [923/1000]  Loss: 3.3083
Epoch [924/1000]  Loss: 3.2252
Epoch [925/1000]  Loss: 3.2628
Epoch [926/1000]  Loss: 3.2704
Epoch [927/1000]  Loss: 3.2518
Epoch [928/1000]  Loss: 3.3348
Epoch [929/1000]  Loss: 3.3404
/home/vd0034/shallow_learning/src/shallow_learning/deepl/gen_model.py:399: UserWarning: # 'dynamic_axes' is not recommended when dynamo=True, and may lead to 'torch._dynamo.exc.UserError: Constraints violated.' Supply the 'dynamic_shapes' argument instead if export is unsuccessful.
  torch.onnx.export(self.model.generator, dummy, filename,
W0417 16:41:09.985000 2921105 torch/onnx/_internal/exporter/_schemas.py:455] Missing annotation for parameter 'input' from (input, boxes, output_size: 'Sequence[int]', spatial_scale: 'float' = 1.0, sampling_ratio: 'int' = -1, aligned: 'bool' = False). Treating as an Input.
W0417 16:41:09.986000 2921105 torch/onnx/_internal/exporter/_schemas.py:455] Missing annotation for parameter 'boxes' from (input, boxes, output_size: 'Sequence[int]', spatial_scale: 'float' = 1.0, sampling_ratio: 'int' = -1, aligned: 'bool' = False). Treating as an Input.
W0417 16:41:09.986000 2921105 torch/onnx/_internal/exporter/_schemas.py:455] Missing annotation for parameter 'input' from (input, boxes, output_size: 'Sequence[int]', spatial_scale: 'float' = 1.0). Treating as an Input.
W0417 16:41:09.987000 2921105 torch/onnx/_internal/exporter/_schemas.py:455] Missing annotation for parameter 'boxes' from (input, boxes, output_size: 'Sequence[int]', spatial_scale: 'float' = 1.0). Treating as an Input.
/home/vd0034/.local/share/uv/python/cpython-3.12.12-linux-x86_64-gnu/lib/python3.12/copyreg.py:99: FutureWarning: `isinstance(treespec, LeafSpec)` is deprecated, use `isinstance(treespec, TreeSpec) and treespec.is_leaf()` instead.
  return cls.__new__(cls, *args)
Epoch [930/1000]  Loss: 3.4319
[torch.onnx] Obtain model graph for `GANGenerator([...]` with `torch.export.export(..., strict=False)`...
[torch.onnx] Obtain model graph for `GANGenerator([...]` with `torch.export.export(..., strict=False)`... ✅
[torch.onnx] Run decomposition...
[torch.onnx] Run decomposition... ✅
[torch.onnx] Translate the graph into ONNX...
[torch.onnx] Translate the graph into ONNX... ✅
Applied 3 of general pattern rewrite rules.
ONNX saved to /home/vd0034/shallow_learning/scripts/output_genmodel/gan/gan_epoch930.onnx
Epoch [931/1000]  Loss: 3.5924
Epoch [932/1000]  Loss: 3.5296
Epoch [933/1000]  Loss: 3.7657
Epoch [934/1000]  Loss: 3.6534
Epoch [935/1000]  Loss: 3.6734
Epoch [936/1000]  Loss: 3.6194
Epoch [937/1000]  Loss: 3.6907
Epoch [938/1000]  Loss: 3.5214
Epoch [939/1000]  Loss: 3.5635
/home/vd0034/shallow_learning/src/shallow_learning/deepl/gen_model.py:399: UserWarning: # 'dynamic_axes' is not recommended when dynamo=True, and may lead to 'torch._dynamo.exc.UserError: Constraints violated.' Supply the 'dynamic_shapes' argument instead if export is unsuccessful.
  torch.onnx.export(self.model.generator, dummy, filename,
W0417 16:41:29.676000 2921105 torch/onnx/_internal/exporter/_schemas.py:455] Missing annotation for parameter 'input' from (input, boxes, output_size: 'Sequence[int]', spatial_scale: 'float' = 1.0, sampling_ratio: 'int' = -1, aligned: 'bool' = False). Treating as an Input.
W0417 16:41:29.677000 2921105 torch/onnx/_internal/exporter/_schemas.py:455] Missing annotation for parameter 'boxes' from (input, boxes, output_size: 'Sequence[int]', spatial_scale: 'float' = 1.0, sampling_ratio: 'int' = -1, aligned: 'bool' = False). Treating as an Input.
W0417 16:41:29.678000 2921105 torch/onnx/_internal/exporter/_schemas.py:455] Missing annotation for parameter 'input' from (input, boxes, output_size: 'Sequence[int]', spatial_scale: 'float' = 1.0). Treating as an Input.
W0417 16:41:29.678000 2921105 torch/onnx/_internal/exporter/_schemas.py:455] Missing annotation for parameter 'boxes' from (input, boxes, output_size: 'Sequence[int]', spatial_scale: 'float' = 1.0). Treating as an Input.
/home/vd0034/.local/share/uv/python/cpython-3.12.12-linux-x86_64-gnu/lib/python3.12/copyreg.py:99: FutureWarning: `isinstance(treespec, LeafSpec)` is deprecated, use `isinstance(treespec, TreeSpec) and treespec.is_leaf()` instead.
  return cls.__new__(cls, *args)
Epoch [940/1000]  Loss: 3.6211
[torch.onnx] Obtain model graph for `GANGenerator([...]` with `torch.export.export(..., strict=False)`...
[torch.onnx] Obtain model graph for `GANGenerator([...]` with `torch.export.export(..., strict=False)`... ✅
[torch.onnx] Run decomposition...
[torch.onnx] Run decomposition... ✅
[torch.onnx] Translate the graph into ONNX...
[torch.onnx] Translate the graph into ONNX... ✅
Applied 3 of general pattern rewrite rules.
ONNX saved to /home/vd0034/shallow_learning/scripts/output_genmodel/gan/gan_epoch940.onnx
Epoch [941/1000]  Loss: 3.6408
Epoch [942/1000]  Loss: 3.5054
Epoch [943/1000]  Loss: 8.3088
Epoch [944/1000]  Loss: 14.3305
Epoch [945/1000]  Loss: 4.1133
Epoch [946/1000]  Loss: 3.1701
Epoch [947/1000]  Loss: 2.7969
Epoch [948/1000]  Loss: 2.7596
Epoch [949/1000]  Loss: 2.8007
/home/vd0034/shallow_learning/src/shallow_learning/deepl/gen_model.py:399: UserWarning: # 'dynamic_axes' is not recommended when dynamo=True, and may lead to 'torch._dynamo.exc.UserError: Constraints violated.' Supply the 'dynamic_shapes' argument instead if export is unsuccessful.
  torch.onnx.export(self.model.generator, dummy, filename,
W0417 16:41:48.950000 2921105 torch/onnx/_internal/exporter/_schemas.py:455] Missing annotation for parameter 'input' from (input, boxes, output_size: 'Sequence[int]', spatial_scale: 'float' = 1.0, sampling_ratio: 'int' = -1, aligned: 'bool' = False). Treating as an Input.
W0417 16:41:48.951000 2921105 torch/onnx/_internal/exporter/_schemas.py:455] Missing annotation for parameter 'boxes' from (input, boxes, output_size: 'Sequence[int]', spatial_scale: 'float' = 1.0, sampling_ratio: 'int' = -1, aligned: 'bool' = False). Treating as an Input.
W0417 16:41:48.952000 2921105 torch/onnx/_internal/exporter/_schemas.py:455] Missing annotation for parameter 'input' from (input, boxes, output_size: 'Sequence[int]', spatial_scale: 'float' = 1.0). Treating as an Input.
W0417 16:41:48.952000 2921105 torch/onnx/_internal/exporter/_schemas.py:455] Missing annotation for parameter 'boxes' from (input, boxes, output_size: 'Sequence[int]', spatial_scale: 'float' = 1.0). Treating as an Input.
/home/vd0034/.local/share/uv/python/cpython-3.12.12-linux-x86_64-gnu/lib/python3.12/copyreg.py:99: FutureWarning: `isinstance(treespec, LeafSpec)` is deprecated, use `isinstance(treespec, TreeSpec) and treespec.is_leaf()` instead.
  return cls.__new__(cls, *args)
Epoch [950/1000]  Loss: 2.7586
[torch.onnx] Obtain model graph for `GANGenerator([...]` with `torch.export.export(..., strict=False)`...
[torch.onnx] Obtain model graph for `GANGenerator([...]` with `torch.export.export(..., strict=False)`... ✅
[torch.onnx] Run decomposition...
[torch.onnx] Run decomposition... ✅
[torch.onnx] Translate the graph into ONNX...
[torch.onnx] Translate the graph into ONNX... ✅
Applied 3 of general pattern rewrite rules.
ONNX saved to /home/vd0034/shallow_learning/scripts/output_genmodel/gan/gan_epoch950.onnx
Epoch [951/1000]  Loss: 2.8228
Epoch [952/1000]  Loss: 2.8213
Epoch [953/1000]  Loss: 2.9799
Epoch [954/1000]  Loss: 2.9105
Epoch [955/1000]  Loss: 3.0777
Epoch [956/1000]  Loss: 2.9446
Epoch [957/1000]  Loss: 2.8874
Epoch [958/1000]  Loss: 3.2239
Epoch [959/1000]  Loss: 2.6945
/home/vd0034/shallow_learning/src/shallow_learning/deepl/gen_model.py:399: UserWarning: # 'dynamic_axes' is not recommended when dynamo=True, and may lead to 'torch._dynamo.exc.UserError: Constraints violated.' Supply the 'dynamic_shapes' argument instead if export is unsuccessful.
  torch.onnx.export(self.model.generator, dummy, filename,
W0417 16:42:08.377000 2921105 torch/onnx/_internal/exporter/_schemas.py:455] Missing annotation for parameter 'input' from (input, boxes, output_size: 'Sequence[int]', spatial_scale: 'float' = 1.0, sampling_ratio: 'int' = -1, aligned: 'bool' = False). Treating as an Input.
W0417 16:42:08.377000 2921105 torch/onnx/_internal/exporter/_schemas.py:455] Missing annotation for parameter 'boxes' from (input, boxes, output_size: 'Sequence[int]', spatial_scale: 'float' = 1.0, sampling_ratio: 'int' = -1, aligned: 'bool' = False). Treating as an Input.
W0417 16:42:08.378000 2921105 torch/onnx/_internal/exporter/_schemas.py:455] Missing annotation for parameter 'input' from (input, boxes, output_size: 'Sequence[int]', spatial_scale: 'float' = 1.0). Treating as an Input.
W0417 16:42:08.378000 2921105 torch/onnx/_internal/exporter/_schemas.py:455] Missing annotation for parameter 'boxes' from (input, boxes, output_size: 'Sequence[int]', spatial_scale: 'float' = 1.0). Treating as an Input.
/home/vd0034/.local/share/uv/python/cpython-3.12.12-linux-x86_64-gnu/lib/python3.12/copyreg.py:99: FutureWarning: `isinstance(treespec, LeafSpec)` is deprecated, use `isinstance(treespec, TreeSpec) and treespec.is_leaf()` instead.
  return cls.__new__(cls, *args)
Epoch [960/1000]  Loss: 2.8787
[torch.onnx] Obtain model graph for `GANGenerator([...]` with `torch.export.export(..., strict=False)`...
[torch.onnx] Obtain model graph for `GANGenerator([...]` with `torch.export.export(..., strict=False)`... ✅
[torch.onnx] Run decomposition...
[torch.onnx] Run decomposition... ✅
[torch.onnx] Translate the graph into ONNX...
[torch.onnx] Translate the graph into ONNX... ✅
Applied 3 of general pattern rewrite rules.
ONNX saved to /home/vd0034/shallow_learning/scripts/output_genmodel/gan/gan_epoch960.onnx
Epoch [961/1000]  Loss: 2.8579
Epoch [962/1000]  Loss: 2.9226
Epoch [963/1000]  Loss: 2.9397
Epoch [964/1000]  Loss: 2.9547
Epoch [965/1000]  Loss: 2.9194
Epoch [966/1000]  Loss: 2.8897
Epoch [967/1000]  Loss: 2.9104
Epoch [968/1000]  Loss: 2.9042
Epoch [969/1000]  Loss: 3.0226
/home/vd0034/shallow_learning/src/shallow_learning/deepl/gen_model.py:399: UserWarning: # 'dynamic_axes' is not recommended when dynamo=True, and may lead to 'torch._dynamo.exc.UserError: Constraints violated.' Supply the 'dynamic_shapes' argument instead if export is unsuccessful.
  torch.onnx.export(self.model.generator, dummy, filename,
W0417 16:42:28.798000 2921105 torch/onnx/_internal/exporter/_schemas.py:455] Missing annotation for parameter 'input' from (input, boxes, output_size: 'Sequence[int]', spatial_scale: 'float' = 1.0, sampling_ratio: 'int' = -1, aligned: 'bool' = False). Treating as an Input.
W0417 16:42:28.799000 2921105 torch/onnx/_internal/exporter/_schemas.py:455] Missing annotation for parameter 'boxes' from (input, boxes, output_size: 'Sequence[int]', spatial_scale: 'float' = 1.0, sampling_ratio: 'int' = -1, aligned: 'bool' = False). Treating as an Input.
W0417 16:42:28.799000 2921105 torch/onnx/_internal/exporter/_schemas.py:455] Missing annotation for parameter 'input' from (input, boxes, output_size: 'Sequence[int]', spatial_scale: 'float' = 1.0). Treating as an Input.
W0417 16:42:28.800000 2921105 torch/onnx/_internal/exporter/_schemas.py:455] Missing annotation for parameter 'boxes' from (input, boxes, output_size: 'Sequence[int]', spatial_scale: 'float' = 1.0). Treating as an Input.
/home/vd0034/.local/share/uv/python/cpython-3.12.12-linux-x86_64-gnu/lib/python3.12/copyreg.py:99: FutureWarning: `isinstance(treespec, LeafSpec)` is deprecated, use `isinstance(treespec, TreeSpec) and treespec.is_leaf()` instead.
  return cls.__new__(cls, *args)
Epoch [970/1000]  Loss: 3.1282
[torch.onnx] Obtain model graph for `GANGenerator([...]` with `torch.export.export(..., strict=False)`...
[torch.onnx] Obtain model graph for `GANGenerator([...]` with `torch.export.export(..., strict=False)`... ✅
[torch.onnx] Run decomposition...
[torch.onnx] Run decomposition... ✅
[torch.onnx] Translate the graph into ONNX...
[torch.onnx] Translate the graph into ONNX... ✅
Applied 3 of general pattern rewrite rules.
ONNX saved to /home/vd0034/shallow_learning/scripts/output_genmodel/gan/gan_epoch970.onnx
Epoch [971/1000]  Loss: 3.1931
Epoch [972/1000]  Loss: 3.3887
Epoch [973/1000]  Loss: 3.2020
Epoch [974/1000]  Loss: 3.1920
Epoch [975/1000]  Loss: 3.1917
Epoch [976/1000]  Loss: 3.2448
Epoch [977/1000]  Loss: 3.3793
Epoch [978/1000]  Loss: 3.3315
Epoch [979/1000]  Loss: 3.4167
/home/vd0034/shallow_learning/src/shallow_learning/deepl/gen_model.py:399: UserWarning: # 'dynamic_axes' is not recommended when dynamo=True, and may lead to 'torch._dynamo.exc.UserError: Constraints violated.' Supply the 'dynamic_shapes' argument instead if export is unsuccessful.
  torch.onnx.export(self.model.generator, dummy, filename,
W0417 16:42:48.039000 2921105 torch/onnx/_internal/exporter/_schemas.py:455] Missing annotation for parameter 'input' from (input, boxes, output_size: 'Sequence[int]', spatial_scale: 'float' = 1.0, sampling_ratio: 'int' = -1, aligned: 'bool' = False). Treating as an Input.
W0417 16:42:48.040000 2921105 torch/onnx/_internal/exporter/_schemas.py:455] Missing annotation for parameter 'boxes' from (input, boxes, output_size: 'Sequence[int]', spatial_scale: 'float' = 1.0, sampling_ratio: 'int' = -1, aligned: 'bool' = False). Treating as an Input.
W0417 16:42:48.041000 2921105 torch/onnx/_internal/exporter/_schemas.py:455] Missing annotation for parameter 'input' from (input, boxes, output_size: 'Sequence[int]', spatial_scale: 'float' = 1.0). Treating as an Input.
W0417 16:42:48.041000 2921105 torch/onnx/_internal/exporter/_schemas.py:455] Missing annotation for parameter 'boxes' from (input, boxes, output_size: 'Sequence[int]', spatial_scale: 'float' = 1.0). Treating as an Input.
/home/vd0034/.local/share/uv/python/cpython-3.12.12-linux-x86_64-gnu/lib/python3.12/copyreg.py:99: FutureWarning: `isinstance(treespec, LeafSpec)` is deprecated, use `isinstance(treespec, TreeSpec) and treespec.is_leaf()` instead.
  return cls.__new__(cls, *args)
Epoch [980/1000]  Loss: 3.3835
[torch.onnx] Obtain model graph for `GANGenerator([...]` with `torch.export.export(..., strict=False)`...
[torch.onnx] Obtain model graph for `GANGenerator([...]` with `torch.export.export(..., strict=False)`... ✅
[torch.onnx] Run decomposition...
[torch.onnx] Run decomposition... ✅
[torch.onnx] Translate the graph into ONNX...
[torch.onnx] Translate the graph into ONNX... ✅
Applied 3 of general pattern rewrite rules.
ONNX saved to /home/vd0034/shallow_learning/scripts/output_genmodel/gan/gan_epoch980.onnx
Epoch [981/1000]  Loss: 3.4105
Epoch [982/1000]  Loss: 3.4004
Epoch [983/1000]  Loss: 3.4159
Epoch [984/1000]  Loss: 3.3244
Epoch [985/1000]  Loss: 3.3492
Epoch [986/1000]  Loss: 3.2541
Epoch [987/1000]  Loss: 3.3200
Epoch [988/1000]  Loss: 3.4158
Epoch [989/1000]  Loss: 3.5464
/home/vd0034/shallow_learning/src/shallow_learning/deepl/gen_model.py:399: UserWarning: # 'dynamic_axes' is not recommended when dynamo=True, and may lead to 'torch._dynamo.exc.UserError: Constraints violated.' Supply the 'dynamic_shapes' argument instead if export is unsuccessful.
  torch.onnx.export(self.model.generator, dummy, filename,
W0417 16:43:07.516000 2921105 torch/onnx/_internal/exporter/_schemas.py:455] Missing annotation for parameter 'input' from (input, boxes, output_size: 'Sequence[int]', spatial_scale: 'float' = 1.0, sampling_ratio: 'int' = -1, aligned: 'bool' = False). Treating as an Input.
W0417 16:43:07.517000 2921105 torch/onnx/_internal/exporter/_schemas.py:455] Missing annotation for parameter 'boxes' from (input, boxes, output_size: 'Sequence[int]', spatial_scale: 'float' = 1.0, sampling_ratio: 'int' = -1, aligned: 'bool' = False). Treating as an Input.
W0417 16:43:07.517000 2921105 torch/onnx/_internal/exporter/_schemas.py:455] Missing annotation for parameter 'input' from (input, boxes, output_size: 'Sequence[int]', spatial_scale: 'float' = 1.0). Treating as an Input.
W0417 16:43:07.518000 2921105 torch/onnx/_internal/exporter/_schemas.py:455] Missing annotation for parameter 'boxes' from (input, boxes, output_size: 'Sequence[int]', spatial_scale: 'float' = 1.0). Treating as an Input.
/home/vd0034/.local/share/uv/python/cpython-3.12.12-linux-x86_64-gnu/lib/python3.12/copyreg.py:99: FutureWarning: `isinstance(treespec, LeafSpec)` is deprecated, use `isinstance(treespec, TreeSpec) and treespec.is_leaf()` instead.
  return cls.__new__(cls, *args)
Epoch [990/1000]  Loss: 3.5806
[torch.onnx] Obtain model graph for `GANGenerator([...]` with `torch.export.export(..., strict=False)`...
[torch.onnx] Obtain model graph for `GANGenerator([...]` with `torch.export.export(..., strict=False)`... ✅
[torch.onnx] Run decomposition...
[torch.onnx] Run decomposition... ✅
[torch.onnx] Translate the graph into ONNX...
[torch.onnx] Translate the graph into ONNX... ✅
Applied 3 of general pattern rewrite rules.
ONNX saved to /home/vd0034/shallow_learning/scripts/output_genmodel/gan/gan_epoch990.onnx
Epoch [991/1000]  Loss: 3.6245
Epoch [992/1000]  Loss: 3.5227
Epoch [993/1000]  Loss: 3.5716
Epoch [994/1000]  Loss: 3.4722
Epoch [995/1000]  Loss: 3.4810
Epoch [996/1000]  Loss: 3.4645
Epoch [997/1000]  Loss: 3.4841
Epoch [998/1000]  Loss: 3.5055
Epoch [999/1000]  Loss: 3.5660
/home/vd0034/shallow_learning/src/shallow_learning/deepl/gen_model.py:399: UserWarning: # 'dynamic_axes' is not recommended when dynamo=True, and may lead to 'torch._dynamo.exc.UserError: Constraints violated.' Supply the 'dynamic_shapes' argument instead if export is unsuccessful.
  torch.onnx.export(self.model.generator, dummy, filename,
W0417 16:43:27.839000 2921105 torch/onnx/_internal/exporter/_schemas.py:455] Missing annotation for parameter 'input' from (input, boxes, output_size: 'Sequence[int]', spatial_scale: 'float' = 1.0, sampling_ratio: 'int' = -1, aligned: 'bool' = False). Treating as an Input.
W0417 16:43:27.840000 2921105 torch/onnx/_internal/exporter/_schemas.py:455] Missing annotation for parameter 'boxes' from (input, boxes, output_size: 'Sequence[int]', spatial_scale: 'float' = 1.0, sampling_ratio: 'int' = -1, aligned: 'bool' = False). Treating as an Input.
W0417 16:43:27.840000 2921105 torch/onnx/_internal/exporter/_schemas.py:455] Missing annotation for parameter 'input' from (input, boxes, output_size: 'Sequence[int]', spatial_scale: 'float' = 1.0). Treating as an Input.
W0417 16:43:27.841000 2921105 torch/onnx/_internal/exporter/_schemas.py:455] Missing annotation for parameter 'boxes' from (input, boxes, output_size: 'Sequence[int]', spatial_scale: 'float' = 1.0). Treating as an Input.
/home/vd0034/.local/share/uv/python/cpython-3.12.12-linux-x86_64-gnu/lib/python3.12/copyreg.py:99: FutureWarning: `isinstance(treespec, LeafSpec)` is deprecated, use `isinstance(treespec, TreeSpec) and treespec.is_leaf()` instead.
  return cls.__new__(cls, *args)
/home/vd0034/shallow_learning/src/shallow_learning/deepl/gen_model.py:399: UserWarning: # 'dynamic_axes' is not recommended when dynamo=True, and may lead to 'torch._dynamo.exc.UserError: Constraints violated.' Supply the 'dynamic_shapes' argument instead if export is unsuccessful.
  torch.onnx.export(self.model.generator, dummy, filename,
W0417 16:43:28.490000 2921105 torch/onnx/_internal/exporter/_schemas.py:455] Missing annotation for parameter 'input' from (input, boxes, output_size: 'Sequence[int]', spatial_scale: 'float' = 1.0, sampling_ratio: 'int' = -1, aligned: 'bool' = False). Treating as an Input.
W0417 16:43:28.491000 2921105 torch/onnx/_internal/exporter/_schemas.py:455] Missing annotation for parameter 'boxes' from (input, boxes, output_size: 'Sequence[int]', spatial_scale: 'float' = 1.0, sampling_ratio: 'int' = -1, aligned: 'bool' = False). Treating as an Input.
W0417 16:43:28.491000 2921105 torch/onnx/_internal/exporter/_schemas.py:455] Missing annotation for parameter 'input' from (input, boxes, output_size: 'Sequence[int]', spatial_scale: 'float' = 1.0). Treating as an Input.
W0417 16:43:28.491000 2921105 torch/onnx/_internal/exporter/_schemas.py:455] Missing annotation for parameter 'boxes' from (input, boxes, output_size: 'Sequence[int]', spatial_scale: 'float' = 1.0). Treating as an Input.
/home/vd0034/.local/share/uv/python/cpython-3.12.12-linux-x86_64-gnu/lib/python3.12/copyreg.py:99: FutureWarning: `isinstance(treespec, LeafSpec)` is deprecated, use `isinstance(treespec, TreeSpec) and treespec.is_leaf()` instead.
  return cls.__new__(cls, *args)
Epoch [1000/1000]  Loss: 3.7067
[torch.onnx] Obtain model graph for `GANGenerator([...]` with `torch.export.export(..., strict=False)`...
[torch.onnx] Obtain model graph for `GANGenerator([...]` with `torch.export.export(..., strict=False)`... ✅
[torch.onnx] Run decomposition...
[torch.onnx] Run decomposition... ✅
[torch.onnx] Translate the graph into ONNX...
[torch.onnx] Translate the graph into ONNX... ✅
Applied 3 of general pattern rewrite rules.
ONNX saved to /home/vd0034/shallow_learning/scripts/output_genmodel/gan/gan_epoch1000.onnx
[torch.onnx] Obtain model graph for `GANGenerator([...]` with `torch.export.export(..., strict=False)`...
[torch.onnx] Obtain model graph for `GANGenerator([...]` with `torch.export.export(..., strict=False)`... ✅
[torch.onnx] Run decomposition...
[torch.onnx] Run decomposition... ✅
[torch.onnx] Translate the graph into ONNX...
[torch.onnx] Translate the graph into ONNX... ✅
Applied 3 of general pattern rewrite rules.
ONNX saved to /home/vd0034/shallow_learning/scripts/output_genmodel/gan/gan_model.onnx
PT weights saved to /home/vd0034/shallow_learning/scripts/output_genmodel/gan/gan_best.pt
Plot saved to /home/vd0034/shallow_learning/scripts/output_genmodel/gan/gan_loss.png

Done! Outputs saved to /home/vd0034/shallow_learning/scripts/output_genmodel/gan
